gene_id	gene_symbol	mean_expression	log2_fold_change	t_statistic	pvalue	padj
ENSG00000000371	FOXO3	8.3647	3.2735	17.6903	5.635951601226189e-11	2.1935123631972328e-07
ENSG00000002909	MYC	8.603	-2.2379	-15.9889	2.1805793174203498e-10	4.2434073517000006e-07
ENSG00000000209	NLRP3	7.5935	2.4697	15.1481	4.4686505196368475e-10	5.797329274142203e-07
ENSG00000001452	SCD	8.5647	-2.6533	-12.258	7.114961945776741e-09	6.922857973240768e-06
ENSG00000002358	CD4	7.3184	-2.082	-11.3721	1.8587218835550565e-08	1.4468291141592559e-05
ENSG00000000117	TWIST1	6.8055	3.2111	10.9412	3.032131833660025e-08	1.5990997298144256e-05
ENSG00000000837	ZEB2	7.8423	-2.0238	-10.8715	3.2869470294232795e-08	1.5990997298144256e-05
ENSG00000000843	PDHA1	4.9843	-2.4427	-11.1116	2.4940908482931688e-08	1.5990997298144256e-05
ENSG00000000962	MYD88	10.0083	-2.7031	-10.7059	3.987581292547643e-08	1.724407376732825e-05
ENSG00000002701	NDUFA1	9.0545	2.5164	10.4245	5.5680869079195445e-08	2.1670994245622865e-05
ENSG00000001060	AXIN2	10.7206	2.4409	10.3426	6.144671406622308e-08	2.1740964649612744e-05
ENSG00000003353	TSC1	6.8473	-2.1941	-10.0521	8.759174721952909e-08	2.84089233482006e-05
ENSG00000002498	NDUFS1	8.2484	2.2521	9.8175	1.1730050364719655e-07	3.3078998168680697e-05
ENSG00000001333	CD19	8.1532	2.3721	9.8061	1.1898920204561401e-07	3.3078998168680697e-05
ENSG00000003882	BRCA2	7.9199	2.2944	9.7267	1.3151867085543313e-07	3.412471113128971e-05
ENSG00000003832	GSR	6.2172	3.779	9.3589	2.108761063845371e-07	4.8278223885212846e-05
ENSG00000003525	HEY1	6.8567	2.9139	9.3942	2.0142434678379442e-07	4.8278223885212846e-05
ENSG00000003615	NFE2L2	4.6954	-2.8679	-9.297	2.2864798365471876e-07	4.9438775132453635e-05
ENSG00000000256	BID	6.4888	2.5009	9.159	2.7418180498821975e-07	5.616397815863954e-05
ENSG00000002441	TGFBR1	6.7935	-2.4429	-9.0387	3.2173058457915064e-07	6.260877175910272e-05
ENSG00000002143	TAZ	5.8257	-2.8569	-8.8076	4.39414553297511e-07	8.143816387780537e-05
ENSG00000002131	HNF4A	10.0353	1.6182	8.6578	5.395171795507412e-07	9.54454937641584e-05
ENSG00000003407	XRCC1	8.6383	2.6059	8.3513	8.274715593182843e-07	0.00014002257864638096
ENSG00000000856	SLC457	7.5942	-2.384	-8.3109	8.761816860112574e-07	0.00014208746341482558
ENSG00000002452	SIRT1	6.4997	-1.9381	-8.2682	9.309128427353886e-07	0.0001449245113570453
ENSG00000004126	STAT5A	6.0577	3.1475	8.2407	9.682232230059235e-07	0.00014493556861304056
ENSG00000000545	CCND1	11.8313	2.9779	8.0351	1.3013096464586376e-06	0.000187581375704334
ENSG00000000349	CASP8	7.3122	-2.7304	-7.8824	1.6263346459589559e-06	0.00021826532558869848
ENSG00000001064	G6PD	5.5611	2.0986	7.8917	1.604413041636149e-06	0.00021826532558869848
ENSG00000003104	FLT1	8.459	2.0321	7.8444	1.720079358640123e-06	0.00022315162879424532
ENSG00000000824	RNF51	6.1014	-1.8818	-7.7925	1.8570970451404854e-06	0.0002331555386995732
ENSG00000002834	PRKAA1	9.1232	-3.2291	-7.5665	2.603347404217368e-06	0.00031067230135936195
ENSG00000000268	PALB2	6.4148	-1.7671	-7.5587	2.634169050580407e-06	0.00031067230135936195
ENSG00000001212	TUBB851	9.1912	1.9851	7.535	2.730024531953561e-06	0.0003125075140695077
ENSG00000001011	KIF53	10.7856	1.7394	7.4834	2.9525058321467752e-06	0.00032831864853472145
ENSG00000000659	KEAP1	8.675	2.6883	7.4422	3.143608001609929e-06	0.00033067357681799574
ENSG00000000932	ANK809	8.3453	2.1519	7.4515	3.0989953643780554e-06	0.00033067357681799574
ENSG00000003382	COL1A1	7.3012	2.1432	7.3399	3.676418796803594e-06	0.00037654268308314707
ENSG00000002856	SOD2	6.9475	2.3293	7.0508	5.7664505276734644e-06	0.0005754621911206442
ENSG00000003278	SOD1	8.032	3.047	7.0167	6.084809857084479e-06	0.0005920519990943198
ENSG00000002470	LDHA	7.0481	-2.0658	-6.8411	8.04784486285698e-06	0.0007639563952741308
ENSG00000001434	CASP9	7.4552	-2.3285	-6.7604	9.164066476960752e-06	0.0008476455936558938
ENSG00000002948	SMAD2	7.5769	2.1438	6.7328	9.582838160549672e-06	0.0008476455936558938
ENSG00000003462	ESR1	6.6892	2.1349	6.7396	9.476689624457461e-06	0.0008476455936558938
ENSG00000000293	TET290	5.7098	2.2698	6.6755	1.0515685044123209e-05	0.000909489915371723
ENSG00000003169	CHEK2	4.8548	-2.5174	-6.6489	1.0980729110708376e-05	0.0009290651673668913
ENSG00000003842	MRPL474	6.9841	-1.8098	-6.6045	1.1806885586746527e-05	0.0009777106107152656
ENSG00000003903	UQCRC1	7.1288	-2.61	-6.5459	1.2996707778704493e-05	0.0010323099321370998
ENSG00000002379	USP194	8.0479	-1.6002	-6.5509	1.2890317716212889e-05	0.0010323099321370998
ENSG00000000088	SIRT505	7.0379	2.1599	6.5134	1.3712031489976637e-05	0.0010673445311797814
ENSG00000002056	FOXP3	5.4059	-2.763	-6.4971	1.408538905863631e-05	0.0010749085140433828
ENSG00000001689	ABC501	8.6064	1.4121	6.437	1.555763968745547e-05	0.001142459125727862
ENSG00000002276	HDAC429	5.7379	-1.7303	-6.4484	1.5267201878104055e-05	0.001142459125727862
ENSG00000002378	TGFB1	9.0832	1.7907	6.4218	1.5957092610976894e-05	0.0011500926748504088
ENSG00000002263	KIF679	7.7177	1.3154	6.3717	1.7342835145560533e-05	0.001227242079754938
ENSG00000002236	TLR4	10.8335	3.0189	6.2484	2.1324783955956366e-05	0.0014820724849389673
ENSG00000000229	RPL621	10.2165	-1.8853	-6.1997	2.3151879191293287e-05	0.0015808265581142714
ENSG00000003299	RPL630	6.078	-1.8597	-6.1028	2.729459711261986e-05	0.001800518168852822
ENSG00000001081	SKP377	5.6026	-1.3146	-6.1114	2.6895510855259573e-05	0.001800518168852822
ENSG00000003139	SDHB	6.5252	3.0268	6.0575	2.9490663730520734e-05	0.0018816010367079788
ENSG00000003417	HNF1A	6.2526	2.9864	6.0655	2.9088872794513075e-05	0.0018816010367079788
ENSG00000003503	SLC16A1	10.0437	2.4173	6.0406	3.0356861274368982e-05	0.0019056274851587754
ENSG00000001837	KRT581	5.1883	-2.153	-5.9559	3.5116542019375875e-05	0.0021694219291969984
ENSG00000003189	RPS385	8.3667	1.4863	5.9114	3.792386693037849e-05	0.0023062451577036415
ENSG00000002160	ID1	4.1957	-3.4315	-5.8019	4.5876328453946454e-05	0.0027469333898886093
ENSG00000002784	THRB	7.2158	2.0772	5.5903	6.659584921265798e-05	0.003927137047510074
ENSG00000001201	MRPL532	5.3845	-1.1783	-5.539	7.296718949766346e-05	0.004176298551836856
ENSG00000000832	SEC619	5.2893	-1.8076	-5.5414	7.265166389672302e-05	0.004176298551836856
ENSG00000001866	APC	8.3272	1.5211	5.5292	7.425006528167738e-05	0.004188134117047657
ENSG00000002070	MAPK339	7.1102	1.9785	5.5211	7.534030272434945e-05	0.0041889208314738295
ENSG00000000354	ADRB12	6.875	2.5572	5.4917	7.939404891126255e-05	0.004291689421703247
ENSG00000002563	ATM	8.6518	2.2186	5.4953	7.888882972134714e-05	0.004291689421703247
ENSG00000002451	HDAC584	6.5768	1.5069	5.4637	8.349099309575082e-05	0.0044513280154611255
ENSG00000003924	JAK1	5.3274	-2.5911	-5.4346	8.796578908302811e-05	0.004626525015015479
ENSG00000000955	CDH2	8.7473	1.7159	5.407	9.243121944188312e-05	0.004796564080904122
ENSG00000002543	ZNF700	3.3532	-1.6878	-5.3717	9.85068784691752e-05	0.0050445890921319726
ENSG00000003799	THBS1	3.9144	-2.0896	-5.3382	0.00010466866184564437	0.005290525089652569
ENSG00000002612	ACO2	2.6166	-2.5767	-5.284	0.0001154775646771596	0.005762034381070579
ENSG00000001814	CTGF	5.4179	-2.5433	-5.258	0.00012107615697095895	0.005931536069711132
ENSG00000002491	IL10	6.3656	2.6948	5.2541	0.00012192263247093797	0.005931536069711132
ENSG00000004060	MMP9	9.427	2.7516	5.2411	0.00012486219360346564	0.005962213449971497
ENSG00000000348	KDR	3.5343	-1.7182	-5.2378	0.00012561703568799145	0.005962213449971497
ENSG00000002943	ADRB441	7.0392	1.3207	5.1591	0.00014506086118262586	0.006802130984611805
ENSG00000000732	NOTCH2	4.9699	-1.9561	-5.1334	0.00015205161656236212	0.007045058234056111
ENSG00000003020	SMAD4	6.0581	2.2983	5.123	0.0001549820515863585	0.007058943431719001
ENSG00000001498	PGR	5.9771	2.306	5.1149	0.000157326871536917	0.007058943431719001
ENSG00000000581	ACTA2	8.1222	2.6609	5.1133	0.00015779241484058405	0.007058943431719001
ENSG00000002252	NR3C1	7.1022	-1.5693	-5.0992	0.00016192090757318316	0.007161320139486691
ENSG00000001762	BMP4	9.1512	2.4038	5.0822	0.00016709762373477428	0.007307235410963388
ENSG00000001307	VIM	7.9879	1.9875	5.0063	0.0001922569169369987	0.008314043563542211
ENSG00000001766	KMT2454	9.8201	0.9535	4.9291	0.00022191540857653908	0.009491151320658132
ENSG00000000793	YAP1	8.6093	1.9557	4.9155	0.0002276110220075154	0.009628935844057065
ENSG00000002064	SMARC187	10.3285	1.5651	4.9067	0.00023140170460611068	0.009684036928247127
ENSG00000003314	ARID74	4.4187	-2.3355	-4.8931	0.0002373233759165289	0.009826197649650323
ENSG00000001609	SLC7A11	4.6455	-2.2863	-4.8489	0.0002577805585584848	0.010560862462206557
ENSG00000003390	KRAS	6.9624	2.311	4.8319	0.0002661162220650184	0.01078879516955262
ENSG00000001739	SMARC18	6.4706	2.0576	4.7887	0.0002886571390840436	0.011581995724897915
ENSG00000002546	DHX301	6.2441	-2.0245	-4.6919	0.00034642671301863767	0.013758089459883039
ENSG00000000300	SCN138	7.5143	-1.4462	-4.5679	0.0004384521412064381	0.017236926601772295
ENSG00000002585	CXCL8	7.1966	2.1325	4.5589	0.0004460994562193879	0.017362190836058576
ENSG00000001101	LDHB	7.23	1.9069	4.5496	0.00045401563194808267	0.01749533504496968
ENSG00000001622	PPP2R890	11.9371	0.9604	4.4826	0.0005161282305289558	0.019693834051163685
ENSG00000000513	NQO1	5.6943	-1.1803	-4.4762	0.0005224243728686428	0.01974054038062872
ENSG00000000207	RAB807	4.4702	-1.9685	-4.4418	0.0005581377569246013	0.020887232211062964
ENSG00000000910	SNX45	1.438	1.5893	4.3981	0.0006070802811626999	0.022502442421764073
ENSG00000002392	MMP438	6.7908	1.7857	4.3695	0.0006414167268205064	0.023550885856466138
ENSG00000003092	RAB11FIP173	5.7722	1.871	4.3373	0.0006825056687782291	0.02440513395015275
ENSG00000001234	CHRM219	9.0962	0.965	4.3425	0.0006756998310526108	0.02440513395015275
ENSG00000002600	JAK2	9.6814	-0.8093	-4.3366	0.0006834942447499101	0.02440513395015275
ENSG00000000748	ZNF338	2.1665	-2.0635	-4.3199	0.0007058561217414624	0.024974472961979747
ENSG00000003378	DHX365	5.1418	-1.3849	-4.3079	0.0007224105718011115	0.025329927436485822
ENSG00000000214	BRCA1	4.0971	-2.0313	-4.2229	0.0008517952985866187	0.029599886625885
ENSG00000001589	CCL2	5.4883	2.32	4.1255	0.0010296407353017193	0.03546337824596718
ENSG00000001448	BCL2L1	14.7218	2.2632	4.0893	0.0011050127667638434	0.037725523581095426
ENSG00000003596	KCN832	7.6918	1.4937	4.0634	0.001162322786736266	0.03933704596502215
ENSG00000004062	ID2	5.958	-1.6343	-4.0349	0.0012291148241932166	0.04123892151517241
ENSG00000002382	RPS68	9.7312	1.3104	4.0021	0.0013105220788440079	0.043594460947528876
ENSG00000002624	MRPL673	6.7587	1.1194	3.9728	0.0013881637708749624	0.045785876239367404
ENSG00000003488	BRD723	5.2473	1.9001	3.9551	0.0014373134952491945	0.047008606079914826
ENSG00000000957	RPS6KB1	7.4283	1.7559	3.9469	0.0014606795444056422	0.04737470655688966
ENSG00000000310	VCL821	6.5347	1.5341	3.891	0.0016302322944352994	0.05236782948469384
ENSG00000001778	PPP2R135	5.0622	0.9239	3.8875	0.0016415403898079775	0.05236782948469384
ENSG00000001909	WNT5A	3.6275	-2.5014	-3.8354	0.0018191488495759539	0.05709780098830333
ENSG00000002048	ATAD627	6.6872	1.1639	3.8355	0.0018188361341424418	0.05709780098830333
ENSG00000001164	HTR301	9.253	-0.6585	-3.8038	0.0019361851707129728	0.060285061475319125
ENSG00000001710	ADIPOQ	4.4042	-1.9669	-3.7467	0.0021675675164077434	0.06695375217348362
ENSG00000000698	HTR743	6.4071	1.7572	3.7393	0.002199277907802017	0.06739834344224764
ENSG00000001090	SDHA	4.9479	-1.8758	-3.7247	0.0022637045915260786	0.06883076773608983
ENSG00000000352	TOMM106	5.9968	1.8077	3.7117	0.002323097515502295	0.07008911263825529
ENSG00000004119	GABR69	3.1004	-1.1566	-3.6928	0.0024113491082805643	0.0721920825340612
ENSG00000003816	MSH2	8.607	1.7599	3.6795	0.0024756093277712187	0.07355016415027163
ENSG00000003441	USP895	5.3521	1.4862	3.6633	0.0025567490276967395	0.07538535769542205
ENSG00000003687	TNF	8.0267	-1.278	-3.6457	0.0026473055230814423	0.07746851951754115
ENSG00000001927	HTR771	9.6009	0.6321	3.5671	0.003093816766485982	0.08985921533704061
ENSG00000000074	UGT290	7.002	1.6791	3.5443	0.0032374965927230823	0.09333582769539434
ENSG00000001657	SPTB516	8.5174	1.5262	3.5388	0.0032727676444452582	0.09365890935427165
ENSG00000000877	VCL312	2.1137	-1.663	-3.5207	0.0033926750755537034	0.09638168900770083
ENSG00000001737	JAG1	5.8407	2.0884	3.5113	0.0034566433046419936	0.09748736044685971
ENSG00000000773	BRAF	1.1088	-0.9845	-3.5041	0.003506231565417756	0.09817448383169716
ENSG00000000817	CCNB672	2.1408	1.5365	3.4591	0.003834606198862423	0.10660205232837536
ENSG00000000397	COPB747	5.1149	1.1513	3.3402	0.004857816554574233	0.13408951794611995
ENSG00000004108	BIRC5	6.0265	2.304	3.334	0.004918432873674979	0.1348066249601621
ENSG00000000062	EIF120	7.728	-1.7255	-3.3267	0.004989817477542765	0.13580678057759749
ENSG00000003053	SMARC305	4.4385	-1.554	-3.3155	0.005102630589429271	0.13791276565318558
ENSG00000000891	DNMT509	3.027	-1.6506	-3.2579	0.005722297946190885	0.1535943697005167
ENSG00000002188	PXN63	2.445	-1.6926	-3.2372	0.005962650992326232	0.158949573028313
ENSG00000004019	CCNB72	2.218	1.1545	3.2292	0.006058751628415433	0.16041266216185623
ENSG00000003647	KRT271	7.5464	-1.1851	-3.2148	0.006233863902263377	0.16393377234870987
ENSG00000002129	GNA192	6.8321	-1.4889	-3.2051	0.006356084623381974	0.16602604935706472
ENSG00000001280	KDM444	7.8978	0.9045	3.1792	0.006692069891663983	0.1727466131998944
ENSG00000001454	ARF722	2.3569	1.5218	3.1784	0.0067021424956793555	0.1727466131998944
ENSG00000001456	GNA792	6.6246	0.6997	3.1678	0.006845524598607303	0.17485389442784
ENSG00000001004	CYP602	8.0389	0.8959	3.1657	0.006873752787117039	0.17485389442784
ENSG00000002781	SPTB4	5.9594	-0.9833	-3.1412	0.00721706741999856	0.18239497661450907
ENSG00000003065	GABR833	1.7326	-1.274	-3.1252	0.007449650651877673	0.18705832475553485
ENSG00000003661	ABC613	4.588	-0.7221	-3.0938	0.007929771122569504	0.19783762313487505
ENSG00000002657	TLN828	7.5104	1.0351	3.0665	0.008371537098640535	0.20621533156904406
ENSG00000001115	FBXO114	5.6293	1.4254	3.0681	0.00834377889898711	0.20621533156904406
ENSG00000003245	TRIM147	7.3359	0.8424	3.0622	0.008442072044331327	0.20664493331155676
ENSG00000001326	GNA272	5.48	1.2751	3.0425	0.008780270453747786	0.21358007878741486
ENSG00000003450	ARF433	8.996	1.1453	3.0094	0.009375115543490093	0.22663322792089097
ENSG00000002457	H2AF389	4.1146	-1.3737	-3.0015	0.009523520201171181	0.22879963347505086
ENSG00000000019	GATA3	3.8077	-1.3222	-2.9836	0.009866577573976893	0.23558723876023355
ENSG00000000372	SIRT632	8.6085	0.7355	2.9762	0.010012007724309093	0.23616202462430902
ENSG00000003857	GABR684	4.3696	1.0107	2.9789	0.009958857614855696	0.23616202462430902
ENSG00000002682	SMARC569	4.7827	1.6277	2.9684	0.010168831043662183	0.23841620736104346
ENSG00000002568	VCL93	1.5188	1.5819	2.9521	0.01050159581501511	0.24474377791640006
ENSG00000003707	TRIM687	4.6622	-1.6459	-2.9421	0.010712019235246985	0.24524222860930156
ENSG00000003527	TLN562	12.1759	1.4328	2.9435	0.010682440521150405	0.24524222860930156
ENSG00000003178	SLC2A1	9.0709	1.4078	2.9438	0.010676455757627955	0.24524222860930156
ENSG00000003955	PLC505	5.7352	1.1251	2.9358	0.01084557973194667	0.24589817042158083
ENSG00000002344	UGT698	3.1443	-1.4748	-2.9348	0.01086703116971015	0.24589817042158083
ENSG00000002272	ANK819	3.1659	1.7735	2.907	0.01148241642172007	0.2514073094444158
ENSG00000000353	CEBPA	3.1211	-2.2039	-2.9056	0.011514862905696293	0.2514073094444158
ENSG00000000448	INS	1.7616	-1.2825	-2.9035	0.011562669165095176	0.2514073094444158
ENSG00000003749	CDK6	6.0584	1.6631	2.9082	0.011455792608486606	0.2514073094444158
ENSG00000000071	RNF636	5.4812	1.4669	2.9063	0.011498037070531254	0.2514073094444158
ENSG00000000377	DRD848	1.0713	1.3933	2.916	0.011280163877916662	0.2514073094444158
ENSG00000000831	RNF177	4.9085	-1.767	-2.918	0.011236156671210059	0.2514073094444158
ENSG00000000643	TOMM70	1.7758	1.5153	2.8854	0.011982250470150644	0.25908288238792393
ENSG00000000890	EZH850	1.4679	-1.2346	-2.8658	0.012455607918480575	0.26782997800401326
ENSG00000003465	MAPK727	6.3143	1.2392	2.828	0.013420298663690846	0.2869879252696965
ENSG00000003093	KDM500	6.2301	-0.6248	-2.8088	0.013937830682023861	0.29642643177287903
ENSG00000001336	ACTN393	10.253	0.5935	2.8024	0.014113215699056898	0.2969115432471862
ENSG00000002858	CACN792	6.7148	-1.2562	-2.804	0.014070452434517981	0.2969115432471862
ENSG00000003375	ARID207	5.4038	0.8894	2.7962	0.014286722144341896	0.2989458203536487
ENSG00000002830	COL618	2.8406	1.2091	2.7796	0.014759837559417947	0.3071940523061746
ENSG00000000489	CACN451	3.2163	-1.3562	-2.7741	0.014921760929183087	0.3072777435787332
ENSG00000003183	ARF659	1.8875	-1.4793	-2.7751	0.014893447170702272	0.3072777435787332
ENSG00000001266	SEC722	10.0155	-0.3677	-2.7603	0.015330798124840115	0.3140392963256723
ENSG00000002059	VCL472	4.0667	-1.1334	-2.7523	0.015575340624585496	0.31672882080455017
ENSG00000001564	KRT743	7.4448	0.5897	2.748	0.0157062339196501	0.31672882080455017
ENSG00000002098	ARF640	4.4037	-0.9843	-2.7498	0.015652274401572575	0.31672882080455017
ENSG00000000457	EZH329	4.4897	-1.6229	-2.7191	0.01662341874409589	0.3320430365616825
ENSG00000004023	SNX412	5.5138	-0.6812	-2.7161	0.016721591769293363	0.3320430365616825
ENSG00000001075	SKP516	2.1997	1.3704	2.7175	0.016676598826003287	0.3320430365616825
ENSG00000004153	GRIN9	8.2373	-1.2338	-2.7119	0.016860342145764335	0.33309873924525274
ENSG00000001562	CACN266	1.4185	-0.9988	-2.7086	0.01696811943588501	0.33353495375992154
ENSG00000002930	DYNC440	2.7014	-1.6386	-2.6979	0.01732905887917676	0.335545757003761
ENSG00000001154	SEC827	6.6427	-0.8142	-2.6986	0.01730300327000994	0.335545757003761
ENSG00000002127	VCL160	6.6965	-0.613	-2.6996	0.01727028854480185	0.335545757003761
ENSG00000002548	CUL883	4.2649	-1.3942	-2.6845	0.017787265444659802	0.3411892321861344
ENSG00000001484	RPL670	5.5515	-1.1159	-2.6843	0.01779584124711852	0.3411892321861344
ENSG00000002266	DUSP429	5.2189	-0.9658	-2.6785	0.01799653120670213	0.34334558557100336
ENSG00000003125	SNX213	7.2647	0.8178	2.6687	0.018345456364003455	0.3466044474208808
ENSG00000001148	HDAC126	4.5754	0.9407	2.6689	0.018339161867940393	0.3466044474208808
ENSG00000000174	CCNB746	6.2513	-1.7019	-2.6535	0.01889810255346057	0.35532084607762576
ENSG00000002316	KRT645	1.9543	-1.1002	-2.6489	0.01907097077764492	0.35684720320477903
ENSG00000000225	ADAM372	3.9334	1.7284	2.6424	0.019313417458851952	0.359654644736133
ENSG00000000931	MRPL368	5.6288	0.768	2.636	0.019554977623117406	0.3624189186151093
ENSG00000002759	TSC2	6.2774	1.6075	2.6116	0.020510708416012834	0.3769187791550985
ENSG00000003826	UBE2551	10.944	-0.5636	-2.611	0.020531033191387688	0.3769187791550985
ENSG00000000661	PLC306	2.7835	-1.8915	-2.6052	0.020766766417878696	0.3794565957670605
ENSG00000003850	ANK320	6.7148	1.3738	2.5902	0.021382883090989888	0.3888886962155731
ENSG00000001449	GABR452	9.0935	0.6092	2.5862	0.021546565231075142	0.3891389749548046
ENSG00000001668	TOMM459	4.6983	0.9346	2.585	0.021596613204069318	0.3891389749548046
ENSG00000002540	RHO624	1.4539	1.6844	2.5785	0.02187129210716056	0.39093308547576766
ENSG00000000976	CCR7	6.359	1.2606	2.5779	0.02189707416077013	0.39093308547576766
ENSG00000002808	RNF326	7.6763	-0.448	-2.5715	0.022172962964813307	0.3940510130550383
ENSG00000002986	PPP2R563	6.2313	0.7218	2.5507	0.02308559982302237	0.40840524777819576
ENSG00000002623	GABR22	2.197	1.5575	2.5415	0.02350376669558488	0.4139215383674948
ENSG00000001753	OR553	5.2266	1.1598	2.5291	0.02407439173936497	0.4196639743459391
ENSG00000001142	SKP714	8.3498	0.8313	2.5209	0.024459996368268157	0.4196639743459391
ENSG00000003345	EIF228	6.6303	1.3973	2.5231	0.024354482398819495	0.4196639743459391
ENSG00000000180	DUSP23	4.2356	1.2433	2.5205	0.024476804259128515	0.4196639743459391
ENSG00000003461	SNX479	6.2117	-0.7212	-2.5241	0.02430740585883701	0.4196639743459391
ENSG00000001722	SMARC627	7.5185	0.5915	2.5244	0.02429408633089933	0.4196639743459391
ENSG00000001744	PPP1R889	5.8297	0.9348	2.5121	0.024877450630615857	0.4238667226615946
ENSG00000001597	PLC814	1.8026	1.2026	2.5108	0.024939742931527537	0.4238667226615946
ENSG00000003083	KDM662	5.779	0.7965	2.4941	0.02576041184946609	0.43591096920922623
ENSG00000001035	VCL292	6.5886	0.8176	2.4891	0.026007113865107685	0.43818046390908705
ENSG00000001548	SEC633	5.2531	-0.9434	-2.4639	0.027303665074264228	0.4561758856941655
ENSG00000001203	MYO655	5.9361	-1.0167	-2.4638	0.0273096046677134	0.4561758856941655
ENSG00000001168	ADAM229	6.8594	-0.7886	-2.4598	0.02751755614678234	0.4576851646293883
ENSG00000002993	TET777	1.858	-1.4234	-2.4374	0.02873205699577127	0.4758517694789012
ENSG00000002820	CHRM261	4.9231	-0.9327	-2.4217	0.02961238564083396	0.48424960047952004
ENSG00000003618	KCN836	5.3975	0.7025	2.4242	0.02947009004383136	0.48424960047952004
ENSG00000000864	RAB11FIP442	3.3015	-1.2988	-2.4235	0.0295099575715364	0.48424960047952004
ENSG00000002259	COPB101	1.3545	-1.087	-2.4183	0.029805654942828445	0.4843945302321645
ENSG00000002267	UBE2818	3.9455	0.8642	2.415	0.02999462533040895	0.4843945302321645
ENSG00000000921	SEC594	6.5059	-0.734	-2.4166	0.029901544929408733	0.4843945302321645
ENSG00000003716	CHRM462	4.227	1.3488	2.4097	0.030299476680913307	0.48729571587650655
ENSG00000002500	KRT386	2.3127	-1.5164	-2.4033	0.030674664138989203	0.4912995589668559
ENSG00000003387	ANK564	2.6057	1.1905	2.401	0.030811416053150492	0.4914673413068103
ENSG00000000529	RNF448	3.2284	-1.2376	-2.396	0.031108457182974957	0.4941800626781165
ENSG00000002523	TIMM572	4.7802	2.0158	2.3937	0.031241781773333144	0.49428054740574223
ENSG00000001610	KDM609	7.8936	-0.6837	-2.3915	0.03137574803877005	0.4943903294206196
ENSG00000002780	MRPL657	4.6737	1.373	2.3775	0.032225053391576	0.505725434677475
ENSG00000004132	PXN361	6.5605	1.3643	2.3699	0.03269583197826442	0.5090087122376206
ENSG00000001340	ZNF88	4.9019	0.8804	2.3709	0.032633467443833185	0.5090087122376206
ENSG00000000493	USP830	4.2907	-0.8922	-2.3671	0.03287132815132321	0.5097020285456172
ENSG00000000572	GRIN527	1.7646	1.0559	2.3627	0.03315317961031871	0.5120324406482556
ENSG00000002196	FBXO679	4.1077	1.2582	2.3385	0.0347180332668766	0.5319786829711958
ENSG00000001895	COL580	3.0148	-1.4688	-2.3398	0.0346280734512113	0.5319786829711958
ENSG00000001495	DHX312	3.3929	-1.0395	-2.3311	0.03520630538021192	0.537344864861901
ENSG00000003679	CYP420	5.8551	1.0953	2.3276	0.03544429643407459	0.5388640692242902
ENSG00000000699	COPB184	7.2286	-0.5245	-2.32	0.035956397806018725	0.5403177616255787
ENSG00000001937	SLC737	9.1386	0.5875	2.3222	0.03580736695510673	0.5403177616255787
ENSG00000003163	RAB11FIP122	8.2042	0.7855	2.3202	0.03594270700059318	0.5403177616255787
ENSG00000000993	SUZ852	5.5536	0.9244	2.3171	0.036159875570817915	0.5412855220062436
ENSG00000001507	MRPS87	4.7796	1.3677	2.3039	0.03707473072852062	0.5528538390628438
ENSG00000002462	KIF240	7.7942	-0.5913	-2.3008	0.037295414674193096	0.5540219614960288
ENSG00000000983	PPP1R573	4.3405	-1.1948	-2.2963	0.03761663951018184	0.5566690531316644
ENSG00000002029	ZNF500	6.5926	0.6451	2.2879	0.0382158386355434	0.5570638350918911
ENSG00000000098	RAB11FIP674	4.0673	-1.0512	-2.2909	0.03800099554657539	0.5570638350918911
ENSG00000003030	KDM691	9.6575	-0.4495	-2.2917	0.037945551232595694	0.5570638350918911
ENSG00000004106	MYO766	4.27	1.1919	2.2898	0.038080081959277236	0.5570638350918911
ENSG00000002756	HTR484	6.1162	0.8819	2.2675	0.03972328817011917	0.5577494574944352
ENSG00000003508	RNF113	1.5471	-1.2614	-2.266	0.039831127178006145	0.5577494574944352
ENSG00000000944	PXN313	3.1106	-1.4833	-2.2699	0.03954235597824001	0.5577494574944352
ENSG00000003579	CDC399	4.8775	0.8345	2.277	0.03901322849354	0.5577494574944352
ENSG00000003646	GRIN438	1.0357	-1.0178	-2.2755	0.03912448298307972	0.5577494574944352
ENSG00000000439	MRPL201	3.5553	1.0935	2.2686	0.03963555642053608	0.5577494574944352
ENSG00000002980	RHO401	5.0583	-1.3379	-2.2812	0.03870656320646223	0.5577494574944352
ENSG00000002241	SIRT779	4.8837	1.3688	2.2793	0.038841325311214106	0.5577494574944352
ENSG00000001346	MRPS597	8.7448	0.5518	2.2659	0.03983924696388823	0.5577494574944352
ENSG00000002650	KRT179	1.2834	-1.144	-2.2693	0.03958838078898171	0.5577494574944352
ENSG00000001185	CUL688	6.6249	0.4859	2.2783	0.038917846998938695	0.5577494574944352
ENSG00000002145	ADAM435	10.8948	0.3543	2.2615	0.040172256520661816	0.5583943656371992
ENSG00000003161	ATAD25	5.2934	0.8136	2.2618	0.04014837508842502	0.5583943656371992
ENSG00000002658	ANAPC628	2.48	1.0807	2.2582	0.040426593462916924	0.559929899493497
ENSG00000001128	CHRM539	6.3119	0.8438	2.252	0.040900880533951946	0.5644901668019183
ENSG00000001237	COL741	2.0885	-1.2827	-2.2389	0.04191859221839654	0.5764917346784428
ENSG00000001540	HTR264	6.772	-0.8653	-2.2286	0.042740728107434026	0.5857285696976522
ENSG00000001131	OR887	4.8518	0.5227	2.2153	0.043822125282921835	0.5942707721293791
ENSG00000002826	TLN425	1.6066	-1.56	-2.2167	0.04371286687594533	0.5942707721293791
ENSG00000003472	MRPS327	5.4784	0.7589	2.2165	0.04372372180308689	0.5942707721293791
ENSG00000002942	MAPK39	3.2326	1.361	2.2132	0.04400116211097598	0.5946268157497171
ENSG00000000752	SPTB533	9.0588	0.4738	2.2066	0.04454388649748461	0.5998782223121457
ENSG00000003730	USP310	6.7618	-0.601	-2.204	0.04476675779838874	0.6008007632804447
ENSG00000000095	BRD275	6.0077	0.796	2.1982	0.045255968816723675	0.605279143074531
ENSG00000001136	SEC744	5.3457	1.1861	2.1936	0.04564588444658025	0.6084033639249669
ENSG00000000995	CACN823	2.9495	-1.4038	-2.1882	0.04610855736738728	0.6124727142452945
ENSG00000000642	CUL518	8.9375	-0.4095	-2.1828	0.04657835531610424	0.6166087037084276
ENSG00000000476	SNX867	7.7747	-0.4822	-2.1771	0.047077659564960066	0.6211059356841511
ENSG00000001800	TLN281	1.2803	-0.9239	-2.1744	0.04731453024898025	0.6221221342196998
ENSG00000000683	USP346	1.6037	-1.4099	-2.1716	0.047563772392319244	0.623293609935712
ENSG00000000239	MAPK713	8.8231	-0.4032	-2.1578	0.048804475163111184	0.6374060984390226
ENSG00000003329	H2AF525	5.7155	-0.7245	-2.156	0.04896880141970247	0.6374132947340536
ENSG00000001177	VCL715	4.6895	-1.0292	-2.1523	0.04930404737532147	0.6396378412825039
ENSG00000002298	MAPK471	6.2219	-0.6316	-2.1387	0.05056601213402967	0.6538302964307092
ENSG00000002124	KDM86	9.2666	0.5414	2.1331	0.05110081840910903	0.6585575670471933
ENSG00000003735	PPP2R659	6.401	0.9927	2.1237	0.05200154003984722	0.6679537750332851
ENSG00000002967	UBE2285	6.1359	-0.6558	-2.1173	0.0526227319819301	0.673709450242342
ENSG00000002030	PPP2R829	7.0219	-0.7006	-2.1095	0.05339057068023066	0.6746626658683693
ENSG00000000673	MRPL697	6.3839	-0.6302	-2.1106	0.05328035200441389	0.6746626658683693
ENSG00000003628	ADRB858	7.7411	-0.5768	-2.1102	0.05331805146314936	0.6746626658683693
ENSG00000002670	GABR211	4.4322	-0.9816	-2.112	0.05313499566035665	0.6746626658683693
ENSG00000001705	DHX870	5.0743	0.7829	2.101	0.05423076279491998	0.6830619054945908
ENSG00000002244	TOMM770	1.7769	1.5383	2.0936	0.05497659432874106	0.6902222746047103
ENSG00000001324	CDC210	1.9729	-1.374	-2.0857	0.05579185795876485	0.6978685999673823
ENSG00000001352	CDC26	5.1994	-0.8921	-2.079	0.05648217086066943	0.6978685999673823
ENSG00000003453	ARID858	4.514	-0.9558	-2.0797	0.056409541981593904	0.6978685999673823
ENSG00000003784	SIRT104	2.6307	1.3541	2.0796	0.05641851555894781	0.6978685999673823
ENSG00000000408	SIRT743	3.3348	1.2351	2.0828	0.056090317857946125	0.6978685999673823
ENSG00000002420	PPP2R847	6.8364	0.7801	2.0766	0.056736210189094874	0.6987890191644217
ENSG00000001462	ABC607	4.4176	-0.8973	-2.0662	0.057833322813234514	0.7100545501233714
ENSG00000000550	ARID241	7.9849	-0.4391	-2.06	0.058490591379995426	0.7136218860531104
ENSG00000002250	PPP1R706	9.5307	0.6249	2.0601	0.05847955183825775	0.7136218860531104
ENSG00000003143	SNX446	1.3729	-1.0874	-2.0568	0.058840497905885934	0.7156475557803377
ENSG00000003395	ANAPC61	7.3097	0.5464	2.0456	0.06005806612499118	0.7281806646681173
ENSG00000001948	PPP1R681	1.713	1.07	2.0409	0.06058443295350563	0.732281407003242
ENSG00000001113	SUZ684	5.5613	0.5866	2.0324	0.061532194649601524	0.7344195559992184
ENSG00000002844	ADAM307	3.9138	0.7372	2.0309	0.06170482908832076	0.7344195559992184
ENSG00000000727	CACN35	2.2374	0.8187	2.034	0.06135975692297276	0.7344195559992184
ENSG00000003744	ATAD50	4.794	-0.755	-2.0312	0.06166617083961138	0.7344195559992184
ENSG00000001196	SCN725	4.1211	-0.6814	-2.0342	0.0613310405154784	0.7344195559992184
ENSG00000002972	SNX357	2.0167	0.8961	2.0288	0.06194487030514453	0.7350287659378735
ENSG00000002507	UGT525	8.2235	0.4966	2.0161	0.06339553939041165	0.7429731839010791
ENSG00000000445	DUSP640	8.7794	-0.4613	-2.0161	0.06339849122016003	0.7429731839010791
ENSG00000003539	MRPL846	6.7965	0.5607	2.0177	0.06320981841284166	0.7429731839010791
ENSG00000000578	SMARC753	3.333	-1.2321	-2.0146	0.06356887724539038	0.7429731839010791
ENSG00000002021	ABC111	1.6708	0.7622	2.0173	0.06325546649774352	0.7429731839010791
ENSG00000002116	TLN535	2.6801	-1.0865	-2.0118	0.06389402798428884	0.7433114178205719
ENSG00000002467	PPP2R325	5.5728	0.6364	2.0038	0.06483805823670215	0.7433114178205719
ENSG00000003487	SCN416	4.545	0.8611	2.0039	0.06482167897158399	0.7433114178205719
ENSG00000003531	KIF69	2.881	0.9105	2.0047	0.06473081995001741	0.7433114178205719
ENSG00000002063	VCL460	9.1346	-0.4638	-2.003	0.06493470762050217	0.7433114178205719
ENSG00000002941	SCN420	3.6117	-0.8867	-2.0038	0.0648383034871039	0.7433114178205719
ENSG00000002989	TLN184	4.7031	-0.7505	-2.0103	0.06407818198745485	0.7433114178205719
ENSG00000000362	SCN240	2.3824	1.3767	1.9948	0.06591393397219135	0.7523080088556268
ENSG00000000644	ABC665	7.4311	-0.5944	-1.9906	0.06641765275228997	0.7558406564675806
ENSG00000003086	VPS770	2.8062	-0.9854	-1.9844	0.06717227167432176	0.7621996541004672
ENSG00000001308	KCN126	5.4211	-0.6945	-1.9819	0.06747358016185324	0.7633929476451536
ENSG00000004009	MRPS476	5.0654	0.8909	1.9767	0.06812145742378499	0.7684890211402062
ENSG00000000839	DRD805	8.7854	0.6066	1.9702	0.06892621644756834	0.7739587396809879
ENSG00000003950	VCL708	1.4639	0.8336	1.9696	0.06900402946282189	0.7739587396809879
ENSG00000000244	ATAD79	4.8928	-0.8865	-1.9559	0.07073226510821219	0.7813774518831412
ENSG00000002170	RPS162	2.9006	1.1518	1.9619	0.06996850407859102	0.7813774518831412
ENSG00000000469	GNA742	3.7162	-1.3169	-1.9591	0.07032035381816716	0.7813774518831412
ENSG00000003957	HDAC567	7.8413	-0.6099	-1.9584	0.07041356863170121	0.7813774518831412
ENSG00000000481	RPS120	1.4315	0.6569	1.9531	0.07109148423878567	0.7813774518831412
ENSG00000000866	GABR161	6.3436	-0.6231	-1.9557	0.07075405789166772	0.7813774518831412
ENSG00000002406	SLC548	9.3085	-1.2476	-1.9517	0.07127158155665857	0.7813774518831412
ENSG00000000260	TIMM841	7.425	-0.5731	-1.954	0.07097768890982357	0.7813774518831412
ENSG00000000684	SIRT308	4.3439	1.0417	1.9474	0.07183004399306156	0.7841057918079817
ENSG00000000102	MRPL211	5.6998	-0.6223	-1.942	0.07252777108193048	0.7841057918079817
ENSG00000001694	VPS207	1.6868	-1.1192	-1.9451	0.0721346540004493	0.7841057918079817
ENSG00000003571	ADRB840	6.379	0.3492	1.9431	0.07239275339515526	0.7841057918079817
ENSG00000002935	KRT80	2.2647	1.1147	1.9428	0.07242633283605708	0.7841057918079817
ENSG00000003747	TLN29	3.5951	0.9385	1.9393	0.07289365985275222	0.7850430560295758
ENSG00000000253	GNA598	7.847	-0.622	-1.9383	0.07301787931210339	0.7850430560295758
ENSG00000001903	GABR478	2.6505	1.2138	1.9352	0.07343217115400483	0.7873223419597432
ENSG00000003622	COPB115	9.4838	-0.2412	-1.929	0.07426053805154154	0.789677634143715
ENSG00000000316	HDAC865	2.5578	0.878	1.9295	0.07418519562681061	0.789677634143715
ENSG00000002235	SIRT782	5.0853	0.6566	1.931	0.07398098243123565	0.789677634143715
ENSG00000003515	SLC521	5.1417	-0.8797	-1.9264	0.07459925047112405	0.7911179368763347
ENSG00000003791	RNF85	2.6582	-0.8459	-1.9242	0.07489506049234684	0.792096672381016
ENSG00000001730	CDC725	5.557	-0.6332	-1.9214	0.07527565424582619	0.7939643531836194
ENSG00000001607	SIRT752	5.9115	0.8252	1.9171	0.07586234230149229	0.7979898276686702
ENSG00000002508	TMEM393	2.0123	1.1906	1.9098	0.07686598955682514	0.8063677395017883
ENSG00000003279	VPS747	3.8003	-0.8672	-1.9048	0.07755684658507525	0.8092526726785868
ENSG00000003895	TIMM784	9.1582	0.3464	1.9059	0.07740462964057765	0.8092526726785868
ENSG00000002335	RHO538	2.6615	1.3663	1.8993	0.0783210719287088	0.8114306284261009
ENSG00000001516	GRIN536	3.7424	-1.3003	-1.8974	0.0785995238737513	0.8114306284261009
ENSG00000002513	OR97	9.0515	0.3773	1.898	0.0785085587593321	0.8114306284261009
ENSG00000004166	RPS646	8.1948	-0.4602	-1.9008	0.07810976192890726	0.8114306284261009
ENSG00000000759	RAB11FIP479	4.4053	-0.8263	-1.8931	0.07920096881019856	0.8119895541165795
ENSG00000001395	CCNB831	3.5254	0.8317	1.8946	0.0789904206514316	0.8119895541165795
ENSG00000001953	HTR340	2.1616	1.1716	1.8926	0.07927955564344816	0.8119895541165795
ENSG00000001759	PPP2R886	4.893	-0.8792	-1.8867	0.08011382179002428	0.8172107048102626
ENSG00000003693	MRPS153	3.0765	-1.0146	-1.8827	0.080690098276291	0.8172107048102626
ENSG00000001077	PPP1R769	4.1779	-1.0038	-1.8823	0.08074470121780578	0.8172107048102626
ENSG00000002383	OR411	4.0769	1.2086	1.8817	0.08083918842547562	0.8172107048102626
ENSG00000000755	CCNB881	1.9818	-1.3289	-1.8824	0.08073071176956365	0.8172107048102626
ENSG00000003171	H2AF177	3.6091	-0.9425	-1.8778	0.08139482497523412	0.8185753457457654
ENSG00000000796	PLC536	2.6582	-1.2371	-1.879	0.08122604490780568	0.8185753457457654
ENSG00000003184	SUZ288	1.7954	1.1579	1.8728	0.08212841909802433	0.8217064450630096
ENSG00000002816	COL489	6.7017	-0.5919	-1.8731	0.08208483051007222	0.8217064450630096
ENSG00000003016	SEC335	1.0857	-0.8777	-1.8705	0.08247165342756571	0.8230248080515019
ENSG00000001486	SKP388	2.5575	1.3115	1.8608	0.0839062761601496	0.8332345986297038
ENSG00000001930	OR681	9.5276	-0.358	-1.8607	0.08392290921450254	0.8332345986297038
ENSG00000000569	RAB11FIP130	4.4873	-0.8688	-1.8582	0.08429873272681031	0.8348363047652562
ENSG00000001438	SKP890	4.2991	-0.8186	-1.8566	0.08453594107589553	0.8350606159070696
ENSG00000002211	DRD731	6.4802	-0.7478	-1.8536	0.08498207744954919	0.8373423935028999
ENSG00000002863	HTR315	3.7542	-1.4428	-1.8479	0.08585512491823616	0.8438084499539776
ENSG00000003312	DUSP715	3.3835	1.0914	1.8462	0.08610865797653765	0.8441685059060063
ENSG00000000657	DHX719	9.0539	0.4937	1.842	0.08675971729452835	0.8462877686975045
ENSG00000002247	SLC522	5.1908	0.7572	1.8426	0.08665826579167944	0.8462877686975045
ENSG00000001865	SUZ37	2.8119	-1.183	-1.8387	0.08726975880618565	0.8491347531841863
ENSG00000000873	DRD663	4.2413	-0.7187	-1.8356	0.08774442846189737	0.851624228363353
ENSG00000001601	COPB669	7.7611	0.4056	1.8299	0.0886362416093288	0.8581399312027554
ENSG00000003855	PPP2R112	5.502	-0.6047	-1.8266	0.08914748528601009	0.8588168632008695
ENSG00000004091	RPL59	6.4843	0.6352	1.8267	0.0891403595490803	0.8588168632008695
ENSG00000000290	PPP2R767	9.51	0.4023	1.8188	0.0903964386134664	0.8619435653190071
ENSG00000002530	TIMM321	4.6552	1.0189	1.8189	0.09037631884834466	0.8619435653190071
ENSG00000003257	SKP190	7.2215	0.6277	1.8176	0.09057937261445886	0.8619435653190071
ENSG00000003360	SPTB785	9.6098	-0.417	-1.8181	0.09049857103766203	0.8619435653190071
ENSG00000002928	SUZ707	3.4449	-1.0575	-1.8225	0.08980001223615129	0.8619435653190071
ENSG00000003733	FBXO121	2.1618	-0.9892	-1.8161	0.09082105128690227	0.8621354429478625
ENSG00000002073	PPP1R672	7.1077	-0.6068	-1.812	0.09148504665177662	0.8663255512620793
ENSG00000000780	BRD86	7.3156	0.8968	1.81	0.09180960153789082	0.8672887601589104
ENSG00000004046	PPP1R784	4.0695	-0.8528	-1.8009	0.09329482839460651	0.8708119136976123
ENSG00000002296	H2AF92	3.0262	-1.1183	-1.7995	0.09352502053586895	0.8708119136976123
ENSG00000001646	SEC517	7.1921	-0.6973	-1.8012	0.0932453036307361	0.8708119136976123
ENSG00000001403	MMP724	1.2477	-0.8596	-1.8001	0.09342864464659957	0.8708119136976123
ENSG00000001703	RPS18	13.8818	-0.2397	-1.8019	0.09312993908500246	0.8708119136976123
ENSG00000002090	ABC391	1.902	1.1514	1.803	0.0929487265360441	0.8708119136976123
ENSG00000001618	DHX836	2.0492	1.1348	1.7892	0.09523784360912867	0.8721401064765149
ENSG00000000660	KMT2537	1.379	0.9633	1.797	0.09393469875642411	0.8721401064765149
ENSG00000002468	KDM175	7.4578	0.4913	1.7852	0.09590852147275138	0.8721401064765149
ENSG00000001755	KRT505	5.7145	0.5716	1.7911	0.09491832895737716	0.8721401064765149
ENSG00000003166	GNA611	10.6285	-1.4155	-1.7922	0.0947255410326696	0.8721401064765149
ENSG00000000543	ZNF480	8.3867	-0.3382	-1.7949	0.09428838902446829	0.8721401064765149
ENSG00000000735	DUSP556	7.3514	-0.347	-1.7934	0.09452412103213949	0.8721401064765149
ENSG00000002038	TIMP1	6.346	-0.4991	-1.7869	0.09561324428079769	0.8721401064765149
ENSG00000002645	MYO510	3.053	-1.1657	-1.7854	0.09586826228355948	0.8721401064765149
ENSG00000003845	MAPK638	6.1601	0.4699	1.7855	0.09585134564819743	0.8721401064765149
ENSG00000000193	KIF738	3.5361	1.1513	1.7808	0.09664032425543317	0.8733691935925408
ENSG00000002686	H2AF101	2.3383	-1.2655	-1.7805	0.09670436666101082	0.8733691935925408
ENSG00000000274	EZH51	5.5818	-0.7075	-1.7793	0.09690884426570044	0.8733691935925408
ENSG00000000378	TOMM581	3.4656	-1.1609	-1.7791	0.0969412876752255	0.8733691935925408
ENSG00000002402	KCN67	7.0455	-0.3636	-1.7739	0.097825277849611	0.8792978785004295
ENSG00000002831	H2AF466	4.0117	-1.3637	-1.7715	0.09823628367133469	0.8809576406655175
ENSG00000003270	MAPK616	2.1504	-0.804	-1.7699	0.09851758459905322	0.8812912290356909
ENSG00000002477	VCL90	4.7167	0.7894	1.7686	0.09872635556514935	0.8812912290356909
ENSG00000000090	RAB264	9.1003	-0.2874	-1.7579	0.1005886188033546	0.8817362711321083
ENSG00000004093	GNA174	6.5985	-0.5963	-1.7662	0.09915666473928264	0.8817362711321083
ENSG00000002165	HTR281	4.8914	-0.6756	-1.7596	0.1003033324463924	0.8817362711321083
ENSG00000001033	RNF550	3.5884	-0.679	-1.7634	0.09963913313164537	0.8817362711321083
ENSG00000003853	RPS378	4.8306	-0.7433	-1.76	0.10022906719675674	0.8817362711321083
ENSG00000000339	UBE2734	4.9455	1.2237	1.7598	0.10026229688883243	0.8817362711321083
ENSG00000001986	PXN173	1.7684	-1.0568	-1.758	0.10057768279932545	0.8817362711321083
ENSG00000001396	DNMT554	5.0408	-0.8784	-1.7593	0.10035940192649571	0.8817362711321083
ENSG00000002580	RHO454	2.8111	-0.926	-1.7542	0.10125370608132561	0.8855717394798187
ENSG00000003194	SKP534	2.1274	1.1024	1.7512	0.10178673499793714	0.888237606753299
ENSG00000004080	DDX814	6.4735	-0.4983	-1.7455	0.1027941479481137	0.8890551640312411
ENSG00000003781	UBE2406	3.1927	0.8617	1.7491	0.10215893948348245	0.8890551640312411
ENSG00000003572	DYNC750	1.2214	-0.853	-1.747	0.10252632660661365	0.8890551640312411
ENSG00000000789	PXN763	4.4079	-0.5999	-1.7459	0.10271944927617482	0.8890551640312411
ENSG00000001805	PRKC754	4.9721	-0.6219	-1.7414	0.10353379463516998	0.8920301497229335
ENSG00000003761	HIST1H563	6.7285	-0.4349	-1.741	0.1035965127633006	0.8920301497229335
ENSG00000000188	RNF521	6.5833	-0.9388	-1.7362	0.10447424604045377	0.8952894887120609
ENSG00000002564	CCNB887	4.1065	0.6932	1.7351	0.10466513806885605	0.8952894887120609
ENSG00000001444	ADRB456	4.7361	0.6502	1.7364	0.10443185088046304	0.8952894887120609
ENSG00000002270	ARF210	8.1808	0.5289	1.7328	0.10508446437791916	0.8953736230979609
ENSG00000004064	EZH173	6.6602	0.9653	1.7302	0.10557474322385718	0.8953736230979609
ENSG00000001488	UBE215	7.8599	-0.3821	-1.73	0.10559519347429704	0.8953736230979609
ENSG00000000337	SEC304	1.2104	-0.9068	-1.7315	0.10533595502726004	0.8953736230979609
ENSG00000003529	ADRB822	5.1886	0.9155	1.7253	0.10646534087083577	0.8966825227647618
ENSG00000001843	PRKC825	3.8723	1.3221	1.7265	0.10624610487852021	0.8966825227647618
ENSG00000001341	SCN155	5.0499	-1.0955	-1.7246	0.10660259160601941	0.8966825227647618
ENSG00000002633	DUSP41	2.0129	-0.7026	-1.7236	0.10677810704051333	0.8966825227647618
ENSG00000001879	RAB533	3.6393	1.0497	1.723	0.10690151350535701	0.8966825227647618
ENSG00000001880	RNF867	5.6745	-0.4958	-1.721	0.10725631171791096	0.8977237961421708
ENSG00000001102	ADRB108	3.4863	1.3074	1.7176	0.10788972390235722	0.9010875652960821
ENSG00000003035	SUZ734	3.9714	0.8024	1.7139	0.10859694037852506	0.9039387418435336
ENSG00000000456	RPL710	4.723	0.7561	1.7122	0.1089183520661506	0.9039387418435336
ENSG00000000948	ATAD671	1.4412	0.6804	1.7121	0.10892786997035388	0.9039387418435336
ENSG00000000972	VCL677	5.0275	0.5285	1.6431	0.12262207029078978	0.9073625849226173
ENSG00000002232	ANK596	7.9823	-0.3082	-1.6676	0.11759503870928908	0.9073625849226173
ENSG00000002238	VCL854	7.1046	0.4375	1.6844	0.1142647492729189	0.9073625849226173
ENSG00000003660	SKP808	7.5107	0.3786	1.6409	0.12309163834418359	0.9073625849226173
ENSG00000000526	CDC736	4.3843	0.9752	1.6732	0.11647337711380967	0.9073625849226173
ENSG00000003621	TAGLN	6.2261	-0.4143	-1.7063	0.11002081513894234	0.9073625849226173
ENSG00000001732	CDC870	6.5604	-0.6638	-1.679	0.11532247821195628	0.9073625849226173
ENSG00000000250	RPL10	13.3009	0.3268	1.6506	0.12106370041261923	0.9073625849226173
ENSG00000002164	ACTN352	9.9742	-0.5684	-1.6717	0.11676889833174049	0.9073625849226173
ENSG00000003750	KRT381	3.6925	0.7421	1.7019	0.11087114746913239	0.9073625849226173
ENSG00000001662	OR472	3.5021	0.742	1.6689	0.11734721472719184	0.9073625849226173
ENSG00000001303	FBXO432	4.3931	0.5678	1.6794	0.11524364323193781	0.9073625849226173
ENSG00000004085	OR897	3.0385	0.858	1.649	0.12139996334095199	0.9073625849226173
ENSG00000004140	TMEM372	3.2316	1.0446	1.6482	0.12156903332595698	0.9073625849226173
ENSG00000001174	IDH2	2.5058	0.8196	1.6517	0.1208433293416312	0.9073625849226173
ENSG00000003056	MRPS660	6.3628	-0.7239	-1.6295	0.12548717067829165	0.9073625849226173
ENSG00000003017	CACN681	1.2884	-0.8582	-1.6425	0.12275425537443163	0.9073625849226173
ENSG00000002226	UBE2870	5.1835	-0.735	-1.6672	0.11768781821055951	0.9073625849226173
ENSG00000004164	ZNF642	5.5446	-0.688	-1.6661	0.11789620628602324	0.9073625849226173
ENSG00000001727	RPS852	10.1181	-0.4449	-1.6484	0.1215146792663857	0.9073625849226173
ENSG00000003786	TLN418	5.8999	-0.529	-1.6513	0.1209316222152572	0.9073625849226173
ENSG00000002204	USP855	10.067	-0.4102	-1.6608	0.11897059721810532	0.9073625849226173
ENSG00000003700	DNMT80	4.5099	0.7428	1.6432	0.12260308306204715	0.9073625849226173
ENSG00000002642	RNF694	3.3323	-0.9034	-1.6338	0.12457840904097554	0.9073625849226173
ENSG00000002679	EIF342	3.2934	0.9494	1.6802	0.11508391628752886	0.9073625849226173
ENSG00000002454	DNMT537	4.8565	-0.6008	-1.6336	0.12462916260721929	0.9073625849226173
ENSG00000002732	RPS184	2.0298	0.7469	1.6709	0.11693958365203412	0.9073625849226173
ENSG00000000287	ANK441	1.9789	1.1444	1.6796	0.11520312130479463	0.9073625849226173
ENSG00000001975	SEC210	3.2543	-1.0116	-1.629	0.12559354967264127	0.9073625849226173
ENSG00000003217	RPS480	4.9309	-0.558	-1.6287	0.12565992632921139	0.9073625849226173
ENSG00000001850	ZNF586	2.7517	-1.0317	-1.6746	0.11619059597586665	0.9073625849226173
ENSG00000003952	TET86	5.387	-0.4576	-1.7008	0.11106716943878639	0.9073625849226173
ENSG00000002356	MRPL417	9.289	0.5832	1.639	0.12347841396107746	0.9073625849226173
ENSG00000001958	USP518	12.7989	-0.4293	-1.6828	0.11456681705855634	0.9073625849226173
ENSG00000001835	MRPS9	5.9416	0.8814	1.6754	0.11603415839179188	0.9073625849226173
ENSG00000001091	GNA122	2.6785	0.7164	1.6554	0.1200741237456808	0.9073625849226173
ENSG00000000434	TLN484	6.6348	0.5165	1.6348	0.12437666359272288	0.9073625849226173
ENSG00000002146	ANK189	2.4261	-1.013	-1.688	0.1135503553932002	0.9073625849226173
ENSG00000002848	HTR638	2.8544	0.8192	1.6887	0.11340906767508653	0.9073625849226173
ENSG00000001656	SEC390	10.8674	0.3924	1.6382	0.1236594475211	0.9073625849226173
ENSG00000002258	EZH290	6.3808	0.5336	1.6637	0.11838455200699471	0.9073625849226173
ENSG00000001000	KDM736	3.6994	1.0317	1.7049	0.11028836235182063	0.9073625849226173
ENSG00000001750	HTR842	2.7993	-1.4379	-1.673	0.11651534389903345	0.9073625849226173
ENSG00000003570	SMO	9.5551	-0.3756	-1.708	0.10970975835812355	0.9073625849226173
ENSG00000003611	SMARC332	7.2843	0.5725	1.6333	0.12468063768358831	0.9073625849226173
ENSG00000003939	SUZ52	2.3612	-1.0296	-1.689	0.11336698511883851	0.9073625849226173
ENSG00000003942	GNA543	2.4071	1.005	1.6867	0.11380632923678254	0.9073625849226173
ENSG00000003935	ARF463	3.695	-0.8612	-1.6694	0.1172306201056146	0.9073625849226173
ENSG00000002849	ANK247	2.0527	0.7902	1.6384	0.12361032551872363	0.9073625849226173
ENSG00000001792	KDM37	4.1163	0.7267	1.667	0.1177265316558781	0.9073625849226173
ENSG00000002109	KRT275	6.4734	-0.5817	-1.6991	0.11140326633823341	0.9073625849226173
ENSG00000003928	SCN802	4.5639	0.842	1.6456	0.122093145459174	0.9073625849226173
ENSG00000000149	PPP2R239	4.4698	-1.2101	-1.667	0.11772201677971232	0.9073625849226173
ENSG00000002100	TLN563	5.7741	-0.663	-1.6559	0.11998418708497774	0.9073625849226173
ENSG00000002080	SKP692	6.4981	-0.4246	-1.6302	0.12534616724706527	0.9073625849226173
ENSG00000000613	GRIN437	5.9603	0.7594	1.6578	0.11958506425169083	0.9073625849226173
ENSG00000001097	TUBB394	4.8659	-0.8706	-1.6642	0.11829527249060294	0.9073625849226173
ENSG00000002001	UGT320	7.4432	-0.4848	-1.6752	0.11607638497020706	0.9073625849226173
ENSG00000002068	HDAC517	5.0213	0.6198	1.6444	0.1223484842464918	0.9073625849226173
ENSG00000002579	KIF56	0.9715	-0.7866	-1.6693	0.11726244759562048	0.9073625849226173
ENSG00000001220	UBE2266	3.2408	1.1538	1.662	0.11873450194173964	0.9073625849226173
ENSG00000003418	TRIM771	5.8089	-0.6517	-1.6633	0.11847493698210695	0.9073625849226173
ENSG00000000332	FBXO538	5.609	0.8303	1.7043	0.11040068867959904	0.9073625849226173
ENSG00000001364	KIF376	2.1808	-0.9992	-1.6425	0.12274415391799814	0.9073625849226173
ENSG00000000346	VPS453	11.0918	-0.4205	-1.7033	0.11060162039315684	0.9073625849226173
ENSG00000001900	TRIM636	5.9717	0.5376	1.6878	0.11359680037915743	0.9073625849226173
ENSG00000002671	PLC535	5.4034	0.6702	1.6308	0.12522307735823018	0.9073625849226173
ENSG00000001319	EZH363	8.3858	0.4487	1.6311	0.12514267760186062	0.9073625849226173
ENSG00000001253	PPP2R29	5.8319	0.4649	1.6449	0.1222458988743527	0.9073625849226173
ENSG00000001314	CACN308	3.942	-0.9912	-1.6888	0.1134046171237621	0.9073625849226173
ENSG00000003776	TLN163	3.1355	0.807	1.6252	0.1264034720101359	0.9102076493439932
ENSG00000003340	SNX362	3.2956	1.1709	1.6247	0.1265216696544451	0.9102076493439932
ENSG00000003588	GNA313	5.7092	-0.7141	-1.6226	0.12697243637884933	0.9117651704547631
ENSG00000001943	BRD431	5.6636	-0.599	-1.6201	0.12749925848152316	0.912709833040448
ENSG00000001947	UBE2591	7.3265	-0.3612	-1.6166	0.12826024611779646	0.912709833040448
ENSG00000001731	CUL657	5.4363	-0.5019	-1.6178	0.12801246124265384	0.912709833040448
ENSG00000000001	DNMT278	4.2628	-0.903	-1.6155	0.12851104535101887	0.912709833040448
ENSG00000002641	UGT333	2.09	1.0253	1.617	0.1281794364776354	0.912709833040448
ENSG00000000112	MYO215	2.8983	0.897	1.6163	0.12834028367168612	0.912709833040448
ENSG00000003363	ANK13	4.9437	-0.6106	-1.6111	0.1294766433258064	0.916223810589161
ENSG00000003906	GABR623	7.3105	-0.7502	-1.6119	0.12929572537271392	0.916223810589161
ENSG00000001928	COPB172	7.0311	0.5729	1.6094	0.12983203940947902	0.9170713201119643
ENSG00000002039	CHRM740	5.8501	0.4113	1.6074	0.13027871988739925	0.9185593800756484
ENSG00000002475	PRKC574	4.7402	-0.7479	-1.6014	0.13161345438345678	0.9205310348467833
ENSG00000000224	HIST1H330	1.9035	-1.1567	-1.6015	0.13159330201024325	0.9205310348467833
ENSG00000001828	CDC563	5.7944	-0.6651	-1.6008	0.13174095231491734	0.9205310348467833
ENSG00000001587	RAB416	3.0287	-0.8492	-1.604	0.13102297111181463	0.9205310348467833
ENSG00000003405	ANAPC529	2.7626	1.0611	1.6014	0.13161129412254766	0.9205310348467833
ENSG00000004194	GABR308	4.6244	0.8839	1.5856	0.13516108484850106	0.9239809251589803
ENSG00000000847	RPS509	6.8038	0.4008	1.5909	0.13394361412908107	0.9239809251589803
ENSG00000002719	DNMT677	1.7653	0.7169	1.5929	0.13350015611687643	0.9239809251589803
ENSG00000000358	ADAM771	2.4341	-0.7135	-1.5817	0.13603316292808215	0.9239809251589803
ENSG00000003331	TET256	9.8916	-0.5013	-1.5906	0.1340111557732557	0.9239809251589803
ENSG00000000388	CCNB720	3.7387	-0.8515	-1.5831	0.1357143505838804	0.9239809251589803
ENSG00000000575	EIF566	7.9681	-0.5344	-1.5828	0.1358006062095471	0.9239809251589803
ENSG00000001673	SUZ746	3.0225	0.6612	1.5824	0.13588600048535115	0.9239809251589803
ENSG00000003767	RHO242	3.9481	-0.8155	-1.5857	0.1351329832076682	0.9239809251589803
ENSG00000001207	HIST1H417	1.8862	0.9371	1.5819	0.13600533138097218	0.9239809251589803
ENSG00000000004	USP755	2.4484	1.0075	1.5882	0.13455692280735054	0.9239809251589803
ENSG00000002184	KDM221	1.9713	1.0849	1.5859	0.13508133324512445	0.9239809251589803
ENSG00000003649	DRD448	4.8791	0.6055	1.5851	0.1352625812573081	0.9239809251589803
ENSG00000003800	RPS297	7.7362	-0.4439	-1.5875	0.13472758823441172	0.9239809251589803
ENSG00000002348	ANGPT2	4.4035	-0.8534	-1.5935	0.1333657240693185	0.9239809251589803
ENSG00000001873	COPB452	2.9484	-1.2322	-1.5965	0.1327009703938866	0.9239809251589803
ENSG00000003100	CUL246	4.9246	0.8232	1.58	0.13641904012729789	0.9249876379363124
ENSG00000000861	PPP2R712	5.0207	0.5287	1.4358	0.1730210475760028	0.9321381833823645
ENSG00000001985	RPL240	4.111	0.5035	1.4631	0.16552546728767786	0.9321381833823645
ENSG00000001915	RPS67	4.8232	-0.6772	-1.4598	0.16641699779442393	0.9321381833823645
ENSG00000001298	COPB877	7.0072	-0.5278	-1.5586	0.1414103699100073	0.9321381833823645
ENSG00000001916	ARID730	4.3891	0.4574	1.4321	0.17406625974631382	0.9321381833823645
ENSG00000000052	GRIN746	3.1749	-0.7787	-1.5255	0.14939185788522621	0.9321381833823645
ENSG00000002690	RAB11FIP512	6.6812	0.5982	1.489	0.1586646069014532	0.9321381833823645
ENSG00000001225	RAB11FIP147	3.7726	0.6822	1.4468	0.16998427724321416	0.9321381833823645
ENSG00000004169	MMP658	6.7397	-0.4637	-1.4569	0.1672171539092826	0.9321381833823645
ENSG00000004004	RNF239	1.6267	0.7709	1.4271	0.17547193638575445	0.9321381833823645
ENSG00000000665	ANK461	6.9538	0.5595	1.495	0.15710640566352274	0.9321381833823645
ENSG00000001293	DDX60	5.7746	0.533	1.4441	0.17073012719354946	0.9321381833823645
ENSG00000003983	RNF288	4.6359	0.7078	1.5259	0.14931063777212047	0.9321381833823645
ENSG00000004040	TCF7L2	5.6134	-0.6852	-1.4522	0.1684967738045787	0.9321381833823645
ENSG00000002724	PPP2R163	5.46	-0.8139	-1.4496	0.16921309276282653	0.9321381833823645
ENSG00000001310	GABR51	3.949	1.1295	1.56	0.14107776599772637	0.9321381833823645
ENSG00000000637	TOMM780	3.9792	0.6862	1.5279	0.148809788900125	0.9321381833823645
ENSG00000000584	RAB11FIP454	7.6345	-0.3602	-1.5512	0.14315463200457013	0.9321381833823645
ENSG00000003341	CYP47	10.8479	-0.3481	-1.4387	0.17221192454255385	0.9321381833823645
ENSG00000001862	TUBB884	5.5994	0.5524	1.4529	0.168307229253097	0.9321381833823645
ENSG00000003310	ABC454	5.7771	0.4896	1.4753	0.162262196115563	0.9321381833823645
ENSG00000001327	HK2	7.1696	-0.4344	-1.5041	0.1547828998224764	0.9321381833823645
ENSG00000001355	EIF404	7.0263	-0.3097	-1.4775	0.161686270299133	0.9321381833823645
ENSG00000001300	UGT682	7.1778	-0.3256	-1.5078	0.1538413873856469	0.9321381833823645
ENSG00000002685	TOMM391	1.5452	-0.7563	-1.4629	0.16558582274149222	0.9321381833823645
ENSG00000002609	OR178	5.504	-0.6669	-1.5248	0.14956814984175146	0.9321381833823645
ENSG00000002458	FBXO805	3.5029	-0.9164	-1.4258	0.17585053007645196	0.9321381833823645
ENSG00000002407	KIF171	5.1282	-1.001	-1.5093	0.1534643704774776	0.9321381833823645
ENSG00000000132	ANAPC709	6.7014	0.3888	1.5198	0.15082131579348493	0.9321381833823645
ENSG00000003972	SKP251	1.2254	0.7214	1.5644	0.14003330042418125	0.9321381833823645
ENSG00000000697	SLC474	3.7198	-0.8422	-1.444	0.1707533166010291	0.9321381833823645
ENSG00000002465	ACTN374	6.7077	-0.4774	-1.4411	0.17155322717198218	0.9321381833823645
ENSG00000003394	CUL603	5.5443	-0.5859	-1.4225	0.17679291776482753	0.9321381833823645
ENSG00000003350	RAB11FIP257	3.7988	-0.9397	-1.4673	0.16441105288652955	0.9321381833823645
ENSG00000001940	BRD551	5.2818	-0.6554	-1.4824	0.16039029477681527	0.9321381833823645
ENSG00000001945	EZH488	1.0645	-0.747	-1.469	0.16394482888173365	0.9321381833823645
ENSG00000003497	DNMT458	2.5302	-0.7451	-1.4497	0.1691696098817011	0.9321381833823645
ENSG00000003372	SMARC313	7.0884	0.3592	1.4742	0.16256555536499842	0.9321381833823645
ENSG00000002418	FBXO389	5.149	-0.9486	-1.4959	0.1568674520680354	0.9321381833823645
ENSG00000004021	MMP2	3.6187	0.6094	1.5673	0.13935366648371653	0.9321381833823645
ENSG00000001110	KRT465	4.0656	0.7113	1.4574	0.1670589369728206	0.9321381833823645
ENSG00000001080	ADRB349	2.4941	-0.9041	-1.5547	0.1423282707524189	0.9321381833823645
ENSG00000003275	TRIM530	5.4349	0.5263	1.5482	0.14388414490986862	0.9321381833823645
ENSG00000003285	TET316	6.6269	-0.4994	-1.5573	0.1417218331064393	0.9321381833823645
ENSG00000003883	RAB240	8.5495	-0.5322	-1.5021	0.15527855798593285	0.9321381833823645
ENSG00000001371	ADAM389	6.5714	0.5152	1.4775	0.1616941534251385	0.9321381833823645
ENSG00000001367	RPS29	4.8337	1.0438	1.4349	0.1732633902070681	0.9321381833823645
ENSG00000001363	GABR482	1.1958	-0.677	-1.5091	0.15351012675000786	0.9321381833823645
ENSG00000000376	DRD23	6.0578	0.5727	1.4239	0.1763683370643142	0.9321381833823645
ENSG00000002023	SIRT110	2.5909	-0.8384	-1.4486	0.16947882946085016	0.9321381833823645
ENSG00000002333	USP560	9.1282	-0.3962	-1.4675	0.16435225448067783	0.9321381833823645
ENSG00000002841	RHO287	2.583	-0.9808	-1.5039	0.15481852917974656	0.9321381833823645
ENSG00000001037	SNX835	5.5164	0.4244	1.4857	0.15953704847818256	0.9321381833823645
ENSG00000003870	RAB686	4.8345	-0.4975	-1.5223	0.15020032321408502	0.9321381833823645
ENSG00000003864	GRIN642	4.3335	0.7477	1.4625	0.1656755826807351	0.9321381833823645
ENSG00000001512	UBE2559	1.9399	-0.6216	-1.4309	0.1743933025332675	0.9321381833823645
ENSG00000000730	GRIN11	7.6662	-0.5334	-1.5418	0.14541101182616797	0.9321381833823645
ENSG00000002768	ABC839	9.9481	-0.3376	-1.4681	0.1641881858057317	0.9321381833823645
ENSG00000002763	TLN599	6.4626	0.3751	1.5618	0.1406601492481545	0.9321381833823645
ENSG00000001465	SUZ308	5.3578	-0.6399	-1.5219	0.15030139318149033	0.9321381833823645
ENSG00000001464	KMT2853	2.5203	0.8783	1.4945	0.15724813681415745	0.9321381833823645
ENSG00000000153	PRKC117	1.9197	-0.9295	-1.4192	0.1777097975513141	0.9321381833823645
ENSG00000000338	HDAC84	4.2825	-0.8438	-1.4423	0.1712123536763328	0.9321381833823645
ENSG00000000328	RPL737	3.3458	-0.7611	-1.4484	0.16953784757297086	0.9321381833823645
ENSG00000001951	KDM453	2.6784	0.6541	1.5165	0.1516478853665629	0.9321381833823645
ENSG00000003179	COL332	2.2872	0.8111	1.4302	0.1745983965062409	0.9321381833823645
ENSG00000001974	SKP579	4.3497	-0.7589	-1.4689	0.16395783857035612	0.9321381833823645
ENSG00000002095	EIF171	4.2993	0.7155	1.563	0.14037176050609607	0.9321381833823645
ENSG00000003645	DHX52	2.4172	0.9968	1.5602	0.14103201598657972	0.9321381833823645
ENSG00000001602	SUZ700	3.1223	0.8351	1.5594	0.14121721587526442	0.9321381833823645
ENSG00000001013	CUL103	7.0464	0.3745	1.5672	0.13939087930052824	0.9321381833823645
ENSG00000001008	MRPL525	3.9788	-0.5999	-1.5236	0.14988184289626627	0.9321381833823645
ENSG00000002900	SLC707	3.3543	1.0959	1.4994	0.15597263389206684	0.9321381833823645
ENSG00000002892	FBXO298	7.6739	0.5314	1.5718	0.1383082512777034	0.9321381833823645
ENSG00000000498	MRPL315	6.9874	-0.3146	-1.4467	0.16999085544258802	0.9321381833823645
ENSG00000003641	SLC686	4.8329	0.5732	1.4694	0.1638461967400024	0.9321381833823645
ENSG00000003715	DRD423	2.8236	1.0042	1.5677	0.13927686451463836	0.9321381833823645
ENSG00000000196	MYO138	3.6686	1.1854	1.5501	0.14341298153433857	0.9321381833823645
ENSG00000002329	TLN792	3.97	1.1537	1.4271	0.17547273964815596	0.9321381833823645
ENSG00000000139	ADAM88	6.4452	-0.7527	-1.4457	0.17026797621549186	0.9321381833823645
ENSG00000001074	DDX661	1.8038	-0.9652	-1.4478	0.16969401370159312	0.9321381833823645
ENSG00000003772	DRD686	8.6465	0.3754	1.4988	0.1561248342195357	0.9321381833823645
ENSG00000001546	LEP	4.0477	-1.1451	-1.5059	0.15431150339538724	0.9321381833823645
ENSG00000001556	ARID150	4.6718	-0.7778	-1.5237	0.14986036559294297	0.9321381833823645
ENSG00000000749	TUBB573	7.8853	-0.3552	-1.4904	0.15830614183272265	0.9321381833823645
ENSG00000000510	PXN766	1.5256	-0.7075	-1.431	0.17435902033659356	0.9321381833823645
ENSG00000001585	EZH255	1.4024	0.8471	1.4883	0.15884977189421023	0.9321381833823645
ENSG00000003820	SNX262	3.4169	-0.6077	-1.4365	0.17284235268762835	0.9321381833823645
ENSG00000000516	RNF540	6.3384	-0.5149	-1.4959	0.1568817302129251	0.9321381833823645
ENSG00000002277	RAB11FIP418	4.3177	-1.3723	-1.4648	0.1650779243084269	0.9321381833823645
ENSG00000002884	MRPS708	4.7557	-0.4437	-1.4934	0.15751913677654814	0.9321381833823645
ENSG00000001002	DRD392	4.7466	-0.8408	-1.549	0.14368725063172885	0.9321381833823645
ENSG00000003759	KIF871	1.8857	0.9436	1.4716	0.16325973455402545	0.9321381833823645
ENSG00000000497	DRD688	5.8367	-0.5323	-1.4529	0.16828917450028202	0.9321381833823645
ENSG00000000496	ADRB177	2.9679	0.7937	1.4784	0.16144876989664364	0.9321381833823645
ENSG00000002861	TRIM402	4.757	-0.5405	-1.5366	0.1466813242454865	0.9321381833823645
ENSG00000003617	SPTB406	2.6363	0.7931	1.5099	0.15329658990806833	0.9321381833823645
ENSG00000000982	HTR513	3.2322	0.8709	1.4553	0.16764513835217376	0.9321381833823645
ENSG00000000467	ABC135	5.7822	-0.4976	-1.5051	0.15452818159887358	0.9321381833823645
ENSG00000002214	TIMM685	9.236	-0.3103	-1.4285	0.17507564336628836	0.9321381833823645
ENSG00000003069	UGT722	5.0586	0.7273	1.4802	0.16096263049246431	0.9321381833823645
ENSG00000003594	SIRT890	6.4666	0.4788	1.4799	0.16104471283294403	0.9321381833823645
ENSG00000000246	RPS736	5.5565	-0.886	-1.464	0.16529551113410995	0.9321381833823645
ENSG00000003597	PPP2R383	5.6485	-0.64	-1.5137	0.15233630575505286	0.9321381833823645
ENSG00000002156	ARID852	7.693	0.3686	1.536	0.14682906550710031	0.9321381833823645
ENSG00000002159	RNF290	7.1405	-0.5356	-1.4731	0.1628367840215927	0.9321381833823645
ENSG00000002128	MMP775	3.7429	0.6198	1.4567	0.1672724463343185	0.9321381833823645
ENSG00000002132	BRD640	9.3543	-0.5995	-1.5323	0.14772349237013702	0.9321381833823645
ENSG00000003026	ANK73	6.6757	-0.62	-1.5093	0.15344455167296672	0.9321381833823645
ENSG00000001692	DNMT494	7.6616	-0.4541	-1.4766	0.16191645933595206	0.9321381833823645
ENSG00000000975	KIF699	5.7298	-0.701	-1.4233	0.1765529765183414	0.9321381833823645
ENSG00000003627	HDAC804	4.2247	0.9011	1.5535	0.14261800607816283	0.9321381833823645
ENSG00000000968	KRT284	1.1957	-0.6146	-1.5355	0.1469406722922454	0.9321381833823645
ENSG00000003692	DUSP495	3.1329	0.7906	1.4851	0.1596723581289616	0.9321381833823645
ENSG00000002171	PXN79	2.252	-0.9176	-1.5216	0.15036102748885566	0.9321381833823645
ENSG00000000450	DDX736	7.5856	-0.4383	-1.4713	0.16332491427906395	0.9321381833823645
ENSG00000002955	DDX142	6.6715	-0.6733	-1.4708	0.16345198919304577	0.9321381833823645
ENSG00000002239	RHO49	5.6878	-0.5612	-1.4782	0.16149212546130778	0.9321381833823645
ENSG00000002262	KRT768	2.6706	1.1531	1.5041	0.1547805681344691	0.9321381833823645
ENSG00000002167	SCN757	1.7352	-0.8637	-1.4422	0.1712506816078916	0.9321381833823645
ENSG00000002280	KIF344	4.5643	0.6873	1.4351	0.17323221533427613	0.9321381833823645
ENSG00000003000	ADAM183	1.7622	-0.6554	-1.5154	0.1519142438608722	0.9321381833823645
ENSG00000001653	PXN83	3.4009	0.8225	1.4198	0.17754704446407515	0.9321381833823645
ENSG00000003019	MYO104	9.6768	-0.361	-1.5012	0.15551600244829525	0.9321381833823645
ENSG00000001026	SERPINE1	1.1073	-0.6622	-1.5331	0.14754543822276386	0.9321381833823645
ENSG00000001808	VPS415	5.4411	-0.5874	-1.5276	0.1488924836975819	0.9321381833823645
ENSG00000000292	SLC639	10.7428	-0.3492	-1.4694	0.16383800998394932	0.9321381833823645
ENSG00000000291	SPTB867	3.6124	0.884	1.5054	0.15445803386565363	0.9321381833823645
ENSG00000001299	HDAC614	2.7133	-0.6735	-1.5234	0.1499197236781686	0.9321381833823645
ENSG00000000011	PPP2R421	0.8617	-0.633	-1.5	0.15583108973135493	0.9321381833823645
ENSG00000004161	TMEM367	3.4088	-0.7569	-1.5305	0.14817569554019294	0.9321381833823645
ENSG00000004130	ANK604	5.1101	0.7378	1.5558	0.14207669739127776	0.9321381833823645
ENSG00000001848	ANAPC759	4.3629	0.6674	1.4395	0.17198511777697834	0.9321381833823645
ENSG00000003071	TLN818	10.1658	-0.5218	-1.452	0.16855438351355356	0.9321381833823645
ENSG00000002203	PPP1R110	8.9416	-0.3204	-1.429	0.17494179468701326	0.9321381833823645
ENSG00000000798	OR84	8.0261	-0.4291	-1.5417	0.1454347012805322	0.9321381833823645
ENSG00000003145	HDAC896	6.9532	0.4526	1.4304	0.17454268494953656	0.9321381833823645
ENSG00000003140	CDC373	4.4914	-0.9522	-1.5603	0.14101085504955985	0.9321381833823645
ENSG00000002176	TLN633	4.6437	-0.886	-1.5346	0.14717463582966617	0.9321381833823645
ENSG00000000424	SUZ621	1.859	0.8866	1.4319	0.17412326050601176	0.9321381833823645
ENSG00000003126	RPS593	2.9595	-0.6543	-1.4515	0.16866801888003669	0.9321381833823645
ENSG00000000390	SUZ403	5.1239	-0.5236	-1.4207	0.17729448568963527	0.9321381833823645
ENSG00000002152	KCN317	2.8613	0.8687	1.5062	0.15423486163887368	0.9321381833823645
ENSG00000000816	GABR324	1.6546	-0.7212	-1.5379	0.14637522892604424	0.9321381833823645
ENSG00000002594	UBE2368	4.1975	-0.4315	-1.5131	0.15249150436836234	0.9321381833823645
ENSG00000002597	ADAM484	2.0663	0.6132	1.4227	0.17671656604607494	0.9321381833823645
ENSG00000004195	KRT652	7.7251	-0.4461	-1.4827	0.16032208317177007	0.9321381833823645
ENSG00000004065	DNMT415	2.5575	-0.8602	-1.5347	0.1471548203837288	0.9321381833823645
ENSG00000000231	CDC83	8.9164	-0.5103	-1.502	0.15530825586271935	0.9321381833823645
ENSG00000001729	PRKC757	5.3884	0.3773	1.446	0.17019023996851168	0.9321381833823645
ENSG00000003633	KCN84	3.1094	0.9048	1.5178	0.15131717075764575	0.9321381833823645
ENSG00000004117	OR791	8.075	-0.4101	-1.4207	0.1772856293775972	0.9321381833823645
ENSG00000002737	SUZ369	3.8463	-0.7331	-1.4223	0.17684812283096288	0.9321381833823645
ENSG00000002743	TMEM887	7.2018	-0.4427	-1.4217	0.1770039729315942	0.9321381833823645
ENSG00000004101	KCN294	3.8676	0.9664	1.5741	0.1377776169738591	0.9321381833823645
ENSG00000002622	SLC430	4.811	0.9181	1.5176	0.15136739702029794	0.9321381833823645
ENSG00000003090	PRKC821	5.6211	0.4762	1.4969	0.15660945166217788	0.9321381833823645
ENSG00000003094	UBE2599	1.3372	-0.8768	-1.4808	0.1608246307343975	0.9321381833823645
ENSG00000001724	SNX727	6.2972	-0.4516	-1.4716	0.1632392520157413	0.9321381833823645
ENSG00000001715	ZNF485	3.297	-0.7966	-1.5459	0.1444213321978145	0.9321381833823645
ENSG00000001922	ACTN734	3.9026	-0.7057	-1.5538	0.14255060688169488	0.9321381833823645
ENSG00000001902	HDAC89	2.169	-0.9963	-1.5562	0.1419680314661949	0.9321381833823645
ENSG00000001169	RAB11FIP654	6.1059	0.591	1.5436	0.14498811475312356	0.9321381833823645
ENSG00000003514	DRD489	2.5388	1.0403	1.4761	0.1620633071169407	0.9321381833823645
ENSG00000002494	SKP282	5.5191	0.5226	1.4909	0.15816642620965737	0.9321381833823645
ENSG00000000604	KDM799	7.5485	0.1968	1.4419	0.17132832038780943	0.9321381833823645
ENSG00000002644	SHH	2.4137	-0.7808	-1.4335	0.17367873645970217	0.9321381833823645
ENSG00000004191	ARID747	1.6827	-0.7746	-1.4595	0.16649055423363798	0.9321381833823645
ENSG00000003230	RAB741	1.5383	-0.8362	-1.4183	0.1779839716492546	0.932319808423821
ENSG00000003292	RPL309	4.34	0.8055	1.4171	0.17832864839985077	0.9325370243365293
ENSG00000003909	HIST1H29	2.4974	-0.8264	-1.4165	0.17850464623091322	0.9325370243365293
ENSG00000002700	MYO326	6.4784	0.5444	1.4155	0.1787867823344159	0.9326200993084571
ENSG00000001661	DHX644	5.9487	-0.4091	-1.4147	0.17899979809440328	0.9326200993084571
ENSG00000001504	DDX250	4.4535	0.7279	1.4109	0.18010913843932236	0.9358942146940489
ENSG00000001707	COL537	3.2468	-0.5543	-1.4113	0.1799781645476961	0.9358942146940489
ENSG00000002153	DNMT102	1.0543	-0.6598	-1.4039	0.18215145942392422	0.9360262852367438
ENSG00000001334	MYO357	7.7758	0.5106	1.4001	0.1832610558454262	0.9360262852367438
ENSG00000002331	DNMT250	1.0985	-0.6114	-1.405	0.18182078450851624	0.9360262852367438
ENSG00000001583	HTR213	4.4263	0.845	1.4013	0.18289407483093084	0.9360262852367438
ENSG00000001086	VPS847	3.3849	-0.4319	-1.404	0.18210164145487712	0.9360262852367438
ENSG00000001615	RPS832	3.7402	-0.4166	-1.4031	0.18237258936829046	0.9360262852367438
ENSG00000001946	CHRM153	3.6994	-0.8963	-1.4004	0.18317795304233128	0.9360262852367438
ENSG00000002435	TRIM441	3.6742	-0.7035	-1.4035	0.18225720770259818	0.9360262852367438
ENSG00000000901	ARF54	2.5067	0.7347	1.4068	0.18128328465987853	0.9360262852367438
ENSG00000000215	TET70	3.6157	-0.8856	-1.4083	0.18086417140357997	0.9360262852367438
ENSG00000002532	CHRM323	7.6609	0.5007	1.401	0.18300001818846065	0.9360262852367438
ENSG00000001901	ABC38	2.7974	-1.0112	-1.4006	0.18310917030318194	0.9360262852367438
ENSG00000002078	MRPL497	2.6869	-0.8579	-1.4057	0.1816213502438628	0.9360262852367438
ENSG00000000638	PRKC307	9.4086	-0.3605	-1.396	0.18446742661442941	0.9393585501788939
ENSG00000000286	KIF757	6.0504	0.6874	1.3966	0.1842780223018366	0.9393585501788939
ENSG00000002931	TLN89	8.4456	-0.3348	-1.3938	0.18512024871202765	0.9393585501788939
ENSG00000003212	DUSP458	4.427	0.6236	1.394	0.18505710963241	0.9393585501788939
ENSG00000003675	CHRM482	2.6647	-0.8478	-1.3948	0.18482748045511754	0.9393585501788939
ENSG00000002915	FBXO875	8.5695	-0.4679	-1.3898	0.18629971469776516	0.9397593931033271
ENSG00000002005	SKP676	1.7522	-0.7156	-1.3895	0.18638718877716948	0.9397593931033271
ENSG00000001332	HTR434	5.1711	-0.6248	-1.3894	0.1864065394336507	0.9397593931033271
ENSG00000003047	VCL235	3.8805	-1.0176	-1.3906	0.1860439736698412	0.9397593931033271
ENSG00000001435	SKP878	1.6023	0.8895	1.3908	0.18598906443744864	0.9397593931033271
ENSG00000000892	UGT881	4.6987	0.6446	1.385	0.1877205511188304	0.9410178860804196
ENSG00000003966	ACTN763	2.4792	-1.1431	-1.382	0.18861771795229823	0.9410178860804196
ENSG00000001616	ADAM715	4.4087	-0.6831	-1.3813	0.1888322119806803	0.9410178860804196
ENSG00000002227	ZNF277	6.7081	-0.4977	-1.3823	0.18853739893058474	0.9410178860804196
ENSG00000003745	ARID641	8.9935	-0.2291	-1.385	0.1877311461130374	0.9410178860804196
ENSG00000002357	TOMM701	4.7637	-0.7557	-1.3813	0.18882860547763552	0.9410178860804196
ENSG00000003964	KCN318	7.1889	0.3829	1.3855	0.1875807881299883	0.9410178860804196
ENSG00000000366	CUL158	4.6791	0.604	1.3814	0.18879655170929716	0.9410178860804196
ENSG00000004143	SIRT106	4.0254	0.7113	1.3833	0.18824616888946827	0.9410178860804196
ENSG00000003187	CDC138	4.3592	0.5531	1.38	0.1892165692891197	0.9417274778430357
ENSG00000000069	COL21	11.623	0.2864	1.3774	0.19001123887773208	0.9444747659158791
ENSG00000004047	DRD268	1.8311	-0.8455	-1.3751	0.19070124389168414	0.9459981924512676
ENSG00000003990	OR485	7.0946	0.3407	1.3748	0.19080384919687696	0.9459981924512676
ENSG00000000902	CACN607	9.0783	-0.4513	-1.3735	0.19117816858995695	0.9466481325090489
ENSG00000002992	GNA144	7.7973	0.412	1.3697	0.19235814598239093	0.9474539615095409
ENSG00000003794	STAT3	5.2737	-0.5988	-1.369	0.19255808929960094	0.9474539615095409
ENSG00000004078	MMP292	4.6048	-0.4875	-1.3694	0.1924469426223374	0.9474539615095409
ENSG00000000446	TLN137	5.4943	-0.8581	-1.3704	0.1921394731056893	0.9474539615095409
ENSG00000001860	BRD323	3.7103	0.6949	1.3698	0.1923292476712777	0.9474539615095409
ENSG00000002228	MAPK413	3.0465	0.9008	1.3644	0.19395849628893091	0.9480516262786676
ENSG00000000161	KIF535	5.4158	-0.7537	-1.3549	0.196920135899905	0.9480516262786676
ENSG00000003844	TUBB508	3.0674	-0.74	-1.3544	0.1970641741159923	0.9480516262786676
ENSG00000001685	VPS340	5.1821	0.4761	1.355	0.19688538419524731	0.9480516262786676
ENSG00000000195	SCN317	3.4686	0.9576	1.355	0.19688555355939372	0.9480516262786676
ENSG00000003048	MRPL627	7.1911	0.4133	1.3573	0.19616352108733232	0.9480516262786676
ENSG00000001278	PXN519	1.3405	-0.7915	-1.3625	0.19456548718176025	0.9480516262786676
ENSG00000001431	DYNC853	3.1089	0.5742	1.3619	0.19472920588826886	0.9480516262786676
ENSG00000000911	COL725	4.9609	-0.7537	-1.3548	0.19695615329242613	0.9480516262786676
ENSG00000004022	EZH804	3.218	-0.617	-1.3664	0.19335555406440497	0.9480516262786676
ENSG00000001409	MYO459	7.3579	-0.4145	-1.3546	0.19700877311775639	0.9480516262786676
ENSG00000003893	ADRB356	6.3027	-0.4287	-1.3596	0.1954600334388387	0.9480516262786676
ENSG00000001337	ADRB697	7.8247	0.4908	1.359	0.19562660987632824	0.9480516262786676
ENSG00000000663	RAB11FIP696	4.3528	0.8379	1.3643	0.19399567787933167	0.9480516262786676
ENSG00000002515	USP600	4.2467	-0.6177	-1.365	0.19378559899070624	0.9480516262786676
ENSG00000002801	DRD526	6.4262	-0.418	-1.3577	0.1960466278887969	0.9480516262786676
ENSG00000003122	FBXO657	4.812	-0.5487	-1.3575	0.196107653398902	0.9480516262786676
ENSG00000002342	MRPL81	8.5104	0.5091	1.3559	0.19658527848227128	0.9480516262786676
ENSG00000001796	ARF410	2.7189	0.7544	1.3442	0.2002677281347257	0.9500359156710514
ENSG00000002489	EIF868	3.5064	-0.6229	-1.3389	0.20193691909265102	0.9500359156710514
ENSG00000001586	ARF65	1.2674	-0.7374	-1.3373	0.20244180062600753	0.9500359156710514
ENSG00000001788	RNF499	2.1844	1.0088	1.3386	0.2020209370259275	0.9500359156710514
ENSG00000001166	MMP759	3.3289	0.7694	1.3484	0.1989514285368574	0.9500359156710514
ENSG00000004024	H2AF231	3.0896	0.8751	1.3437	0.20043389157000732	0.9500359156710514
ENSG00000003362	GABR224	6.5899	0.6659	1.343	0.2006340585865618	0.9500359156710514
ENSG00000002687	SCN584	6.5608	0.6269	1.343	0.20064216815859762	0.9500359156710514
ENSG00000001124	KIF619	2.0308	-0.7097	-1.3396	0.20173023753833713	0.9500359156710514
ENSG00000000045	DNMT442	3.9534	-0.5096	-1.3451	0.19998131440323438	0.9500359156710514
ENSG00000003380	ACTN699	6.6097	-0.5775	-1.3416	0.20107710344727564	0.9500359156710514
ENSG00000001955	RHO578	4.7373	0.7376	1.337	0.20254506909689982	0.9500359156710514
ENSG00000002952	PPP2R649	4.0388	0.9282	1.3368	0.20260272610662194	0.9500359156710514
ENSG00000003102	HTR542	5.9191	0.2774	1.3429	0.20065802508117514	0.9500359156710514
ENSG00000003110	GABR193	1.0259	0.5491	1.339	0.20190235036036103	0.9500359156710514
ENSG00000003265	MMP784	1.804	-0.9245	-1.342	0.20094311761589534	0.9500359156710514
ENSG00000001839	RAB11FIP302	5.0251	-0.3729	-1.3394	0.2017807481607874	0.9500359156710514
ENSG00000003925	PRKC651	1.2971	0.6688	1.3433	0.20055693032457678	0.9500359156710514
ENSG00000000849	VPS119	2.1523	0.8287	1.3417	0.2010551435123445	0.9500359156710514
ENSG00000000285	PRKC210	5.2913	-0.5749	-1.3456	0.199830395037683	0.9500359156710514
ENSG00000002425	PPP1R506	2.443	-0.8305	-1.3503	0.19834720435390257	0.9500359156710514
ENSG00000001555	PXN347	1.8289	-1.0022	-1.3301	0.2047540418332966	0.9512761784248581
ENSG00000003720	USP647	5.9221	0.5359	1.3321	0.2041024528589455	0.9512761784248581
ENSG00000001645	TOMM578	5.9063	-0.6269	-1.3301	0.20473545088559186	0.9512761784248581
ENSG00000002085	HTR778	6.2184	0.4206	1.332	0.20412926266399528	0.9512761784248581
ENSG00000001198	KMT2509	1.5063	0.7814	1.3299	0.20482256873587645	0.9512761784248581
ENSG00000004160	RNF366	6.5284	-0.3643	-1.3309	0.20447756009838836	0.9512761784248581
ENSG00000002553	CUL880	1.2804	0.6037	1.3337	0.20360687699625024	0.9512761784248581
ENSG00000002455	HTR90	3.0042	-0.7772	-1.3315	0.20429011902302285	0.9512761784248581
ENSG00000001907	SMARC769	4.3305	0.5872	1.3279	0.2054533171360334	0.9514711992871606
ENSG00000001789	TLN851	8.9914	-0.2592	-1.3275	0.20559796469694297	0.9514711992871606
ENSG00000000524	SIRT365	4.3725	0.8722	1.3276	0.20556506122978033	0.9514711992871606
ENSG00000003490	MRPL562	1.5177	-0.7102	-1.324	0.2067148580233735	0.952474723941372
ENSG00000001614	SCN848	2.4389	0.6024	1.3238	0.2067754970304702	0.952474723941372
ENSG00000000924	TET366	6.8365	-0.4446	-1.3245	0.20653974959452367	0.952474723941372
ENSG00000001153	ANAPC608	1.3765	0.6927	1.3238	0.20679371575808306	0.952474723941372
ENSG00000003507	SKP769	6.1304	-0.3623	-1.3211	0.20765740383810855	0.9553222408249628
ENSG00000002951	EZH439	3.6176	-0.7348	-1.3156	0.20943334624130386	0.9611158967516839
ENSG00000000711	RPS343	1.9515	-0.6903	-1.3146	0.20978785135805444	0.9611158967516839
ENSG00000000986	CYP163	7.5854	-0.2342	-1.3159	0.20935909572235914	0.9611158967516839
ENSG00000000407	ACTN636	2.2821	-0.6982	-1.3142	0.2099045509349772	0.9611158967516839
ENSG00000001894	ATAD141	3.6924	-0.8633	-1.2666	0.22597600872372606	0.9612783934957206
ENSG00000004005	ADRB274	6.6583	0.4721	1.2666	0.22596245350916078	0.9612783934957206
ENSG00000002716	HDAC681	2.7351	0.8244	1.2946	0.21641065189578015	0.9612783934957206
ENSG00000002566	KIF425	1.9172	-0.7792	-1.2874	0.21882939005624813	0.9612783934957206
ENSG00000000598	SNX779	2.7923	0.7699	1.267	0.22582541839978865	0.9612783934957206
ENSG00000000595	ARID515	2.1949	-0.7152	-1.2576	0.22910078887568555	0.9612783934957206
ENSG00000002436	GRIN562	2.4276	0.6769	1.2844	0.2198478987769132	0.9612783934957206
ENSG00000002777	SMARC876	2.2232	0.6918	1.2547	0.23012304702489864	0.9612783934957206
ENSG00000000927	VPS664	1.8986	0.5667	1.2658	0.22624034075944444	0.9612783934957206
ENSG00000003504	ADAM874	4.4877	-0.5709	-1.2953	0.216155304275226	0.9612783934957206
ENSG00000000395	SUZ83	6.5289	-0.6149	-1.2864	0.21917216733740663	0.9612783934957206
ENSG00000001876	PPP2R191	2.2056	-0.8587	-1.2684	0.22535234433497356	0.9612783934957206
ENSG00000000096	EZH636	9.1975	-0.285	-1.2721	0.22405025604693185	0.9612783934957206
ENSG00000000103	TET674	5.5823	0.4054	1.2805	0.22117946593842616	0.9612783934957206
ENSG00000001776	FBXO877	8.6941	-0.3276	-1.254	0.2303876407499013	0.9612783934957206
ENSG00000003282	SIRT305	10.706	0.4275	1.2931	0.21691597645587812	0.9612783934957206
ENSG00000003433	FBXO887	4.7517	0.6844	1.3062	0.21254237458885403	0.9612783934957206
ENSG00000001817	UGT886	9.3557	0.3211	1.2971	0.21556476426774754	0.9612783934957206
ENSG00000000302	FBXO845	3.8532	0.7424	1.3013	0.2141689055885133	0.9612783934957206
ENSG00000004122	TOMM360	2.2019	-0.9533	-1.2538	0.23045763203755132	0.9612783934957206
ENSG00000003244	SMARC606	4.3092	-0.7412	-1.2824	0.22052120592988583	0.9612783934957206
ENSG00000003246	ACTN796	8.1335	0.2847	1.2998	0.2146546021426842	0.9612783934957206
ENSG00000000935	HIST1H107	6.0353	-0.4074	-1.263	0.22722577383848352	0.9612783934957206
ENSG00000001761	ARF797	5.4416	0.4966	1.3105	0.2111089934022476	0.9612783934957206
ENSG00000000926	PXN4	3.6922	-0.6778	-1.2857	0.2194006914789484	0.9612783934957206
ENSG00000002902	SLC516	7.7428	-0.403	-1.2768	0.22246117066090398	0.9612783934957206
ENSG00000003702	HTR444	2.8614	-0.6025	-1.2658	0.22622840345764483	0.9612783934957206
ENSG00000001644	SUZ218	1.5031	0.6388	1.2651	0.22650395515125582	0.9612783934957206
ENSG00000002918	PPP2R561	7.5248	-0.3438	-1.2723	0.22399542766186215	0.9612783934957206
ENSG00000003941	GNA548	2.8478	-0.8605	-1.2627	0.22731198119616677	0.9612783934957206
ENSG00000003947	VCL602	6.9491	-0.476	-1.2755	0.22290123179721844	0.9612783934957206
ENSG00000001576	MT-CYB	12.7343	-0.4148	-1.2709	0.22448322692019146	0.9612783934957206
ENSG00000003031	SKP513	3.0532	0.8235	1.2728	0.22380642125169264	0.9612783934957206
ENSG00000003059	BRD394	1.8124	0.6605	1.2812	0.22092292258851678	0.9612783934957206
ENSG00000003688	RAB679	8.907	0.5226	1.2752	0.22300890091311554	0.9612783934957206
ENSG00000003655	SPTB605	4.936	0.6137	1.2757	0.22283742554935104	0.9612783934957206
ENSG00000002393	SUZ418	10.3257	-0.2442	-1.2731	0.22373350177132129	0.9612783934957206
ENSG00000000709	DRD839	7.4661	0.2955	1.2872	0.21889482196216173	0.9612783934957206
ENSG00000000781	GNA541	7.388	-0.3534	-1.2995	0.2147737657739085	0.9612783934957206
ENSG00000000453	RAB11FIP590	2.5976	-0.8783	-1.2549	0.23006700434692928	0.9612783934957206
ENSG00000000082	PRKC52	7.207	-0.3518	-1.2645	0.22671153283428408	0.9612783934957206
ENSG00000002101	RAB11FIP627	3.9961	-0.6832	-1.258	0.22898592259458547	0.9612783934957206
ENSG00000000106	HIST1H896	9.3892	-0.418	-1.2943	0.21650648190965374	0.9612783934957206
ENSG00000003970	TUBB512	13.1636	-0.3712	-1.3043	0.213181841242321	0.9612783934957206
ENSG00000002397	MAPK672	5.53	0.5955	1.2604	0.2281278905397196	0.9612783934957206
ENSG00000002414	RPL563	7.056	-0.5272	-1.2727	0.22386868773180926	0.9612783934957206
ENSG00000002424	DYNC179	2.0396	0.7086	1.2563	0.22957524618380432	0.9612783934957206
ENSG00000002469	GNA274	4.5136	0.6757	1.2657	0.22627034128776302	0.9612783934957206
ENSG00000003149	TIMM471	5.9201	-0.5373	-1.2924	0.21714915585981992	0.9612783934957206
ENSG00000000934	SEC446	9.9413	-0.3709	-1.3041	0.2132493525308191	0.9612783934957206
ENSG00000003354	PXN576	6.3816	0.3667	1.26	0.22825368733369997	0.9612783934957206
ENSG00000000296	ANAPC653	6.434	-0.4601	-1.312	0.21062654457461122	0.9612783934957206
ENSG00000001575	HDAC516	2.7283	0.5583	1.2778	0.2220963640286244	0.9612783934957206
ENSG00000003753	MRPS489	2.3424	0.7342	1.2593	0.2285185908025252	0.9612783934957206
ENSG00000002225	TRIM857	5.2275	0.4672	1.2531	0.23068705537641396	0.9612783934957206
ENSG00000000199	DUSP434	5.3773	0.5306	1.2584	0.22881602202652704	0.9612783934957206
ENSG00000001421	HMOX1	7.0861	-0.4681	-1.2596	0.22840580057282162	0.9612783934957206
ENSG00000003885	KRT870	1.8451	-0.6224	-1.2647	0.22661979147127712	0.9612783934957206
ENSG00000003598	UGT473	1.7903	-0.7558	-1.276	0.22272872542522235	0.9612783934957206
ENSG00000000671	DDX512	5.5686	0.3872	1.2541	0.23035734102665292	0.9612783934957206
ENSG00000002982	ARF184	4.6546	-0.5219	-1.3002	0.21453920352655653	0.9612783934957206
ENSG00000001627	DNMT146	4.2706	0.4765	1.2597	0.22838833192155397	0.9612783934957206
ENSG00000002899	TMEM742	4.2904	0.5518	1.2692	0.22507972931200823	0.9612783934957206
ENSG00000000026	CACN47	4.7685	-0.7066	-1.2818	0.22072273506140752	0.9612783934957206
ENSG00000001232	TET896	2.8719	-0.8778	-1.2581	0.22894900881876906	0.9612783934957206
ENSG00000000563	ARF415	1.8443	0.6515	1.2569	0.22934790221385726	0.9612783934957206
ENSG00000002592	ANAPC109	3.3862	-0.7096	-1.2949	0.21629890354219486	0.9612783934957206
ENSG00000002573	MAPK213	3.8859	0.4371	1.2933	0.21682779568516503	0.9612783934957206
ENSG00000002870	ARID517	12.2383	-0.4312	-1.2997	0.2147006547204744	0.9612783934957206
ENSG00000003841	MAPK25	1.3929	-0.6332	-1.2857	0.21940160716689	0.9612783934957206
ENSG00000000723	KIF578	3.2032	0.6439	1.2945	0.2164269173407735	0.9612783934957206
ENSG00000002558	SLC155	3.2419	1.1729	1.2644	0.22673540107142773	0.9612783934957206
ENSG00000002583	MMP874	6.4877	0.5164	1.2755	0.22290246433987135	0.9612783934957206
ENSG00000000743	VCL78	7.6695	-0.2803	-1.2775	0.22222013877908212	0.9612783934957206
ENSG00000002819	GABR101	1.4679	-0.58	-1.2718	0.2241601718885292	0.9612783934957206
ENSG00000002851	IL6	5.7187	0.6352	1.2608	0.22798431900224875	0.9612783934957206
ENSG00000002944	KMT2601	7.8932	-0.3596	-1.2629	0.22726884966559308	0.9612783934957206
ENSG00000003812	TRIM210	7.567	0.6248	1.2796	0.221471000685188	0.9612783934957206
ENSG00000001021	KRT589	8.0421	-0.3312	-1.2603	0.22817065766180966	0.9612783934957206
ENSG00000002283	RAB11FIP273	6.8666	0.4531	1.2584	0.22884035622701512	0.9612783934957206
ENSG00000002881	DYNC482	2.657	-0.8203	-1.288	0.21863015442318873	0.9612783934957206
ENSG00000003283	ZNF224	1.2088	-0.8685	-1.2946	0.2164065922725199	0.9612783934957206
ENSG00000002654	H2AF433	2.6645	0.7194	1.3112	0.21087870054666857	0.9612783934957206
ENSG00000002745	EIF328	5.0869	0.5452	1.2605	0.22808189231423895	0.9612783934957206
ENSG00000002913	ANK667	5.399	-0.4929	-1.2516	0.23122683023515544	0.962497137192754
ENSG00000002867	SNX326	6.4774	0.5869	1.2508	0.23150894705810157	0.9626419037928753
ENSG00000000685	RHO858	6.7387	-0.3798	-1.2452	0.23350569045933892	0.9640157054080465
ENSG00000003963	TLN728	1.5405	-0.6338	-1.2354	0.23701350887326691	0.9640157054080465
ENSG00000000167	FBXO782	6.6477	-0.3607	-1.2432	0.23422858185638507	0.9640157054080465
ENSG00000001509	KDM521	6.4362	-0.3983	-1.2447	0.23368415901715286	0.9640157054080465
ENSG00000004141	TIMM246	8.5526	-0.2779	-1.2365	0.2366124125324418	0.9640157054080465
ENSG00000004179	MAPK508	5.068	0.4148	1.2448	0.23364345485836513	0.9640157054080465
ENSG00000002798	COPB767	4.0566	-0.567	-1.24	0.23537342319721904	0.9640157054080465
ENSG00000001069	CDC757	6.0362	0.49	1.2409	0.23502170538829428	0.9640157054080465
ENSG00000003276	GNA706	4.1936	0.8803	1.2434	0.23413747199205207	0.9640157054080465
ENSG00000003296	COL637	6.5702	0.5787	1.2392	0.23564592454802843	0.9640157054080465
ENSG00000003724	ACTN711	8.0362	-0.3732	-1.2387	0.2358385993156911	0.9640157054080465
ENSG00000003719	KMT28	5.4577	0.402	1.2455	0.23339656000961134	0.9640157054080465
ENSG00000002394	H2AF294	2.6431	0.8936	1.2411	0.2349615116992453	0.9640157054080465
ENSG00000000720	KIF859	5.4146	-0.3243	-1.2451	0.23352313052770127	0.9640157054080465
ENSG00000001065	GRIN141	4.9952	0.4854	1.2485	0.23233290867044123	0.9640157054080465
ENSG00000000704	VPS206	1.9083	-0.7132	-1.2458	0.23328646756063848	0.9640157054080465
ENSG00000002677	SNX388	1.4636	-0.5414	-1.2353	0.23704086075937833	0.9640157054080465
ENSG00000000396	MAPK269	7.0896	0.2881	1.2353	0.237031861886079	0.9640157054080465
ENSG00000003371	TOMM392	5.6035	-0.6384	-1.2394	0.23556202905534757	0.9640157054080465
ENSG00000000314	ZNF857	3.3319	0.5958	1.2366	0.23658145217101656	0.9640157054080465
ENSG00000003286	ABC749	6.3984	0.3465	1.2381	0.23603208320735686	0.9640157054080465
ENSG00000000809	ATAD283	5.2689	0.7192	1.2335	0.23770241460921515	0.9656970748006944
ENSG00000003107	KCN734	7.5518	-0.4575	-1.232	0.2382439717607903	0.9668879437883169
ENSG00000003728	KMT2443	4.2384	-0.7088	-1.2172	0.24364527180664328	0.967546504260014
ENSG00000002282	RAB11FIP517	3.6537	-0.9266	-1.2203	0.24249189870696117	0.967546504260014
ENSG00000001014	KCN599	8.9371	0.1612	1.2223	0.2417862805872313	0.967546504260014
ENSG00000000501	CDC658	1.6212	0.6759	1.2269	0.24009201525758067	0.967546504260014
ENSG00000000658	ADAM305	5.2169	0.5394	1.2166	0.24386916038946344	0.967546504260014
ENSG00000002625	MMP366	4.7868	0.5003	1.2256	0.24057620653889755	0.967546504260014
ENSG00000000020	MRPS449	5.9001	0.5106	1.2177	0.2434489233219951	0.967546504260014
ENSG00000003680	USP198	8.0452	-0.3344	-1.2226	0.2416582666049877	0.967546504260014
ENSG00000003993	VPS501	5.4072	-0.557	-1.2177	0.24347339518231007	0.967546504260014
ENSG00000002371	ZNF215	4.4371	-0.5768	-1.2236	0.24130802179516683	0.967546504260014
ENSG00000004027	KCN882	3.6734	0.4245	1.2259	0.24046575697936726	0.967546504260014
ENSG00000000623	RAB11FIP505	5.7501	-0.4331	-1.2231	0.24149392325845542	0.967546504260014
ENSG00000001938	CYP241	6.8105	-0.4768	-1.228	0.23969587503266981	0.967546504260014
ENSG00000003489	CTNNB1	3.4889	0.7588	1.2221	0.2418610745633948	0.967546504260014
ENSG00000001591	BRD303	4.1894	-0.7792	-1.2189	0.24301669658336156	0.967546504260014
ENSG00000001200	RNF281	3.4493	-0.8935	-1.2176	0.2434904010154503	0.967546504260014
ENSG00000000774	ABC818	7.9683	0.3168	1.2236	0.24128865996028698	0.967546504260014
ENSG00000000777	HIST1H445	3.3143	-0.8267	-1.2168	0.2438027244244065	0.967546504260014
ENSG00000000441	TOMM348	4.8392	0.4631	1.2175	0.24355511073650843	0.967546504260014
ENSG00000000538	HIST1H82	1.2112	-0.6802	-1.2196	0.24277884325193133	0.967546504260014
ENSG00000004197	H2AF710	7.2165	0.3055	1.2175	0.24354383203400862	0.967546504260014
ENSG00000003814	GRIN119	5.3979	-0.3664	-1.2166	0.24387541641291718	0.967546504260014
ENSG00000001290	SMARC344	2.8326	0.4789	1.2115	0.24576494431831877	0.9690974265689224
ENSG00000001758	VCL68	7.7613	0.437	1.2116	0.24571328275246146	0.9690974265689224
ENSG00000001660	GABR342	5.1516	-0.4964	-1.2122	0.24550622055573776	0.9690974265689224
ENSG00000000379	NR5A2	5.6907	0.3658	1.2125	0.24539254561507778	0.9690974265689224
ENSG00000004057	H2AF498	4.7187	0.7872	1.2144	0.24467277301614918	0.9690974265689224
ENSG00000002710	SIRT631	3.2979	0.7072	1.211	0.24594143339068206	0.9690974265689224
ENSG00000002492	GABR823	2.0645	-0.5926	-1.2104	0.24617291056502483	0.9690974265689224
ENSG00000000464	EIF175	6.8924	0.261	1.2101	0.24625831317488803	0.9690974265689224
ENSG00000001809	TUBB886	7.5049	-0.4076	-1.2092	0.24660391328031217	0.9694772025120959
ENSG00000002678	ADRB749	6.3954	-0.3629	-1.2081	0.24703098775189358	0.9701761900407364
ENSG00000004185	RHO576	1.698	-0.7279	-1.2034	0.24876436588015796	0.9720792289212599
ENSG00000001191	GABR245	4.2558	-0.7167	-1.2034	0.24876255380992518	0.9720792289212599
ENSG00000002734	RHO658	3.1055	0.7356	1.2045	0.24835765054083478	0.9720792289212599
ENSG00000002740	H2AF363	4.8178	0.4721	1.2059	0.24782647593428925	0.9720792289212599
ENSG00000000133	UBE2859	3.188	-0.6309	-1.2049	0.24821479718678924	0.9720792289212599
ENSG00000000136	PXN717	9.5036	0.3999	1.2025	0.24913154674703075	0.9725375927175965
ENSG00000000913	HTR700	7.2847	-0.3206	-1.1998	0.2501100335808812	0.9727820840234952
ENSG00000003948	ANK167	7.7242	-0.3181	-1.1999	0.25008131787710924	0.9727820840234952
ENSG00000000111	GRIN336	10.3023	0.3094	1.2001	0.2500106297910962	0.9727820840234952
ENSG00000003115	HDAC368	7.7042	-0.5111	-1.1983	0.2506938412835472	0.9727820840234952
ENSG00000004048	HTR630	5.4014	0.736	1.1983	0.25068493318600216	0.9727820840234952
ENSG00000001305	RPS462	3.6051	0.7859	1.1992	0.2503413970890548	0.9727820840234952
ENSG00000003337	TIMM828	7.8217	-0.3947	-1.197	0.2511969864160228	0.9737636166645026
ENSG00000002314	KIF771	7.6483	0.372	1.1947	0.2520347836677638	0.9760391821243151
ENSG00000001277	TRIM527	1.2525	0.5366	1.166	0.26308416351543557	0.9760949136340088
ENSG00000002661	ARF434	4.4042	-0.8931	-1.1774	0.2586490912336743	0.9760949136340088
ENSG00000002487	MMP181	7.1486	0.3314	1.175	0.2595965670065713	0.9760949136340088
ENSG00000004168	DHX642	7.5973	0.4209	1.1897	0.2539475934473228	0.9760949136340088
ENSG00000002842	GNA514	6.1822	-0.297	-1.1754	0.25945709690864094	0.9760949136340088
ENSG00000002313	SNX294	7.1355	0.3199	1.1664	0.26294938668920914	0.9760949136340088
ENSG00000003773	PPP1R432	3.5295	-0.7087	-1.1715	0.2609558349456587	0.9760949136340088
ENSG00000003830	BAK1	3.5491	-0.6743	-1.167	0.262689636642376	0.9760949136340088
ENSG00000001544	DYNC845	5.7267	-0.5516	-1.1719	0.2608010510874976	0.9760949136340088
ENSG00000001018	ATAD407	1.7584	-0.7686	-1.1777	0.2585487565687226	0.9760949136340088
ENSG00000003684	COPB105	6.0393	0.3036	1.1821	0.25685220480739496	0.9760949136340088
ENSG00000003023	KIF41	4.5442	-0.5705	-1.1706	0.26128617396488524	0.9760949136340088
ENSG00000003936	MRPL299	5.9125	-0.4671	-1.1669	0.26273046242442144	0.9760949136340088
ENSG00000003891	ACTN269	5.8098	-0.4836	-1.1728	0.26045159984401745	0.9760949136340088
ENSG00000000387	PLC629	4.1447	-0.4317	-1.1733	0.2602517770177618	0.9760949136340088
ENSG00000002150	PPP2R395	7.3244	-0.2476	-1.1848	0.25583366886074477	0.9760949136340088
ENSG00000001670	EZH143	3.5719	0.6424	1.177	0.2588240160114407	0.9760949136340088
ENSG00000003584	TLN597	6.5963	0.3734	1.1753	0.25945960144882757	0.9760949136340088
ENSG00000003581	KIF323	4.4954	0.7051	1.1858	0.25544756899309917	0.9760949136340088
ENSG00000000251	PRKC481	6.9317	-0.3662	-1.1686	0.2620833915170541	0.9760949136340088
ENSG00000000422	TRIM895	4.472	-0.9685	-1.1797	0.2577735272131976	0.9760949136340088
ENSG00000003138	SNX885	3.8227	0.5176	1.1824	0.2567531474305554	0.9760949136340088
ENSG00000003976	GRIN485	2.2317	0.7766	1.1706	0.26131536603431926	0.9760949136340088
ENSG00000003971	RPL336	8.3744	0.4073	1.1812	0.2571831619824194	0.9760949136340088
ENSG00000000499	SMARC389	5.2505	0.4891	1.1928	0.25277013556092853	0.9760949136340088
ENSG00000003961	CDC494	6.0165	0.4359	1.1671	0.26268290261267696	0.9760949136340088
ENSG00000000194	SKP801	4.0962	0.4621	1.1893	0.2541143587822403	0.9760949136340088
ENSG00000002053	TLN876	3.4613	-0.8327	-1.1907	0.25356002260957783	0.9760949136340088
ENSG00000003471	SPTB874	6.3299	-0.3866	-1.1782	0.25834434678641394	0.9760949136340088
ENSG00000001827	RPS611	2.7176	0.6427	1.1764	0.25906390338673846	0.9760949136340088
ENSG00000000415	DRD280	4.7502	-0.3056	-1.1665	0.26290647826873764	0.9760949136340088
ENSG00000003177	ARF341	1.3588	-0.732	-1.1728	0.26044569279069774	0.9760949136340088
ENSG00000000670	CCNB381	1.9353	-0.8647	-1.1885	0.25441975496426045	0.9760949136340088
ENSG00000000607	COPB23	2.1892	-0.8883	-1.1876	0.25475522289621466	0.9760949136340088
ENSG00000004003	SCN575	7.238	0.3059	1.1822	0.25682825488547156	0.9760949136340088
ENSG00000003986	SEC256	7.9935	0.417	1.1887	0.2543354519380667	0.9760949136340088
ENSG00000003393	MRPL174	4.7096	-0.5795	-1.1758	0.2593003137573754	0.9760949136340088
ENSG00000001105	SIRT729	8.5265	-0.3047	-1.1935	0.2524990858516558	0.9760949136340088
ENSG00000003348	ABC72	2.6565	0.6752	1.1859	0.2553890673093233	0.9760949136340088
ENSG00000000954	OR577	3.8326	-0.71	-1.1661	0.26304137749940504	0.9760949136340088
ENSG00000001108	TP53	3.1228	0.546	1.191	0.2534417881654662	0.9760949136340088
ENSG00000001804	CDC71	9.072	-0.3353	-1.1788	0.2581159404065659	0.9760949136340088
ENSG00000000886	KRT92	5.5759	-0.5267	-1.1669	0.26275900444578865	0.9760949136340088
ENSG00000004110	MMP163	4.5403	-0.6898	-1.1722	0.2606846724271506	0.9760949136340088
ENSG00000001775	RPL304	4.2732	-0.4268	-1.1606	0.26521333692108545	0.9778408600145747
ENSG00000000885	DNMT616	5.1158	0.3882	1.163	0.26427080424121396	0.9778408600145747
ENSG00000003349	TRIM426	5.4209	0.4605	1.1638	0.26396887491657733	0.9778408600145747
ENSG00000002575	MMP884	4.1945	-0.631	-1.1628	0.2643458758926562	0.9778408600145747
ENSG00000002428	HDAC294	1.2456	-0.6011	-1.1615	0.26486128652638985	0.9778408600145747
ENSG00000001700	SCN455	2.1111	-0.8196	-1.1602	0.26535751918010464	0.9778408600145747
ENSG00000002330	ABC104	7.5521	0.3603	1.161	0.26506560106139576	0.9778408600145747
ENSG00000001295	SLC61	8.5919	0.3394	1.1597	0.26556469399676397	0.9778408600145747
ENSG00000003892	HTR439	4.8507	-0.741	-1.1552	0.2673547012691931	0.9816457522072637
ENSG00000001450	RAB11FIP509	4.1863	0.7459	1.1552	0.26732925511485983	0.9816457522072637
ENSG00000001178	ANK255	4.7884	0.494	1.156	0.26703959632483815	0.9816457522072637
ENSG00000004055	ZNF758	3.6956	-0.684	-1.154	0.2678249420140115	0.9824454988864589
ENSG00000003547	COPB367	1.6218	-0.7449	-1.1516	0.2687861117144802	0.9850428877521252
ENSG00000004144	SUZ370	9.3269	0.2635	1.1501	0.2693736481198067	0.9851299818013544
ENSG00000000560	BRD508	6.8305	-0.3878	-1.1488	0.2698774985868242	0.9851299818013544
ENSG00000000284	DYNC780	7.9981	0.3861	1.1493	0.26967526182562074	0.9851299818013544
ENSG00000002843	SNX652	4.0258	-0.5155	-1.1494	0.2696348438461522	0.9851299818013544
ENSG00000001062	ANK120	2.7436	-0.4897	-1.1483	0.2700754600673292	0.9851299818013544
ENSG00000000072	SUZ500	4.5833	-0.427	-1.1454	0.27124705008859673	0.9858355567187835
ENSG00000002293	KIF435	7.1071	0.3295	1.1434	0.2720419804511751	0.9858355567187835
ENSG00000002883	ACACA	12.6449	0.3819	1.146	0.27101155365894986	0.9858355567187835
ENSG00000003288	ADAM653	4.0497	0.4347	1.1445	0.27159667623661016	0.9858355567187835
ENSG00000000512	KMT2268	2.4454	0.7188	1.1448	0.2715016127816699	0.9858355567187835
ENSG00000002320	SLC460	6.6378	-0.5121	-1.1437	0.2719285389789877	0.9858355567187835
ENSG00000003404	MRPS835	5.0147	0.461	1.1437	0.27190990661552067	0.9858355567187835
ENSG00000002771	SPTB136	1.5314	-0.8372	-1.1402	0.2733436854730629	0.9859625800381473
ENSG00000000058	UGT418	6.1829	-0.4751	-1.1402	0.2733159269956582	0.9859625800381473
ENSG00000003396	CYP502	6.322	0.4083	1.1426	0.27237202253025555	0.9859625800381473
ENSG00000003797	TUBB213	3.9323	-0.5225	-1.1418	0.27270894399995527	0.9859625800381473
ENSG00000001245	RAB11FIP483	3.7848	-0.7887	-1.1409	0.27304356135170665	0.9859625800381473
ENSG00000002242	VPS103	4.2185	-0.9318	-1.1378	0.2743182048565569	0.9867342451956742
ENSG00000000468	ARF386	7.476	-0.3418	-1.1387	0.27394174209008126	0.9867342451956742
ENSG00000002773	SMAD7	1.8478	-0.7054	-1.1379	0.2742706020789374	0.9867342451956742
ENSG00000001157	CHRM361	8.3051	0.3054	1.1352	0.2753473574416372	0.9886087778255093
ENSG00000000421	SUZ202	4.1336	-0.6571	-1.1353	0.275295236248307	0.9886087778255093
ENSG00000001156	FH	4.0108	-0.4971	-1.1343	0.27570739066362027	0.9889890916707927
ENSG00000001506	GNA769	6.2828	0.4361	1.1335	0.2760258955457391	0.989219876117879
ENSG00000003670	TOMM419	8.667	-0.4177	-1.1328	0.27632558095931864	0.9893828528920591
ENSG00000001283	SKP635	4.8346	-0.5065	-1.127	0.27868364283870184	0.989845167237071
ENSG00000001030	MYO580	4.9109	-0.4595	-1.1267	0.27883134579235447	0.989845167237071
ENSG00000004148	SNX292	6.4021	0.4623	1.1262	0.27899798264621456	0.989845167237071
ENSG00000003871	DDX115	6.2721	0.5513	1.1314	0.2768908676118453	0.989845167237071
ENSG00000001492	H2AF719	1.4757	-0.5844	-1.1263	0.2789572369573104	0.989845167237071
ENSG00000004163	SCN376	7.7945	-0.3809	-1.1284	0.27811300477251555	0.989845167237071
ENSG00000004034	MRPL569	5.5024	0.4791	1.1301	0.2774170907008482	0.989845167237071
ENSG00000000243	COL341	2.2868	-0.8435	-1.1275	0.2784793852767297	0.989845167237071
ENSG00000000271	VCL360	7.1136	0.3954	1.1306	0.27720395935453157	0.989845167237071
ENSG00000004043	SNX27	1.5213	0.4578	1.1288	0.27793641009831216	0.989845167237071
ENSG00000003549	PLC229	9.551	-0.1542	-1.123	0.28032706378718203	0.9936547652638547
ENSG00000003428	UBE2286	3.9908	-0.7073	-1.1222	0.2806437295325438	0.9938720612744864
ENSG00000003801	SEC496	2.1643	-0.7862	-1.1204	0.28141460367316207	0.9956960340872243
ENSG00000004196	TRIM752	2.8073	-0.7219	-1.0221	0.3240828579578108	0.9998953409918314
ENSG00000004193	MYO331	8.8321	0.0693	0.3804	0.7093723858050536	0.9998953409918314
ENSG00000004192	DHX165	7.2613	-0.3534	-0.9118	0.3772955436404163	0.9998953409918314
ENSG00000004190	TIMM639	6.8273	0.408	1.0925	0.2930448406611506	0.9998953409918314
ENSG00000004189	RHO634	7.8226	-0.1493	-0.4741	0.6427595170191618	0.9998953409918314
ENSG00000004188	TET887	4.5233	-0.5761	-1.0257	0.32241607813949	0.9998953409918314
ENSG00000004187	PPP2R242	4.3131	-0.0738	-0.1527	0.8808139247410847	0.9998953409918314
ENSG00000004186	TRIM287	10.2876	-0.2369	-0.8803	0.3935339544942048	0.9998953409918314
ENSG00000004184	VPS95	6.5661	-0.0798	-0.2163	0.8318571924951136	0.9998953409918314
ENSG00000004183	MMP51	7.4669	-0.1729	-0.733	0.47564050228612065	0.9998953409918314
ENSG00000004182	ANK768	5.6347	-0.2435	-0.7	0.4953927787446596	0.9998953409918314
ENSG00000000018	RAB11FIP69	2.1285	0.4049	0.5208	0.6106476383860693	0.9998953409918314
ENSG00000000017	USP23	5.1471	0.0259	0.0512	0.959865787681367	0.9998953409918314
ENSG00000000016	GABR654	8.7983	-0.0539	-0.168	0.8690234033721487	0.9998953409918314
ENSG00000000015	GABR136	1.3587	-0.0875	-0.1754	0.8632728250734379	0.9998953409918314
ENSG00000000014	KRT380	9.2889	0.0514	0.2181	0.8304745528076356	0.9998953409918314
ENSG00000000013	HDAC271	8.6697	-0.2088	-0.6125	0.550014640533824	0.9998953409918314
ENSG00000000012	DNMT260	7.9991	0.2696	0.6007	0.5576654878460319	0.9998953409918314
ENSG00000000009	FBXO194	4.3747	-0.1605	-0.2966	0.7711189372894476	0.9998953409918314
ENSG00000000007	FBXO780	6.2561	0.2087	0.3855	0.7056783267501712	0.9998953409918314
ENSG00000000006	DNMT654	5.4693	-0.2511	-0.8762	0.39570207754169906	0.9998953409918314
ENSG00000000005	GABR130	3.442	0.4389	0.9544	0.35607247803885256	0.9998953409918314
ENSG00000000003	DYNC643	1.886	0.5772	1.1052	0.28771078798441635	0.9998953409918314
ENSG00000004198	EIF824	2.9214	0.4041	0.5602	0.5842053803518561	0.9998953409918314
ENSG00000001199	EZH148	6.47	-0.2031	-0.6638	0.5175873723786055	0.9998953409918314
ENSG00000001197	COPB34	6.0915	-0.2575	-0.7268	0.4793061715960313	0.9998953409918314
ENSG00000001195	UBE2358	1.9041	-0.0065	-0.0135	0.9893918554075811	0.9998953409918314
ENSG00000001194	USP633	4.9814	0.4132	1.0707	0.30239773835659356	0.9998953409918314
ENSG00000001193	SPTB298	3.7549	-0.3265	-0.6087	0.5525041776665054	0.9998953409918314
ENSG00000001192	DYNC98	1.4736	0.0358	0.0568	0.9554816814400788	0.9998953409918314
ENSG00000001190	HDAC578	3.6987	-0.4175	-0.754	0.46332148624007696	0.9998953409918314
ENSG00000001189	PPP1R648	2.8484	0.0378	0.0599	0.953073733266985	0.9998953409918314
ENSG00000001188	SKP682	1.5645	-0.449	-0.9063	0.38009948576476604	0.9998953409918314
ENSG00000001187	SCN239	5.9245	0.1361	0.3012	0.7676596214402001	0.9998953409918314
ENSG00000001186	PXN7	4.1804	0.0746	0.1043	0.918407454756454	0.9998953409918314
ENSG00000001184	ADRB197	5.8985	-0.2463	-0.6707	0.5133084422709396	0.9998953409918314
ENSG00000001217	BRD389	6.6635	0.1149	0.3634	0.7217140749008736	0.9998953409918314
ENSG00000001216	SLC323	5.415	-0.2433	-0.5669	0.5797850388614301	0.9998953409918314
ENSG00000001215	ERCC1	4.275	-0.4114	-0.9227	0.37177225126685776	0.9998953409918314
ENSG00000001214	SNX439	6.8918	-0.0464	-0.0994	0.9222495785931626	0.9998953409918314
ENSG00000001213	FBXO58	5.182	-0.2963	-0.4663	0.6481939075702048	0.9998953409918314
ENSG00000001211	DUSP724	4.0728	-0.2668	-0.4193	0.681377874303142	0.9998953409918314
ENSG00000001209	PPP2R31	6.0124	-0.0337	-0.0719	0.9437241342276831	0.9998953409918314
ENSG00000001208	TRIM191	1.8683	0.1013	0.2079	0.8383230236502512	0.9998953409918314
ENSG00000001206	KDM611	10.669	0.2583	0.6152	0.548264265676637	0.9998953409918314
ENSG00000001204	DNMT71	1.9263	0.3576	0.4977	0.6264205874907202	0.9998953409918314
ENSG00000001202	MRPL183	4.8547	0.1534	0.3706	0.7165184333669925	0.9998953409918314
ENSG00000001236	TMEM582	6.9956	-0.327	-0.9217	0.37228890042198626	0.9998953409918314
ENSG00000001235	KCN36	2.6116	-0.1883	-0.261	0.7979081560269193	0.9998953409918314
ENSG00000001231	GRIN572	5.8753	0.3869	0.5044	0.6218063539788172	0.9998953409918314
ENSG00000001229	GRIN335	5.4624	0.3726	0.9237	0.3712999572729567	0.9998953409918314
ENSG00000001228	SIRT248	5.2228	0.0386	0.0821	0.9357024421793727	0.9998953409918314
ENSG00000001227	KDM477	1.9371	0.0368	0.0597	0.9532431239178095	0.9998953409918314
ENSG00000001226	TET292	9.7421	-0.1887	-0.6198	0.545355667126908	0.9998953409918314
ENSG00000001223	PLC127	1.7782	0.1267	0.1812	0.8587972680951366	0.9998953409918314
ENSG00000001222	ZNF729	4.6254	-0.0611	-0.0941	0.9263466639274708	0.9998953409918314
ENSG00000001221	TMEM618	4.8951	-0.4192	-0.814	0.4292468499917117	0.9998953409918314
ENSG00000001219	DRD669	5.1862	-0.4022	-0.8189	0.4265660542791828	0.9998953409918314
ENSG00000001218	VEGFA	1.1646	0.2352	0.5069	0.6201254449892215	0.9998953409918314
ENSG00000001183	ANAPC680	4.1382	-0.5511	-0.8602	0.40415278280201505	0.9998953409918314
ENSG00000001182	TLN709	1.9263	-0.0463	-0.078	0.9389652719941336	0.9998953409918314
ENSG00000001181	CUL697	5.6747	0.1027	0.3113	0.7601357051091914	0.9998953409918314
ENSG00000001180	DRD65	1.8429	-0.2648	-0.3957	0.698318078697094	0.9998953409918314
ENSG00000001179	KDM709	4.0173	-0.2394	-0.3606	0.7237663974430206	0.9998953409918314
ENSG00000001176	EIF569	10.8223	0.0912	0.4921	0.6302573031826095	0.9998953409918314
ENSG00000001175	SMARC303	7.5024	0.1827	0.4679	0.6470460107911429	0.9998953409918314
ENSG00000001173	ANK440	6.3962	0.11	0.2734	0.788564793263251	0.9998953409918314
ENSG00000001172	UBE2289	7.0437	-0.3609	-0.8618	0.403333890876426	0.9998953409918314
ENSG00000001171	UGT103	1.0223	-0.0534	-0.1235	0.9034996733858526	0.9998953409918314
ENSG00000001170	SPTB315	1.6244	-0.0765	-0.1223	0.9044131051621531	0.9998953409918314
ENSG00000001256	CCNB514	5.8855	-0.0517	-0.1798	0.859889511965147	0.9998953409918314
ENSG00000001255	TUBB655	7.7432	-0.3339	-0.9906	0.3386962690476516	0.9998953409918314
ENSG00000001254	MMP298	2.6744	0.0522	0.0806	0.9369117136644537	0.9998953409918314
ENSG00000001250	PRKC27	6.0812	-0.2648	-0.7357	0.47408019082642305	0.9998953409918314
ENSG00000001249	KDM549	2.9615	0.2298	0.5004	0.6245652353560409	0.9998953409918314
ENSG00000001248	CDC68	4.6955	0.5476	0.9056	0.38045094937580104	0.9998953409918314
ENSG00000001247	MYO695	4.8214	-0.1543	-0.461	0.6519007190546227	0.9998953409918314
ENSG00000001243	ARF445	1.8859	-0.0792	-0.1272	0.9005832085499221	0.9998953409918314
ENSG00000001242	DHX7	6.0336	-0.3007	-0.7958	0.4394331841124607	0.9998953409918314
ENSG00000001241	GABR415	9.1922	-0.0615	-0.2111	0.8358602440045311	0.9998953409918314
ENSG00000001240	RHO305	8.018	0.2172	0.7869	0.44446268707717806	0.9998953409918314
ENSG00000001239	KMT2877	4.6153	0.4897	0.7876	0.4440683630776743	0.9998953409918314
ENSG00000001238	EIF823	1.3953	-0.1213	-0.2441	0.8106941035467332	0.9998953409918314
ENSG00000001274	VPS492	4.9402	-0.2115	-0.5011	0.6240811349707263	0.9998953409918314
ENSG00000001273	CCNB551	5.8628	-0.1327	-0.5864	0.5669225029764753	0.9998953409918314
ENSG00000001272	USP483	5.6061	0.0145	0.0286	0.9775595015353044	0.9998953409918314
ENSG00000001270	KCN702	5.2576	0.169	0.3321	0.7447259394586332	0.9998953409918314
ENSG00000001269	UBE289	2.3327	0.265	0.4741	0.6427599814339967	0.9998953409918314
ENSG00000001268	UGT549	2.2629	0.6307	0.9086	0.3789372486388589	0.9998953409918314
ENSG00000001267	GNA167	10.3052	0.1518	0.4125	0.6861949129588751	0.9998953409918314
ENSG00000001265	OR723	10.4323	0.159	0.9537	0.35639333417752395	0.9998953409918314
ENSG00000001264	TRIM804	4.5664	0.2298	0.2863	0.7788735783005033	0.9998953409918314
ENSG00000001263	GABR574	5.6779	0.3823	0.8772	0.3951842409314912	0.9998953409918314
ENSG00000001262	MYO498	3.4848	0.6322	0.8735	0.397143734670241	0.9998953409918314
ENSG00000001260	OR85	3.912	-0.351	-0.5786	0.5720302237372841	0.9998953409918314
ENSG00000001259	TUBB206	2.4388	-0.4587	-0.7989	0.4376679438859036	0.9998953409918314
ENSG00000001258	KIF117	5.092	-0.309	-0.5586	0.5852395901446332	0.9998953409918314
ENSG00000001257	FBXO811	3.0314	-0.4669	-0.7441	0.4691209401730779	0.9998953409918314
ENSG00000001289	CPT1A	1.5201	0.4291	0.6981	0.49653826937030887	0.9998953409918314
ENSG00000001288	DYNC719	8.089	-0.0995	-0.5499	0.5910838432119156	0.9998953409918314
ENSG00000001287	MRPL810	5.1025	-0.0518	-0.1473	0.8850153894265206	0.9998953409918314
ENSG00000001286	EZH597	8.1842	0.0497	0.2162	0.8319166487369224	0.9998953409918314
ENSG00000001285	GNA151	8.0101	0.2426	0.3491	0.7322079839949439	0.9998953409918314
ENSG00000001284	SMARC683	8.9656	-0.1583	-0.588	0.5659128229496433	0.9998953409918314
ENSG00000001282	ARID310	1.5142	0.3211	0.5254	0.6075244469340901	0.9998953409918314
ENSG00000001281	HTR528	1.8506	-0.2318	-0.3123	0.7594196232131651	0.9998953409918314
ENSG00000001279	GRIN522	2.3011	-0.0906	-0.1959	0.8475012760900564	0.9998953409918314
ENSG00000001276	KRT60	11.0539	-0.2028	-1.0192	0.32538866100989394	0.9998953409918314
ENSG00000001275	PPP2R121	8.6439	0.0305	0.1056	0.9173751887082522	0.9998953409918314
ENSG00000001167	BRD631	1.9853	0.4765	0.978	0.34465348607034585	0.9998953409918314
ENSG00000001165	MRPS320	3.1235	0.2896	0.5503	0.5907592852613577	0.9998953409918314
ENSG00000001163	USP408	3.8182	0.1217	0.2681	0.7925249555347468	0.9998953409918314
ENSG00000001162	UGT47	2.9209	0.0149	0.0271	0.9787410143968209	0.9998953409918314
ENSG00000001161	DRD684	9.0108	-0.1226	-0.2634	0.7960942196433572	0.9998953409918314
ENSG00000001160	HDAC268	3.909	0.5486	0.6288	0.5395869772503048	0.9998953409918314
ENSG00000001159	ANK556	12.1276	0.2301	0.4634	0.6502270499693578	0.9998953409918314
ENSG00000001158	RAB161	5.0009	-0.324	-0.7595	0.46016367832593563	0.9998953409918314
ENSG00000001155	OR181	5.6722	-0.0512	-0.1405	0.8902605218043481	0.9998953409918314
ENSG00000001152	PRKC420	3.9944	-0.5558	-0.9677	0.3496227951609172	0.9998953409918314
ENSG00000001306	UBE2415	4.7174	-0.1831	-0.5129	0.6160283642479665	0.9998953409918314
ENSG00000001304	CHRM163	7.3543	0.2017	0.4573	0.654450344774931	0.9998953409918314
ENSG00000001302	PPP2R650	4.5887	0.4116	0.7674	0.45559655073424277	0.9998953409918314
ENSG00000001301	MRPL555	7.134	0.3581	0.8471	0.41118426640429573	0.9998953409918314
ENSG00000001297	HTR848	2.3919	0.1177	0.2618	0.7973057411918825	0.9998953409918314
ENSG00000001296	UBE2654	7.6383	0.0375	0.1022	0.920063202477806	0.9998953409918314
ENSG00000001294	SCN733	4.0279	-0.5833	-0.8017	0.43612718065999856	0.9998953409918314
ENSG00000001291	TRIM475	3.3533	-0.2023	-0.3971	0.6973096192356654	0.9998953409918314
ENSG00000001323	RPS448	2.6293	-0.117	-0.1754	0.8632648513721068	0.9998953409918314
ENSG00000001322	SMARC413	7.2794	0.1155	0.7824	0.4470067937319462	0.9998953409918314
ENSG00000001321	GNA271	8.7617	-0.0553	-0.1827	0.8576354726764377	0.9998953409918314
ENSG00000001320	FBXO306	5.9149	0.0437	0.1564	0.8779886652564761	0.9998953409918314
ENSG00000001317	HDAC487	5.4262	-0.2318	-0.3634	0.7217372398247373	0.9998953409918314
ENSG00000001316	FBXO239	2.6007	-0.6135	-1.0217	0.3242536446022174	0.9998953409918314
ENSG00000001315	TET262	1.3721	0.3484	0.7289	0.47805940422284177	0.9998953409918314
ENSG00000001313	CCNB731	4.2584	0.3477	0.5246	0.6080671509416458	0.9998953409918314
ENSG00000001312	PLC284	4.4412	0.2061	0.3851	0.7059416183979808	0.9998953409918314
ENSG00000001311	TMEM11	2.5596	-0.4296	-0.5913	0.5637432640626275	0.9998953409918314
ENSG00000001309	TLN179	6.6479	0.2995	0.7743	0.451642164922045	0.9998953409918314
ENSG00000001151	BRD639	4.9663	-0.2117	-0.4858	0.6346125344244092	0.9998953409918314
ENSG00000001150	SMARC170	3.3484	-0.0095	-0.015	0.9882517668825506	0.9998953409918314
ENSG00000001147	EIF199	4.8297	0.2805	0.6158	0.5479096667763104	0.9998953409918314
ENSG00000001146	HDAC399	3.5478	0.0703	0.1146	0.9103804048076303	0.9998953409918314
ENSG00000001145	ZNF868	1.4539	0.1793	0.3698	0.717085137911363	0.9998953409918314
ENSG00000001144	PXN31	2.7763	0.5562	0.9448	0.36079743887549776	0.9998953409918314
ENSG00000001143	CUL875	4.2004	-0.2483	-0.3636	0.721552527043686	0.9998953409918314
ENSG00000001141	BRD818	5.5282	-0.4518	-1.0571	0.3083546399526821	0.9998953409918314
ENSG00000001140	DNMT419	7.7508	-0.1221	-0.2855	0.77941943569001	0.9998953409918314
ENSG00000001139	TMEM139	2.7966	-0.0182	-0.0321	0.9748571497068212	0.9998953409918314
ENSG00000001138	SPTB645	2.1921	0.2731	0.3239	0.7507839470558194	0.9998953409918314
ENSG00000001137	PRKC195	7.1239	-0.3895	-0.6508	0.5256934681850095	0.9998953409918314
ENSG00000001135	SUZ591	2.0866	0.1921	0.326	0.7492213909592351	0.9998953409918314
ENSG00000001338	KRT82	2.1926	-0.4239	-0.932	0.3671141377832817	0.9998953409918314
ENSG00000001335	SIRT80	8.3775	-0.1132	-0.462	0.6511760804111637	0.9998953409918314
ENSG00000001331	SPTB288	5.8587	0.0813	0.1792	0.8603402811632976	0.9998953409918314
ENSG00000001330	VPS141	7.4764	0.1534	0.3749	0.7133390816902098	0.9998953409918314
ENSG00000001329	MRPL116	8.5583	-0.2318	-0.8694	0.39926897805398387	0.9998953409918314
ENSG00000001328	ADRB263	6.0983	-0.2723	-0.5655	0.5806768324150682	0.9998953409918314
ENSG00000001325	DYNC573	4.5895	0.4308	0.8928	0.3870767938881692	0.9998953409918314
ENSG00000001357	SPTB816	3.9643	-0.1515	-0.2848	0.7799957730652655	0.9998953409918314
ENSG00000001356	EZH477	5.0741	-0.0651	-0.1175	0.9081563426939279	0.9998953409918314
ENSG00000001354	DHX385	4.8837	0.1424	0.2311	0.8205613188314208	0.9998953409918314
ENSG00000001353	RPS290	3.9887	0.2298	0.4838	0.6360220079827442	0.9998953409918314
ENSG00000001351	KIF146	2.1124	0.2185	0.3298	0.7464246708222404	0.9998953409918314
ENSG00000001350	RPL61	3.8689	-0.0272	-0.0545	0.9572976835155977	0.9998953409918314
ENSG00000001349	MRPL143	6.5323	0.1617	0.3299	0.7463932473560926	0.9998953409918314
ENSG00000001348	VCL304	12.1447	0.0098	0.0402	0.9685266443463764	0.9998953409918314
ENSG00000001347	RPL793	7.4614	0.0462	0.1019	0.9203181886969286	0.9998953409918314
ENSG00000001345	HIST1H366	5.9836	0.3561	0.9647	0.35105773709796595	0.9998953409918314
ENSG00000001344	COL657	9.0207	-0.0317	-0.0902	0.9294238126882048	0.9998953409918314
ENSG00000001343	ANAPC459	2.5692	-0.3365	-0.481	0.6379729662479177	0.9998953409918314
ENSG00000001342	BRD79	3.3372	-0.0374	-0.0663	0.9480574942576472	0.9998953409918314
ENSG00000001133	TIMM186	1.6761	-0.0504	-0.0834	0.9347065613510235	0.9998953409918314
ENSG00000001132	PRKC135	9.6789	0.288	0.6795	0.5079228114712744	0.9998953409918314
ENSG00000001130	KIF378	9.285	-0.1084	-0.3269	0.7485888766546731	0.9998953409918314
ENSG00000001129	TET606	7.5701	-0.1996	-0.4304	0.6734582422177939	0.9998953409918314
ENSG00000001126	RAB11FIP67	6.9955	0.1918	0.5046	0.6217105494975128	0.9998953409918314
ENSG00000001125	ANK282	2.791	0.0755	0.1178	0.9079057824690363	0.9998953409918314
ENSG00000001123	MRPS651	8.9436	-0.0313	-0.1248	0.9024730359321697	0.9998953409918314
ENSG00000001122	H2AF277	8.0464	0.0031	0.0076	0.9940533258607507	0.9998953409918314
ENSG00000001121	SUZ3	7.1305	0.0216	0.06	0.9530193193109296	0.9998953409918314
ENSG00000001120	SPTB440	2.7419	0.505	0.6145	0.5487301845804187	0.9998953409918314
ENSG00000001119	FBXO493	8.8282	-0.0022	-0.0085	0.9933447278188383	0.9998953409918314
ENSG00000001118	ANK559	8.3624	-0.2236	-0.803	0.43541532255100546	0.9998953409918314
ENSG00000001117	EZH170	7.6545	0.0745	0.2662	0.7939505002837564	0.9998953409918314
ENSG00000001374	HIST1H246	2.3438	0.4106	0.7215	0.48249382084521264	0.9998953409918314
ENSG00000001373	MMP587	5.5146	-0.1194	-0.3886	0.7034395404927365	0.9998953409918314
ENSG00000001372	EIF846	3.8539	-0.0503	-0.1346	0.8948305864605736	0.9998953409918314
ENSG00000001370	TMEM661	5.7398	0.1854	0.4631	0.6503891829919374	0.9998953409918314
ENSG00000001368	DUSP421	3.2782	0.2967	0.5504	0.590686883656658	0.9998953409918314
ENSG00000001366	COPB341	7.1724	0.1993	0.5003	0.6246375117135682	0.9998953409918314
ENSG00000001365	ADRB100	5.2728	0.4922	1.0985	0.2905105506724432	0.9998953409918314
ENSG00000001362	VCL102	2.3959	0.2708	0.6053	0.5546881675178541	0.9998953409918314
ENSG00000001361	SUZ134	3.0865	0.0897	0.1831	0.8573320096307169	0.9998953409918314
ENSG00000001360	DUSP50	1.4595	-0.3125	-0.4907	0.6312463514003236	0.9998953409918314
ENSG00000001359	PLC80	8.1499	0.0149	0.0479	0.9624346331377461	0.9998953409918314
ENSG00000001358	MYO617	5.345	-0.1288	-0.281	0.7827860444744986	0.9998953409918314
ENSG00000001393	ARF224	4.549	0.2223	0.5286	0.6053894690715864	0.9998953409918314
ENSG00000001391	ZNF171	4.7606	-0.18	-0.7635	0.4578211793398761	0.9998953409918314
ENSG00000001390	CUL284	3.9734	0.1412	0.2755	0.7869606058559202	0.9998953409918314
ENSG00000001388	TLN521	7.2511	0.1415	0.38	0.7096134211736683	0.9998953409918314
ENSG00000001387	TOMM374	2.8936	0.1463	0.2372	0.8159368255570896	0.9998953409918314
ENSG00000001386	RAB11FIP795	6.1355	0.1634	0.6257	0.5415903710332792	0.9998953409918314
ENSG00000001385	SPTB182	5.8482	-0.0477	-0.1039	0.9187114596580376	0.9998953409918314
ENSG00000001383	GPX1	6.7406	0.054	0.1784	0.8609980296554768	0.9998953409918314
ENSG00000001382	RAB11FIP476	1.8015	-0.1639	-0.2661	0.7940153879881072	0.9998953409918314
ENSG00000001381	PPP2R217	7.9111	0.1476	0.4902	0.6315711375274171	0.9998953409918314
ENSG00000001380	UGT546	4.5845	-0.4361	-0.7308	0.47692784074265404	0.9998953409918314
ENSG00000001379	PLC708	2.4393	0.1548	0.2544	0.8028630515154136	0.9998953409918314
ENSG00000001378	TOMM612	4.9959	-0.1738	-0.2245	0.8255940393792388	0.9998953409918314
ENSG00000001377	COPB853	5.9446	-0.1885	-0.5379	0.5990799224792849	0.9998953409918314
ENSG00000001376	CCNB658	5.4709	-0.2676	-0.4735	0.6431248011219228	0.9998953409918314
ENSG00000001375	H2AF214	5.5958	-0.1521	-0.4488	0.6604780122221396	0.9998953409918314
ENSG00000001412	MRPL229	3.7729	0.1491	0.2143	0.8334117679938806	0.9998953409918314
ENSG00000001411	CACN761	4.5396	0.1699	0.5717	0.5765701908072896	0.9998953409918314
ENSG00000001410	ANK759	6.1992	-0.0787	-0.1529	0.8806505620269784	0.9998953409918314
ENSG00000001408	ATAD688	2.1118	0.2067	0.2577	0.8003514445552744	0.9998953409918314
ENSG00000001407	ARF162	2.3113	0.1592	0.2194	0.8295009684539274	0.9998953409918314
ENSG00000001405	TET212	4.4374	0.6452	1.1111	0.2852524371009571	0.9998953409918314
ENSG00000001404	VPS473	5.2576	0.1143	0.369	0.7176446011773815	0.9998953409918314
ENSG00000001402	UGT471	7.6038	0.1751	0.5653	0.5808201878676256	0.9998953409918314
ENSG00000001401	TRIM818	9.9774	0.0209	0.0754	0.940932177127441	0.9998953409918314
ENSG00000001399	SIRT885	2.237	-0.2771	-0.5758	0.5738820426186455	0.9998953409918314
ENSG00000001397	BRD96	8.7578	0.1463	0.6102	0.5514954579138538	0.9998953409918314
ENSG00000001394	COL789	1.1096	-0.0334	-0.069	0.9459792393209439	0.9998953409918314
ENSG00000001428	ATAD152	6.6872	-0.2656	-0.594	0.5620203842545743	0.9998953409918314
ENSG00000001427	EZH215	7.3513	-0.1261	-0.4441	0.6637370526243268	0.9998953409918314
ENSG00000001426	SCN847	3.2344	0.0157	0.0257	0.979863629401361	0.9998953409918314
ENSG00000001425	RNF323	1.6855	-0.3298	-0.4868	0.6339203710761114	0.9998953409918314
ENSG00000001424	RNF105	2.6112	0.4183	0.7632	0.45803959043157494	0.9998953409918314
ENSG00000001423	TMEM697	10.5444	0.1742	0.502	0.6234657447926463	0.9998953409918314
ENSG00000001422	OR684	3.3026	-0.2619	-0.4372	0.6686452167755677	0.9998953409918314
ENSG00000001420	PLC609	7.5906	0.3504	1.1154	0.28344129716143524	0.9998953409918314
ENSG00000001419	DYNC31	4.404	-0.3745	-1.0426	0.3148244883403359	0.9998953409918314
ENSG00000001418	RNF170	1.8489	-0.1184	-0.2166	0.8316404652364102	0.9998953409918314
ENSG00000001417	HIST1H220	8.132	0.2571	0.8528	0.40810272131456127	0.9998953409918314
ENSG00000001416	HDAC203	6.0845	-0.0045	-0.0123	0.9903223250023458	0.9998953409918314
ENSG00000001415	ARF519	2.2229	0.2889	0.5224	0.609563984263988	0.9998953409918314
ENSG00000001414	GRIN667	2.5114	-0.2886	-0.4458	0.6625576818962122	0.9998953409918314
ENSG00000001413	SUZ108	2.8336	-0.0367	-0.0762	0.9403326388692637	0.9998953409918314
ENSG00000001116	BRD13	8.6154	-0.1698	-0.539	0.598336935129468	0.9998953409918314
ENSG00000001114	KCN612	7.3351	-0.2368	-0.6804	0.5073749451909999	0.9998953409918314
ENSG00000001112	DNMT361	6.9853	0.0729	0.2599	0.7987396026878318	0.9998953409918314
ENSG00000001111	COL455	6.7021	-0.1903	-0.5858	0.5673494443457479	0.9998953409918314
ENSG00000001109	COL467	5.4644	-0.1711	-0.3503	0.7313593638229878	0.9998953409918314
ENSG00000001107	SUZ821	1.4798	-0.4983	-0.9677	0.349596586767961	0.9998953409918314
ENSG00000001106	RHO430	7.7029	-0.3029	-0.9466	0.35991790807111756	0.9998953409918314
ENSG00000001104	MAPK421	4.227	-0.4356	-0.8113	0.43074837844662917	0.9998953409918314
ENSG00000001103	PRKC626	8.6772	0.1844	0.6086	0.552523643291823	0.9998953409918314
ENSG00000001443	KDM580	8.7707	0.2191	0.723	0.481579610899149	0.9998953409918314
ENSG00000001442	RAB465	3.335	0.5669	0.9253	0.3704788514293772	0.9998953409918314
ENSG00000001441	SPTB142	7.3529	-0.1021	-0.3086	0.762178800127072	0.9998953409918314
ENSG00000001440	EZH608	1.9424	-0.7065	-0.9167	0.3748403624752522	0.9998953409918314
ENSG00000001439	PLC183	6.5957	-0.0795	-0.1544	0.8795051288773043	0.9998953409918314
ENSG00000001437	HDAC650	7.2854	-0.0267	-0.0922	0.9278766107507392	0.9998953409918314
ENSG00000001436	RPS259	7.017	0.0908	0.324	0.7506934719053102	0.9998953409918314
ENSG00000001433	DNMT317	3.9793	-0.1972	-0.3421	0.7373917040825694	0.9998953409918314
ENSG00000001432	TRIM106	2.4216	0.601	0.805	0.43429544234796114	0.9998953409918314
ENSG00000001430	GRIN677	1.9156	-0.4842	-0.8736	0.3970811025162251	0.9998953409918314
ENSG00000001429	ATAD239	8.2901	0.2398	0.8033	0.4352238803677091	0.9998953409918314
ENSG00000001461	HDAC18	4.7182	0.2203	0.3804	0.7093452740720327	0.9998953409918314
ENSG00000001460	VPS130	10.7323	-0.259	-0.5605	0.5839779736265751	0.9998953409918314
ENSG00000001459	ARF622	4.5014	-0.2261	-0.3886	0.7034349119979262	0.9998953409918314
ENSG00000001458	ADAM895	10.7787	-0.2974	-0.9093	0.37858671883409545	0.9998953409918314
ENSG00000001457	CUL17	8.6445	0.135	0.514	0.6152799243635023	0.9998953409918314
ENSG00000001455	TOMM171	9.7932	0.0714	0.1914	0.8509295999124733	0.9998953409918314
ENSG00000001453	SMARC273	6.5925	-0.0951	-0.4883	0.632885854161181	0.9998953409918314
ENSG00000001447	MMP83	5.2331	-0.002	-0.0036	0.9971580503338713	0.9998953409918314
ENSG00000001446	UBE2725	4.7841	0.0458	0.0962	0.9247639926370731	0.9998953409918314
ENSG00000001445	VPS863	5.7627	-0.0378	-0.2108	0.8361145632593772	0.9998953409918314
ENSG00000001477	TET291	6.6812	-0.0064	-0.0183	0.9856884541437736	0.9998953409918314
ENSG00000001476	EZH447	7.3255	-0.0809	-0.3442	0.7357890553240839	0.9998953409918314
ENSG00000001475	RHO74	4.8597	0.1166	0.2128	0.8345148033558868	0.9998953409918314
ENSG00000001474	KRT829	8.3115	0.2539	1.0076	0.33072903595938763	0.9998953409918314
ENSG00000001473	PPP2R442	4.7161	-0.2271	-0.4729	0.6435784793419508	0.9998953409918314
ENSG00000001472	DNMT837	8.3654	-0.1033	-0.4174	0.6826858243993994	0.9998953409918314
ENSG00000001471	TET38	8.6581	-0.2456	-1.0735	0.30122251647569964	0.9998953409918314
ENSG00000001470	TET474	4.7655	-0.7311	-0.7908	0.4422620615914109	0.9998953409918314
ENSG00000001469	HTR384	5.4156	-0.644	-0.9492	0.35859672543753507	0.9998953409918314
ENSG00000001468	DHX751	8.8183	-0.1802	-0.6564	0.5221851761707523	0.9998953409918314
ENSG00000001467	ANK807	9.2707	-0.0221	-0.1136	0.911185021325733	0.9998953409918314
ENSG00000001466	MYO236	6.3231	0.0507	0.1587	0.8761659296253208	0.9998953409918314
ENSG00000001463	TOMM323	6.641	0.2559	0.5327	0.6026215938543971	0.9998953409918314
ENSG00000001100	KRT896	6.3281	0.3371	1.0028	0.33296104201018295	0.9998953409918314
ENSG00000001099	TRIM492	8.1686	-0.068	-0.1975	0.8462895890393528	0.9998953409918314
ENSG00000001098	ARID102	5.0187	-0.0711	-0.1506	0.8824431573797096	0.9998953409918314
ENSG00000001096	UBE2628	4.2149	0.1908	0.3587	0.7251601106161226	0.9998953409918314
ENSG00000001095	H2AF671	5.6386	-0.1601	-0.4046	0.6918828367223153	0.9998953409918314
ENSG00000001094	MYO619	4.0341	-0.3217	-0.5238	0.6085963090306403	0.9998953409918314
ENSG00000001093	ABC554	2.8119	0.0897	0.1146	0.910408702749262	0.9998953409918314
ENSG00000001092	PRKC277	1.7326	0.5058	0.6976	0.49682510733110463	0.9998953409918314
ENSG00000001089	ARID101	3.5047	-0.3112	-0.6161	0.5476888353823226	0.9998953409918314
ENSG00000001088	TUBB782	2.2098	-0.0354	-0.0619	0.9514906088100917	0.9998953409918314
ENSG00000001087	ACTN759	7.5084	0.1094	0.3719	0.715510469643464	0.9998953409918314
ENSG00000001085	CYP898	5.4921	0.1572	0.3766	0.7121311671964718	0.9998953409918314
ENSG00000001494	SKP317	1.8609	-0.4607	-0.8904	0.3882987429598518	0.9998953409918314
ENSG00000001493	ATAD466	1.5174	-0.1198	-0.1759	0.8629234011907012	0.9998953409918314
ENSG00000001491	GRIN37	3.1106	0.4298	0.5955	0.5610014139883803	0.9998953409918314
ENSG00000001490	CCNB390	5.7811	-0.2151	-0.6819	0.5064311711134093	0.9998953409918314
ENSG00000001489	PRKC792	4.487	-0.1186	-0.2981	0.769971386835278	0.9998953409918314
ENSG00000001487	EZH274	3.1698	0.1273	0.2206	0.8286209153749026	0.9998953409918314
ENSG00000001483	TET300	3.4676	0.3404	0.6964	0.4976054470749155	0.9998953409918314
ENSG00000001482	SUZ227	1.9998	-0.1758	-0.2774	0.7855363385964246	0.9998953409918314
ENSG00000001481	HIST1H683	1.5899	-0.1301	-0.188	0.8535979495319782	0.9998953409918314
ENSG00000001480	ATAD193	6.7907	0.1402	0.2758	0.7866979409940078	0.9998953409918314
ENSG00000001479	MT-CO1	14.57	-0.1517	-0.3279	0.7478044636059644	0.9998953409918314
ENSG00000001478	PLC544	4.6889	-0.0722	-0.1239	0.9031854804924737	0.9998953409918314
ENSG00000001510	PPP1R685	3.6479	-0.0306	-0.0567	0.955585920738012	0.9998953409918314
ENSG00000001508	DDX34	4.8488	-0.517	-0.9538	0.356368451614009	0.9998953409918314
ENSG00000001505	KCN365	4.4793	-0.2411	-0.6723	0.5123479471417944	0.9998953409918314
ENSG00000001503	EZH414	5.3277	-0.3653	-0.9486	0.35890410700572384	0.9998953409918314
ENSG00000001502	EIF515	3.5414	-0.6191	-0.8437	0.4130288325888376	0.9998953409918314
ENSG00000001501	MRPL140	1.3606	0.396	0.8936	0.3866156227308567	0.9998953409918314
ENSG00000001500	HTR536	3.2098	-0.4242	-0.5226	0.6093962602762142	0.9998953409918314
ENSG00000001497	ZNF692	9.4583	-0.1151	-0.5309	0.6038004907225287	0.9998953409918314
ENSG00000001496	DYNC797	6.6945	-0.1236	-0.2264	0.8241929054561716	0.9998953409918314
ENSG00000001084	SUZ304	5.5097	-0.2766	-0.7303	0.4772396648439102	0.9998953409918314
ENSG00000001083	CCNB670	7.9468	0.0326	0.0859	0.9327666346826217	0.9998953409918314
ENSG00000001082	HDAC689	3.1187	0.4037	0.918	0.37418043661200484	0.9998953409918314
ENSG00000001079	TRIM825	6.8273	-0.1097	-0.3384	0.740048718461927	0.9998953409918314
ENSG00000001078	ARF819	5.6004	-0.1269	-0.4264	0.6763280108250588	0.9998953409918314
ENSG00000001076	HIST1H66	2.5417	-0.3948	-0.6489	0.5269220690345899	0.9998953409918314
ENSG00000001073	ZNF837	3.9237	0.2827	0.4357	0.6697110554716248	0.9998953409918314
ENSG00000001072	MRPS585	5.1453	-0.1932	-0.3617	0.7229408575166281	0.9998953409918314
ENSG00000001071	USP444	7.3085	-0.1246	-0.2278	0.823067841211015	0.9998953409918314
ENSG00000001070	DRD505	5.724	0.2242	0.5429	0.595754309546044	0.9998953409918314
ENSG00000001528	SEC565	6.9208	0.0881	0.2745	0.7877066345480617	0.9998953409918314
ENSG00000001527	KMT2356	6.0826	0.2035	0.3916	0.7012224815707464	0.9998953409918314
ENSG00000001526	CDC150	5.0423	-0.1125	-0.2123	0.8349355178627625	0.9998953409918314
ENSG00000001525	CDC231	5.6216	0.3243	0.4803	0.6384389981329048	0.9998953409918314
ENSG00000001524	HTR655	2.0332	0.6479	0.831	0.4199097956763481	0.9998953409918314
ENSG00000001523	PPP2R210	4.0069	-0.3278	-0.7607	0.4594514767179816	0.9998953409918314
ENSG00000001522	SIRT215	3.6674	-0.1662	-0.3096	0.7614489296343798	0.9998953409918314
ENSG00000001521	ATAD310	4.4825	-0.3642	-1.0353	0.3180862912290705	0.9998953409918314
ENSG00000001520	HTR229	4.2754	0.3708	0.4245	0.6776617881455631	0.9998953409918314
ENSG00000001519	TOMM467	10.4558	0.1287	0.449	0.6602971588552339	0.9998953409918314
ENSG00000001518	RPL776	10.3701	-0.033	-0.0627	0.9508965783446343	0.9998953409918314
ENSG00000001517	RAB11FIP759	6.1591	0.4995	1.0534	0.3100166779761501	0.9998953409918314
ENSG00000001515	GABR119	3.8831	0.3435	0.6762	0.5099077011864849	0.9998953409918314
ENSG00000001514	CDC643	7.0316	-0.2194	-0.4531	0.6574196755478146	0.9998953409918314
ENSG00000001513	ATAD661	4.3059	0.0746	0.1609	0.8744964416637091	0.9998953409918314
ENSG00000001545	TET404	1.6598	-0.2303	-0.3969	0.6974167947679333	0.9998953409918314
ENSG00000001543	TOMM485	1.4218	0.4384	0.7161	0.4857044778656694	0.9998953409918314
ENSG00000001542	CHRM79	3.195	0.1915	0.3599	0.7242674878886404	0.9998953409918314
ENSG00000001541	PXN168	2.2495	-0.3551	-0.486	0.6344596164962721	0.9998953409918314
ENSG00000001539	GNA324	3.1891	-0.0663	-0.1311	0.897527778222133	0.9998953409918314
ENSG00000001538	DUSP344	1.5739	-0.5202	-1.0506	0.31123903127175423	0.9998953409918314
ENSG00000001537	ADRB131	9.0849	0.1031	0.3129	0.758995835154576	0.9998953409918314
ENSG00000001536	EIF524	2.5739	-0.056	-0.1034	0.9190855938282404	0.9998953409918314
ENSG00000001535	RHO711	7.9968	0.2769	0.8745	0.3965914658244989	0.9998953409918314
ENSG00000001533	PLC360	1.3526	0.4392	0.8252	0.4230800510473175	0.9998953409918314
ENSG00000001532	CHRM530	2.9141	-0.0433	-0.0695	0.945568396433297	0.9998953409918314
ENSG00000001531	VCL347	5.7095	-0.2805	-0.6297	0.5390502111628885	0.9998953409918314
ENSG00000001530	DYNC511	2.2841	-0.343	-0.6382	0.533647879281916	0.9998953409918314
ENSG00000001529	DNMT734	4.4291	-0.1002	-0.1544	0.8794953019913518	0.9998953409918314
ENSG00000001563	PXN626	5.9333	-0.2101	-0.7393	0.47195317642611023	0.9998953409918314
ENSG00000001561	UGT412	7.2515	0.1126	0.2462	0.8091219385944853	0.9998953409918314
ENSG00000001560	TRIM302	4.8057	-0.3882	-0.7591	0.4604027785593806	0.9998953409918314
ENSG00000001559	SMAD3	2.9431	-0.6213	-0.8341	0.4182156251897211	0.9998953409918314
ENSG00000001558	VCL473	4.0737	0.0844	0.1506	0.8824776699827359	0.9998953409918314
ENSG00000001557	PRKC331	8.6225	0.1895	0.3513	0.7306279405008438	0.9998953409918314
ENSG00000001554	CYP465	4.5467	0.4608	0.708	0.4905401516543819	0.9998953409918314
ENSG00000001553	ADRB753	2.6442	0.2579	0.461	0.6518963624606475	0.9998953409918314
ENSG00000001552	COPB315	3.8001	0.0761	0.0958	0.9250591207842906	0.9998953409918314
ENSG00000001547	ACTN446	6.3472	0.0185	0.0282	0.9778909542826366	0.9998953409918314
ENSG00000001068	UGT872	7.1605	-0.1975	-0.6721	0.5124578330012742	0.9998953409918314
ENSG00000001067	EZH521	5.8775	0.3496	0.616	0.5477690914168837	0.9998953409918314
ENSG00000001066	SCN887	5.2036	0.0401	0.0831	0.9349342618412618	0.9998953409918314
ENSG00000001063	KRT697	1.7091	0.5921	0.98	0.3437407354950842	0.9998953409918314
ENSG00000001061	PRKC130	7.7525	-0.0731	-0.2606	0.7982018504404123	0.9998953409918314
ENSG00000001059	KMT2693	8.2861	0.0389	0.1118	0.9125841210876777	0.9998953409918314
ENSG00000001058	MRPL442	6.4125	0.4857	1.034	0.31865494581707793	0.9998953409918314
ENSG00000001057	VPS808	4.1238	0.108	0.179	0.8605322884553351	0.9998953409918314
ENSG00000001056	UBE2149	4.8999	0.2011	0.336	0.7418474378878073	0.9998953409918314
ENSG00000001055	HDAC171	4.6659	0.0343	0.0736	0.9423763473091666	0.9998953409918314
ENSG00000001054	CUL507	4.0619	-0.0729	-0.0999	0.9218579771210507	0.9998953409918314
ENSG00000001052	TUBB636	3.6485	0.5118	0.9941	0.3370332069867389	0.9998953409918314
ENSG00000001584	ABC232	4.5667	-0.2807	-0.6721	0.5124665447805721	0.9998953409918314
ENSG00000001582	PPARG	5.0769	0.3678	1.0498	0.31159880129106793	0.9998953409918314
ENSG00000001580	CYP787	5.2538	0.1781	0.2903	0.7758414339142573	0.9998953409918314
ENSG00000001578	KCN680	5.402	-0.1234	-0.2839	0.7806447589916419	0.9998953409918314
ENSG00000001574	SCN533	5.0964	-0.1283	-0.4809	0.6380195285861278	0.9998953409918314
ENSG00000001572	ARID356	10.2714	0.1555	0.7283	0.47842123461289243	0.9998953409918314
ENSG00000001571	CD8A	3.4586	-0.0861	-0.1417	0.8893430991858512	0.9998953409918314
ENSG00000001569	BRD427	5.8871	-0.1953	-0.5332	0.6022719105429246	0.9998953409918314
ENSG00000001568	EZH66	6.3414	-0.0529	-0.1542	0.8796407776399843	0.9998953409918314
ENSG00000001567	RHO589	8.9564	-0.0109	-0.0454	0.9644295795391866	0.9998953409918314
ENSG00000001566	KRT756	6.1625	0.2134	0.4923	0.6301100574271423	0.9998953409918314
ENSG00000001565	SLC263	3.9662	-0.4058	-0.7326	0.4758998400763794	0.9998953409918314
ENSG00000001604	ABC726	6.0887	-0.0625	-0.2572	0.8008013284118536	0.9998953409918314
ENSG00000001603	ATP5F1A	2.2045	0.4342	0.7331	0.47560561675470026	0.9998953409918314
ENSG00000001599	SNX10	5.6264	0.3325	0.9266	0.3698387491240779	0.9998953409918314
ENSG00000001598	MRPS643	3.0864	-0.1306	-0.184	0.8566717416964811	0.9998953409918314
ENSG00000001596	ZNF838	5.9312	0.1661	0.4533	0.6573091146284901	0.9998953409918314
ENSG00000001595	DYNC340	6.1183	0.3139	0.934	0.36615055471023084	0.9998953409918314
ENSG00000001594	SCN177	5.4624	0.0487	0.1228	0.9040420925400259	0.9998953409918314
ENSG00000001592	RAB255	7.9634	0.3729	0.9615	0.3525925547119454	0.9998953409918314
ENSG00000001588	ACTN396	3.4737	-0.077	-0.101	0.9209851414365396	0.9998953409918314
ENSG00000001051	IGF1	1.1867	-0.5161	-1.0175	0.3261851809453511	0.9998953409918314
ENSG00000001049	TET9	7.6771	0.0124	0.0224	0.9824258847710925	0.9998953409918314
ENSG00000001048	CCNB461	2.0581	0.0286	0.0324	0.9746317984529091	0.9998953409918314
ENSG00000001047	H2AF830	4.9526	-0.0001	-0.0002	0.9998268399650667	0.9998953409918314
ENSG00000001046	DDX457	1.5304	-0.5701	-0.8889	0.38907726691863653	0.9998953409918314
ENSG00000001044	EZH130	4.8848	-0.4919	-0.9195	0.37340494911424904	0.9998953409918314
ENSG00000001043	COL840	5.9972	-0.1956	-0.7349	0.47452546215762514	0.9998953409918314
ENSG00000001040	SPTB660	4.7214	0.1707	0.487	0.6337928155609981	0.9998953409918314
ENSG00000001039	VPS691	1.8469	-0.5967	-0.9719	0.34759820250953843	0.9998953409918314
ENSG00000001036	PPP2R647	4.497	0.4154	1.0025	0.33310680969843687	0.9998953409918314
ENSG00000001034	DDX222	3.7693	-0.0948	-0.174	0.8643562923028305	0.9998953409918314
ENSG00000001032	KRT487	8.3256	0.1637	0.7985	0.43792201776837647	0.9998953409918314
ENSG00000001031	TMEM791	2.6424	0.3924	0.5814	0.5702234781221931	0.9998953409918314
ENSG00000001621	AKT1	7.3444	-0.1937	-0.5739	0.5751559369325256	0.9998953409918314
ENSG00000001620	ADRB255	6.7568	0.1083	0.2291	0.8220902502086056	0.9998953409918314
ENSG00000001617	USP523	2.9839	0.456	0.7097	0.4895392417101636	0.9998953409918314
ENSG00000001613	EIF365	5.4703	-0.0223	-0.0608	0.9523821715820358	0.9998953409918314
ENSG00000001612	ACTN579	5.2174	-0.0026	-0.006	0.9952691073044326	0.9998953409918314
ENSG00000001611	ZNF750	1.4229	0.3008	0.4713	0.6446821574766923	0.9998953409918314
ENSG00000001608	ATAD377	5.6463	-0.3733	-0.7097	0.48953526409409787	0.9998953409918314
ENSG00000001606	KRT449	3.9259	-0.0325	-0.0705	0.9447715812863313	0.9998953409918314
ENSG00000001605	SIRT367	6.1816	-0.2212	-0.5525	0.5893043739733521	0.9998953409918314
ENSG00000001640	TLN636	8.341	-0.1298	-0.2137	0.8338917016542671	0.9998953409918314
ENSG00000001639	CYP332	5.1507	0.4427	1.0101	0.32960856043988107	0.9998953409918314
ENSG00000001638	SEC431	5.7517	-0.3669	-1.064	0.30531591745737807	0.9998953409918314
ENSG00000001637	TLN390	5.8847	-0.0573	-0.1461	0.885889413979382	0.9998953409918314
ENSG00000001636	PPP2R78	5.187	-0.4738	-0.5744	0.5748423220050323	0.9998953409918314
ENSG00000001635	SEC564	2.9349	0.1837	0.2675	0.7929594832935614	0.9998953409918314
ENSG00000001634	MT-CO2	14.7537	-0.1577	-0.3029	0.7664473628811261	0.9998953409918314
ENSG00000001633	TLN91	4.1112	0.3748	0.7859	0.4450388523082599	0.9998953409918314
ENSG00000001632	PTEN	4.5054	-0.5125	-0.9084	0.37906073173146193	0.9998953409918314
ENSG00000001630	MAPK167	9.8635	-0.2029	-0.8241	0.4237033231095513	0.9998953409918314
ENSG00000001628	COL113	4.0683	-0.0088	-0.0152	0.9880789686776449	0.9998953409918314
ENSG00000001626	DRD410	4.1432	-0.1377	-0.2506	0.8057624459451568	0.9998953409918314
ENSG00000001624	SLC104	6.5077	-0.2647	-1.0165	0.3266188413397684	0.9998953409918314
ENSG00000001623	GABR493	7.8879	0.2523	0.6116	0.550631633575152	0.9998953409918314
ENSG00000001658	TMEM121	6.6621	-0.1463	-0.4412	0.6658341796289906	0.9998953409918314
ENSG00000001655	KCN626	2.7716	0.2885	0.6662	0.5161157939666476	0.9998953409918314
ENSG00000001654	RPL825	1.8782	0.5602	1.0824	0.2973689545583105	0.9998953409918314
ENSG00000001651	RAB196	4.7335	0.1747	0.2475	0.8081175340274982	0.9998953409918314
ENSG00000001649	KRT323	6.6227	-0.3075	-1.0468	0.31293139566978323	0.9998953409918314
ENSG00000001648	UGT738	7.9936	-0.113	-0.4074	0.6898467202129099	0.9998953409918314
ENSG00000001647	SEC234	8.0741	0.2156	1.0305	0.3202445804558283	0.9998953409918314
ENSG00000001643	KMT2602	3.5517	0.1083	0.1689	0.8683280592757614	0.9998953409918314
ENSG00000001642	ARF87	5.9204	-0.2182	-0.4368	0.6689115022956197	0.9998953409918314
ENSG00000001641	HTR777	2.4387	0.3399	0.4672	0.6475749917862912	0.9998953409918314
ENSG00000001029	SKP73	7.9387	0.4188	1.0875	0.2951904184355294	0.9998953409918314
ENSG00000001027	MAPK810	4.8432	0.311	0.6435	0.5303108792828245	0.9998953409918314
ENSG00000001025	MRPL776	4.0931	0.1315	0.3177	0.7553840241725194	0.9998953409918314
ENSG00000001024	SCN161	7.8188	-0.1701	-0.708	0.4905884634953106	0.9998953409918314
ENSG00000001023	ANK201	2.7384	0.283	0.3959	0.698120436780712	0.9998953409918314
ENSG00000001022	KDM827	4.499	-0.2646	-0.6293	0.5393131563794081	0.9998953409918314
ENSG00000001020	HES1	8.7243	0.1013	0.2293	0.8219184791089713	0.9998953409918314
ENSG00000001019	CDC183	1.6674	-0.0243	-0.0367	0.9712287197016276	0.9998953409918314
ENSG00000001017	RHO427	6.7105	-0.0602	-0.1508	0.8823078174941964	0.9998953409918314
ENSG00000001016	TRIM670	1.8002	0.3967	0.8412	0.41437477251325006	0.9998953409918314
ENSG00000001015	TUBB251	6.244	-0.3076	-0.7019	0.4942617657104773	0.9998953409918314
ENSG00000001674	CCNB484	6.0678	0.3845	0.9782	0.34458676766816576	0.9998953409918314
ENSG00000001672	TMEM473	4.8831	0.0638	0.0938	0.9266004048208332	0.9998953409918314
ENSG00000001671	TET886	8.334	-0.121	-0.4263	0.6764028867137062	0.9998953409918314
ENSG00000001669	GRIN620	6.4425	-0.1881	-0.7526	0.4641507445631019	0.9998953409918314
ENSG00000001667	MYO787	5.2593	-0.0942	-0.1238	0.9032286463337109	0.9998953409918314
ENSG00000001666	SKP449	3.2059	0.5532	0.548	0.5923483986231435	0.9998953409918314
ENSG00000001665	HIST1H475	4.1997	-0.4063	-0.7805	0.44809315317534704	0.9998953409918314
ENSG00000001664	CUL159	6.7263	0.0291	0.0622	0.9512902833451808	0.9998953409918314
ENSG00000001663	SIRT730	2.9354	0.2987	0.3817	0.7084068928958618	0.9998953409918314
ENSG00000001659	KDM239	4.877	0.3207	0.6819	0.5064231281796077	0.9998953409918314
ENSG00000001691	HTR560	10.8074	-0.2876	-0.7506	0.4653291798788173	0.9998953409918314
ENSG00000001688	DYNC711	8.9509	-0.0421	-0.185	0.8558692044552159	0.9998953409918314
ENSG00000001687	KCN6	1.277	0.3683	0.7127	0.4877706989202545	0.9998953409918314
ENSG00000001686	DHX493	7.8235	0.0254	0.1012	0.9208066973676363	0.9998953409918314
ENSG00000001683	GABR751	1.336	-0.045	-0.0757	0.9407174149704203	0.9998953409918314
ENSG00000001682	OR432	4.5004	-0.0396	-0.0531	0.9583648885618233	0.9998953409918314
ENSG00000001681	TET354	3.2219	0.2549	0.4394	0.6670963357257518	0.9998953409918314
ENSG00000001680	SKP44	7.4755	-0.1563	-0.5146	0.6148379212487602	0.9998953409918314
ENSG00000001679	EZH851	2.725	-0.0411	-0.053	0.9584895215530846	0.9998953409918314
ENSG00000001678	KRT705	1.2526	0.1398	0.316	0.756630997902236	0.9998953409918314
ENSG00000001677	GNA841	1.7996	-0.3572	-0.7075	0.4908430325667551	0.9998953409918314
ENSG00000001676	PRKC447	5.9878	-0.0033	-0.0066	0.9948224120053326	0.9998953409918314
ENSG00000001675	KDM383	2.2389	0.0916	0.211	0.835957118966386	0.9998953409918314
ENSG00000001012	ANK476	7.267	-0.174	-0.4665	0.6480315009934738	0.9998953409918314
ENSG00000001010	COPB727	3.4353	0.5504	1.0612	0.30658488453330285	0.9998953409918314
ENSG00000001009	H2AF743	1.982	0.0906	0.1243	0.9028703901138602	0.9998953409918314
ENSG00000001007	RAD51	4.0865	0.2248	0.4949	0.6283269261206014	0.9998953409918314
ENSG00000001006	TIMM43	4.9039	0.2804	0.4343	0.6707130923035135	0.9998953409918314
ENSG00000001005	GNA136	5.4258	-0.2746	-0.7267	0.4793628878140923	0.9998953409918314
ENSG00000001003	PXN229	6.0081	-0.1769	-0.6956	0.49808474871630826	0.9998953409918314
ENSG00000001001	GABR668	1.8598	0.0266	0.0445	0.9651367827548887	0.9998953409918314
ENSG00000000999	CYP842	7.5917	-0.0629	-0.1851	0.8557997422461366	0.9998953409918314
ENSG00000000997	RPL221	1.5906	0.0383	0.0505	0.9604046130102407	0.9998953409918314
ENSG00000001708	EIF458	1.1965	-0.4439	-0.6448	0.5295078013170235	0.9998953409918314
ENSG00000001706	PRKC670	7.8696	-0.0149	-0.0632	0.9504763729742642	0.9998953409918314
ENSG00000001704	ZNF727	5.911	0.2232	0.6269	0.5407971944753569	0.9998953409918314
ENSG00000001702	CCNB371	6.4069	0.1707	0.364	0.721314979924887	0.9998953409918314
ENSG00000001701	IGF1R	3.6107	-0.1713	-0.2866	0.778593079339165	0.9998953409918314
ENSG00000001699	SCN37	5.8466	0.4177	0.8725	0.3976489089621751	0.9998953409918314
ENSG00000001698	RAB805	4.0893	0.2722	0.5058	0.620833188395042	0.9998953409918314
ENSG00000001697	RPL574	4.1323	0.5587	0.8921	0.38739198270129616	0.9998953409918314
ENSG00000001696	FBXO545	2.0439	-0.3274	-0.4921	0.6302662819256601	0.9998953409918314
ENSG00000001695	MMP414	2.0617	-0.6608	-1.0804	0.2982105386157383	0.9998953409918314
ENSG00000001693	OR487	5.153	-0.2391	-0.9043	0.38111313495913024	0.9998953409918314
ENSG00000001725	SPTB321	8.9549	0.0729	0.2753	0.7871388165741642	0.9998953409918314
ENSG00000001723	ACTN96	3.8191	0.5459	0.9561	0.35526544373808233	0.9998953409918314
ENSG00000001721	DDX306	7.1777	0.0144	0.0502	0.9606622230823665	0.9998953409918314
ENSG00000001720	ANAPC492	4.1611	-0.208	-0.5206	0.6107483930426476	0.9998953409918314
ENSG00000001719	MRPL757	7.9497	-0.1506	-0.4729	0.6435778561195935	0.9998953409918314
ENSG00000001718	ATAD694	6.4096	-0.1142	-0.2255	0.8248461671835647	0.9998953409918314
ENSG00000001717	CHRM86	2.8194	-0.072	-0.0916	0.9283037294209169	0.9998953409918314
ENSG00000001714	ANGPT1	5.6541	0.0218	0.0542	0.9575414390056354	0.9998953409918314
ENSG00000001713	FBXO396	5.4557	-0.2726	-0.5337	0.6019510255494492	0.9998953409918314
ENSG00000001712	CUL318	2.7983	-0.3121	-0.4631	0.6503878780708174	0.9998953409918314
ENSG00000001711	BRD403	12.1353	0.2338	0.6516	0.525204874562777	0.9998953409918314
ENSG00000001709	EIF34	7.1866	0.1586	0.619	0.5458882959125437	0.9998953409918314
ENSG00000000996	KMT2805	4.7656	0.3394	0.658	0.5211830023314231	0.9998953409918314
ENSG00000000994	CYP707	9.9136	0.1324	0.3293	0.7468226376599567	0.9998953409918314
ENSG00000000992	VPS237	3.8466	0.7702	1.0786	0.29898708459414997	0.9998953409918314
ENSG00000000991	RAB11FIP398	5.1713	0.1841	0.3807	0.7091390368869311	0.9998953409918314
ENSG00000000990	TUBB829	5.295	-0.7305	-0.9319	0.3671865045323288	0.9998953409918314
ENSG00000000989	PXN446	6.491	0.3332	1.0418	0.3151652423112717	0.9998953409918314
ENSG00000000988	KMT254	7.1721	0.2456	0.7854	0.4452818285523119	0.9998953409918314
ENSG00000000987	BRD731	5.8258	-0.1395	-0.3024	0.7668127480826762	0.9998953409918314
ENSG00000000985	ABC597	10.383	0.0528	0.1411	0.8898095607072005	0.9998953409918314
ENSG00000000984	ANAPC67	8.575	0.0204	0.0565	0.9557413482042507	0.9998953409918314
ENSG00000000981	PPP2R477	2.3654	0.7417	0.8366	0.4168952840840354	0.9998953409918314
ENSG00000001741	TMEM420	6.8838	-0.1098	-0.2255	0.8248693571492932	0.9998953409918314
ENSG00000001740	PLC64	6.8515	-0.0955	-0.2382	0.8151778355778371	0.9998953409918314
ENSG00000001738	DUSP815	2.5616	-0.2119	-0.4504	0.6592941689438978	0.9998953409918314
ENSG00000001736	TOMM696	5.2705	-0.2262	-0.6453	0.529164252037168	0.9998953409918314
ENSG00000001735	AR	2.3772	0.513	0.9419	0.36222243801204135	0.9998953409918314
ENSG00000001734	FBXO504	5.9161	0.3968	0.852	0.408534586982626	0.9998953409918314
ENSG00000001733	UBE2461	4.9645	0.0013	0.0031	0.9975528349565825	0.9998953409918314
ENSG00000001728	UGT554	12.1103	-0.1062	-0.4549	0.656162504866128	0.9998953409918314
ENSG00000001726	COL644	8.4707	0.0983	0.2586	0.7997431186299833	0.9998953409918314
ENSG00000001757	COPB369	6.4274	0.0652	0.2098	0.8368836057137586	0.9998953409918314
ENSG00000001756	ADRB84	1.431	0.4961	0.9404	0.3629775380525927	0.9998953409918314
ENSG00000001754	EZH169	5.1041	-0.5234	-0.9576	0.3545235208234072	0.9998953409918314
ENSG00000001752	OR455	4.8433	0.069	0.1483	0.8842329250523125	0.9998953409918314
ENSG00000001751	TIMM244	1.443	0.3563	0.5804	0.5708479165394765	0.9998953409918314
ENSG00000001749	HIST1H552	7.3055	-0.0562	-0.182	0.8581871666114419	0.9998953409918314
ENSG00000001748	USP322	7.5788	-0.1391	-0.4699	0.6456425423255235	0.9998953409918314
ENSG00000001747	MMP271	1.8042	-0.289	-0.4696	0.6458761251397693	0.9998953409918314
ENSG00000001746	ARF716	1.1665	-0.2667	-0.5675	0.5793532831078445	0.9998953409918314
ENSG00000001745	TRIM435	7.9519	-0.2109	-0.4295	0.6741259587585597	0.9998953409918314
ENSG00000001743	KMT2361	4.7782	0.0662	0.1656	0.8708618925843986	0.9998953409918314
ENSG00000001742	RHO504	1.4418	0.1001	0.1471	0.8851256049329288	0.9998953409918314
ENSG00000000980	TET858	4.7357	-0.0427	-0.1061	0.9170147915658954	0.9998953409918314
ENSG00000000979	HDAC292	6.8408	0.0414	0.181	0.8589862756073192	0.9998953409918314
ENSG00000000978	ATAD465	3.7098	-0.6484	-0.965	0.3509132418238302	0.9998953409918314
ENSG00000000977	ARID143	4.5385	0.2073	0.5324	0.6027841722671556	0.9998953409918314
ENSG00000000974	CUL882	5.3637	0.1056	0.2278	0.8230572506869607	0.9998953409918314
ENSG00000000973	SIRT337	4.4396	-0.0653	-0.1045	0.9182686299793924	0.9998953409918314
ENSG00000000971	OR323	3.3252	-0.5475	-0.7859	0.4450030403029054	0.9998953409918314
ENSG00000000970	ARID362	4.8501	-0.037	-0.0784	0.9385876384856646	0.9998953409918314
ENSG00000000969	ABC435	2.2508	0.0078	0.0146	0.988521059673235	0.9998953409918314
ENSG00000000967	HIST1H85	10.7145	-0.2177	-0.7438	0.46929255929966507	0.9998953409918314
ENSG00000000966	KMT2674	1.5211	0.1499	0.2678	0.792770324847152	0.9998953409918314
ENSG00000000964	SIRT83	3.9426	-0.5384	-0.7868	0.44450063347951796	0.9998953409918314
ENSG00000001774	HIST1H446	3.7586	0.4858	0.9406	0.3628556430217036	0.9998953409918314
ENSG00000001773	VCL155	2.9166	-0.1381	-0.2212	0.8280995257538776	0.9998953409918314
ENSG00000001772	KCN58	1.6812	0.2513	0.3932	0.7001052789089279	0.9998953409918314
ENSG00000001771	PPP1R51	7.7895	-0.1758	-0.9982	0.33514472385898464	0.9998953409918314
ENSG00000001769	SKP448	0.8529	0.0843	0.1949	0.8482567169366709	0.9998953409918314
ENSG00000001768	ACTN535	6.4319	0.4235	1.0252	0.32265511014058457	0.9998953409918314
ENSG00000001767	MRPS91	3.868	-0.1544	-0.2515	0.8051093032197787	0.9998953409918314
ENSG00000001765	ABC462	8.4218	0.0068	0.055	0.9569462159765034	0.9998953409918314
ENSG00000001764	H2AF44	7.0809	0.4405	0.874	0.3968587514620193	0.9998953409918314
ENSG00000001763	GABR109	6.1956	-0.038	-0.0694	0.9456296753024213	0.9998953409918314
ENSG00000001791	PPP1R611	5.893	0.4655	0.8535	0.40775175089416105	0.9998953409918314
ENSG00000001790	GNA810	4.4162	0.4186	0.6533	0.5241169334726347	0.9998953409918314
ENSG00000001787	EIF644	3.8386	0.0587	0.1006	0.9213208485489439	0.9998953409918314
ENSG00000001786	GRIN880	1.9744	0.0388	0.0565	0.9557179590977981	0.9998953409918314
ENSG00000001785	SKP130	2.799	0.2747	0.445	0.663108379051905	0.9998953409918314
ENSG00000001784	PPP2R474	5.6461	-0.3305	-1.0	0.33427755420909555	0.9998953409918314
ENSG00000001783	ADAM841	6.4838	0.0704	0.1471	0.8851655417211042	0.9998953409918314
ENSG00000001782	SPTB311	4.0985	0.2188	0.4093	0.6885222400086052	0.9998953409918314
ENSG00000001780	ATAD630	4.15	-0.4167	-0.696	0.49784765195984637	0.9998953409918314
ENSG00000001779	MMP327	3.7709	0.1629	0.3675	0.7187259820932448	0.9998953409918314
ENSG00000001777	CYP770	3.4795	0.2948	0.3814	0.7086361812011361	0.9998953409918314
ENSG00000001807	TLN646	5.4537	0.0895	0.2222	0.8273896143948013	0.9998953409918314
ENSG00000001806	TMEM358	4.8285	-0.1839	-0.2183	0.8303538863342228	0.9998953409918314
ENSG00000001803	HTR469	2.272	-0.5046	-0.8436	0.4130748341857444	0.9998953409918314
ENSG00000001802	CYP242	6.1914	-0.2884	-0.8359	0.4172525664273663	0.9998953409918314
ENSG00000001801	VPS312	5.7077	0.43	0.5043	0.6218865544343796	0.9998953409918314
ENSG00000001799	HDAC518	2.649	-0.1242	-0.2869	0.7783638398015078	0.9998953409918314
ENSG00000001798	DHX895	1.9679	-0.4643	-0.6956	0.4980481409014823	0.9998953409918314
ENSG00000001797	PLC295	8.2343	-0.0906	-0.1973	0.8464319275609343	0.9998953409918314
ENSG00000001795	FBXO541	9.0879	0.2191	0.7408	0.47102999323630934	0.9998953409918314
ENSG00000001794	ZNF584	4.3419	-0.2727	-0.4069	0.6902135988408482	0.9998953409918314
ENSG00000001793	MAPK162	6.1457	0.0459	0.1131	0.9115207251650939	0.9998953409918314
ENSG00000000963	TOMM641	3.9834	0.544	0.967	0.34993433105662286	0.9998953409918314
ENSG00000000961	DNMT681	8.3834	-0.1474	-0.3853	0.7058027222419876	0.9998953409918314
ENSG00000000960	UGT329	8.9817	-0.0012	-0.0048	0.9962688920137304	0.9998953409918314
ENSG00000000959	EIF388	9.8751	0.1835	0.5665	0.5800198579852613	0.9998953409918314
ENSG00000000956	RHO201	4.095	-0.0891	-0.1327	0.8963222151550425	0.9998953409918314
ENSG00000000953	USP68	4.1329	-0.6424	-0.9253	0.37049568633515684	0.9998953409918314
ENSG00000000952	FBXO470	2.4879	0.0851	0.1114	0.9128466521621977	0.9998953409918314
ENSG00000000951	PPP2R350	5.3213	0.1538	0.3427	0.7369455097695532	0.9998953409918314
ENSG00000000950	ABC311	6.7877	-0.302	-0.9521	0.3572053288309456	0.9998953409918314
ENSG00000000949	KRT857	10.2256	-0.1113	-0.8437	0.413038430530032	0.9998953409918314
ENSG00000000947	CCNB125	6.6579	-0.1353	-0.4086	0.6890386631293193	0.9998953409918314
ENSG00000001826	PXN568	1.289	-0.4004	-0.6467	0.5282622917282693	0.9998953409918314
ENSG00000001825	PLC601	6.7968	0.0256	0.0466	0.9634890029884771	0.9998953409918314
ENSG00000001823	TMEM705	4.7749	-0.2626	-0.8282	0.4214605476255342	0.9998953409918314
ENSG00000001822	MRPS601	3.7959	0.4202	0.8205	0.42569741042528064	0.9998953409918314
ENSG00000001820	FBXO265	7.8805	0.1545	0.5513	0.5901407853752517	0.9998953409918314
ENSG00000001819	MRPS741	3.3148	0.5034	0.7792	0.4488372325611081	0.9998953409918314
ENSG00000001818	NFKB1	1.8162	0.4756	0.6757	0.5102625906782723	0.9998953409918314
ENSG00000001816	RAB11FIP884	6.7915	0.0484	0.1253	0.9020811692506877	0.9998953409918314
ENSG00000001815	RPS337	2.0701	-0.0393	-0.0667	0.9477878728886375	0.9998953409918314
ENSG00000001813	ARID637	3.8071	-0.2549	-0.3756	0.7128772229209412	0.9998953409918314
ENSG00000001812	VCL890	2.9267	-0.3649	-0.8183	0.42686962143315865	0.9998953409918314
ENSG00000001811	CACN776	4.3296	-0.4782	-0.9194	0.37344444437488056	0.9998953409918314
ENSG00000001810	EZH458	3.1219	0.3186	0.7207	0.48293703994631443	0.9998953409918314
ENSG00000001842	VCL46	7.6209	-0.3179	-0.4386	0.6676171265732538	0.9998953409918314
ENSG00000001841	COPB446	6.7143	0.0353	0.1127	0.9118802983663996	0.9998953409918314
ENSG00000001840	HTR571	7.8753	0.1413	0.4012	0.6943348595609167	0.9998953409918314
ENSG00000001838	VCL8	2.4218	0.3186	0.5432	0.5955411199333798	0.9998953409918314
ENSG00000001836	ACTN486	4.0702	0.0044	0.0083	0.9935053474761575	0.9998953409918314
ENSG00000001834	UBE241	2.6426	-0.4962	-0.6961	0.49774009985851064	0.9998953409918314
ENSG00000001833	SIRT778	2.2998	-0.6149	-1.0734	0.30123937099390424	0.9998953409918314
ENSG00000001832	HTR381	8.9811	-0.2437	-0.7914	0.4419342263772553	0.9998953409918314
ENSG00000001831	SCN849	5.4031	-0.1436	-0.3008	0.768021559590715	0.9998953409918314
ENSG00000001830	COPB511	1.1664	-0.2432	-0.5057	0.6209310786024436	0.9998953409918314
ENSG00000001829	USP48	3.9743	-0.2717	-0.5543	0.5881073278927733	0.9998953409918314
ENSG00000001859	CUL437	6.0026	-0.0439	-0.0939	0.9265034265944452	0.9998953409918314
ENSG00000001858	TET866	5.4726	-0.2783	-0.6108	0.5511061594970322	0.9998953409918314
ENSG00000001857	SLC338	6.6549	0.0145	0.0451	0.9646351392946817	0.9998953409918314
ENSG00000001855	KRT302	2.1596	0.2894	0.3687	0.717875960943902	0.9998953409918314
ENSG00000001854	BRD625	2.7163	-0.7479	-1.0503	0.31137429784898174	0.9998953409918314
ENSG00000001853	DDX327	4.1458	0.2442	0.31	0.7610937445092909	0.9998953409918314
ENSG00000001852	KMT2371	8.5859	0.2174	1.0155	0.32708749433647744	0.9998953409918314
ENSG00000001851	PLC55	2.0576	-0.7159	-0.9126	0.3769155014912474	0.9998953409918314
ENSG00000001849	CHRM867	7.7473	-0.0837	-0.2877	0.7778215192040139	0.9998953409918314
ENSG00000001847	KIF567	6.6263	0.0407	0.1179	0.9078167520549949	0.9998953409918314
ENSG00000001846	GRIN546	4.545	-0.0446	-0.1037	0.9188606356968598	0.9998953409918314
ENSG00000001845	HDAC402	6.5082	0.4326	1.075	0.30053675162183147	0.9998953409918314
ENSG00000001844	TIMM493	7.7153	0.2215	0.6145	0.5487171104757351	0.9998953409918314
ENSG00000000946	PPP1R118	5.0905	-0.1361	-0.4387	0.6675575019581711	0.9998953409918314
ENSG00000000945	ANK321	3.4675	-0.5608	-0.8463	0.41160901223683644	0.9998953409918314
ENSG00000000943	ADRB286	6.5865	0.2645	0.5094	0.6183849264413102	0.9998953409918314
ENSG00000000942	DNMT809	2.7724	0.0611	0.0923	0.9277902324697618	0.9998953409918314
ENSG00000000941	PRKC733	3.354	-0.4499	-0.9209	0.37269380698800736	0.9998953409918314
ENSG00000000939	MAPK62	5.8137	-0.0069	-0.0127	0.9900275677734418	0.9998953409918314
ENSG00000000937	ARF879	6.3366	-0.3368	-0.8186	0.4267149581355256	0.9998953409918314
ENSG00000000936	KDM682	1.9423	0.2617	0.4029	0.6931130280673585	0.9998953409918314
ENSG00000000930	VPS579	4.423	-0.2163	-0.4572	0.6545530549475561	0.9998953409918314
ENSG00000000929	USP144	4.4977	-0.0698	-0.1454	0.8864301753722749	0.9998953409918314
ENSG00000000928	KCN845	6.137	0.0717	0.224	0.8259897506213691	0.9998953409918314
ENSG00000001875	ACTN897	3.675	0.0222	0.0319	0.9749994672360254	0.9998953409918314
ENSG00000001874	GABR624	2.8572	0.1741	0.2994	0.769023248522132	0.9998953409918314
ENSG00000001872	TMEM410	1.8318	0.0478	0.0963	0.9246740952522902	0.9998953409918314
ENSG00000001871	MRPS658	5.7844	-0.3404	-0.6666	0.5158353963590863	0.9998953409918314
ENSG00000001870	SLC414	4.1419	-0.3375	-0.7363	0.47372367748125666	0.9998953409918314
ENSG00000001869	TIMM756	7.5418	0.1472	0.3344	0.7430661803221401	0.9998953409918314
ENSG00000001868	GNA201	5.8247	0.2209	0.4648	0.6492453341300533	0.9998953409918314
ENSG00000001867	CACN882	4.4361	0.3581	0.5352	0.6009049627162266	0.9998953409918314
ENSG00000001864	ADRB99	2.424	0.3958	0.5463	0.5934336406270851	0.9998953409918314
ENSG00000001863	CHRM610	7.3846	-0.0536	-0.2025	0.842441593465731	0.9998953409918314
ENSG00000001861	TET689	2.9906	0.6449	1.0475	0.3126152462299336	0.9998953409918314
ENSG00000001893	MRPL303	7.9522	0.2413	0.6248	0.5421460281050152	0.9998953409918314
ENSG00000001892	GRIN895	7.7547	-0.1189	-0.4252	0.6771561137593072	0.9998953409918314
ENSG00000001891	BRD583	6.6857	-0.1849	-0.6695	0.5140870524109618	0.9998953409918314
ENSG00000001890	MMP894	2.7946	-0.5992	-0.8315	0.41962684652740134	0.9998953409918314
ENSG00000001889	DHX124	5.8273	0.0512	0.1242	0.9029497593667245	0.9998953409918314
ENSG00000001887	H2AF431	4.9902	-0.3958	-0.9651	0.35087224517209703	0.9998953409918314
ENSG00000001886	RPS79	4.0575	-0.0393	-0.0781	0.9388812737388608	0.9998953409918314
ENSG00000001885	HDAC473	3.2263	-0.1806	-0.2601	0.7985390105597208	0.9998953409918314
ENSG00000001882	PPP2R114	8.5145	-0.1954	-0.7452	0.4684733632025252	0.9998953409918314
ENSG00000001881	DHX10	6.8581	-0.152	-0.4955	0.6279539303869717	0.9998953409918314
ENSG00000001878	MAPK497	1.5609	-0.1208	-0.2505	0.8058238002169089	0.9998953409918314
ENSG00000001877	GABR629	12.3764	0.023	0.0699	0.9452255637660733	0.9998953409918314
ENSG00000000925	PRKC523	6.7501	0.2209	0.5367	0.5998827739902607	0.9998953409918314
ENSG00000000923	GABR689	5.1792	0.4127	0.6068	0.5537228622122825	0.9998953409918314
ENSG00000000922	KIF267	7.1957	0.055	0.166	0.8705030231214309	0.9998953409918314
ENSG00000000920	TMEM745	10.2455	0.2248	0.6597	0.5201751817957154	0.9998953409918314
ENSG00000000918	ANK866	9.951	0.0552	0.2775	0.7854757285009009	0.9998953409918314
ENSG00000000917	KIF87	6.8964	0.0395	0.1399	0.890763526162063	0.9998953409918314
ENSG00000000915	GABR584	2.9524	-0.3849	-0.6124	0.5501044017841554	0.9998953409918314
ENSG00000000914	SPTB576	2.8849	-0.1399	-0.2354	0.817283045244309	0.9998953409918314
ENSG00000000912	GNA119	2.8987	0.6836	0.9554	0.3556042169726723	0.9998953409918314
ENSG00000001911	SPTB439	5.8076	-0.0033	-0.0071	0.9944124962501276	0.9998953409918314
ENSG00000001910	RPL40	9.0267	-0.141	-0.3881	0.703758692835894	0.9998953409918314
ENSG00000001908	CYR61	6.6862	-0.0215	-0.0797	0.9376304423339419	0.9998953409918314
ENSG00000001906	ATAD802	1.4525	0.2207	0.4795	0.6390083685711855	0.9998953409918314
ENSG00000001905	FBXO8	4.8519	-0.2711	-0.7551	0.4627073101357899	0.9998953409918314
ENSG00000001904	DUSP88	4.2732	0.0489	0.0934	0.9268832693230972	0.9998953409918314
ENSG00000001898	PLC881	5.8701	-0.4546	-1.0079	0.3305892559924217	0.9998953409918314
ENSG00000001897	KCN234	8.087	0.0602	0.2438	0.8108920745839889	0.9998953409918314
ENSG00000001896	H2AF150	7.8962	-0.3347	-1.0	0.3342665354491736	0.9998953409918314
ENSG00000001931	KRT603	2.5243	-0.4934	-0.7649	0.457037059880971	0.9998953409918314
ENSG00000001929	KMT2475	5.2379	0.1867	0.4374	0.668521924740523	0.9998953409918314
ENSG00000001925	DNMT535	7.7229	0.2227	1.0099	0.3296841575181979	0.9998953409918314
ENSG00000001924	KMT263	6.5825	0.3365	0.8581	0.4052998554067515	0.9998953409918314
ENSG00000001921	TRIM842	5.2883	0.2315	0.4204	0.6805776288734864	0.9998953409918314
ENSG00000001920	PPP2R843	6.6956	-0.1037	-0.2686	0.7921688623855434	0.9998953409918314
ENSG00000001919	CCNB862	3.7697	0.3177	0.5421	0.5962481296260531	0.9998953409918314
ENSG00000001917	UBE2125	6.4132	-0.1649	-0.4633	0.6502985427527261	0.9998953409918314
ENSG00000001914	CCL5	1.5481	-0.4809	-0.892	0.3874773306982522	0.9998953409918314
ENSG00000001913	RAB824	6.4613	-0.359	-0.8961	0.385361871718112	0.9998953409918314
ENSG00000000909	EZH48	11.1873	0.056	0.2479	0.807822248207002	0.9998953409918314
ENSG00000000907	EZH176	11.4092	-0.0792	-0.2978	0.770232082170578	0.9998953409918314
ENSG00000000906	CACN722	5.0757	-0.4126	-0.7927	0.44116753229798644	0.9998953409918314
ENSG00000000905	TET408	3.5428	0.1817	0.2072	0.8388209641602601	0.9998953409918314
ENSG00000000904	SMARC471	10.5432	0.1018	0.4278	0.6753145474478787	0.9998953409918314
ENSG00000000903	SPARC	3.1773	0.2164	0.3477	0.7332649088290975	0.9998953409918314
ENSG00000000900	DHX695	5.9455	0.3935	0.8881	0.3895022913404499	0.9998953409918314
ENSG00000000899	PLC650	3.5676	0.0556	0.0728	0.9430095313342652	0.9998953409918314
ENSG00000000898	TLN287	8.8354	-0.2069	-0.7059	0.4918345226740044	0.9998953409918314
ENSG00000000897	TUBB584	10.8685	-0.101	-0.3655	0.7202308827416148	0.9998953409918314
ENSG00000000896	FBXO631	6.9568	-0.0977	-0.4101	0.6879487889214015	0.9998953409918314
ENSG00000000894	KIF850	3.434	0.4467	0.8333	0.4186718714392471	0.9998953409918314
ENSG00000000893	ADAM821	4.4109	0.2016	0.3046	0.7651801671078976	0.9998953409918314
ENSG00000001944	TUBB20	4.6545	0.0776	0.1728	0.8653201035767673	0.9998953409918314
ENSG00000001942	GNA597	5.0455	-0.341	-0.738	0.4726793075396356	0.9998953409918314
ENSG00000001941	PXN553	1.4365	-0.505	-0.8808	0.3932753896969394	0.9998953409918314
ENSG00000001939	DYNC246	9.9877	-0.1614	-0.5343	0.6015049941574986	0.9998953409918314
ENSG00000001936	ANAPC372	1.8182	-0.1292	-0.1975	0.8462812860060196	0.9998953409918314
ENSG00000001935	ANAPC101	4.1772	-0.1118	-0.2068	0.8391281563103515	0.9998953409918314
ENSG00000001933	ADRB546	6.9823	0.1931	0.7621	0.4586492602137877	0.9998953409918314
ENSG00000001932	UGT159	10.5147	0.0674	0.324	0.7507295099926894	0.9998953409918314
ENSG00000000889	SLC646	2.3364	-0.504	-0.7667	0.45599433529451816	0.9998953409918314
ENSG00000000888	BRD253	5.6479	-0.1788	-0.3428	0.736808768140619	0.9998953409918314
ENSG00000000883	GRIN35	3.1494	-0.0016	-0.0024	0.9981166734486802	0.9998953409918314
ENSG00000000882	DUSP252	9.79	-0.3162	-1.0502	0.31141795026055313	0.9998953409918314
ENSG00000000880	PPP2R288	9.8061	-0.2604	-0.532	0.6030665842854765	0.9998953409918314
ENSG00000000879	SIRT121	3.6474	-0.6877	-0.9162	0.3750675948985529	0.9998953409918314
ENSG00000000878	KRT339	6.8115	0.1837	0.6101	0.5515634253423469	0.9998953409918314
ENSG00000000876	DYNC546	5.1479	-0.2369	-0.4686	0.6465459722431326	0.9998953409918314
ENSG00000000875	CUL257	8.095	-0.0027	-0.0118	0.9907218291778226	0.9998953409918314
ENSG00000000872	ARID19	6.8525	-0.1518	-0.245	0.8099923604037085	0.9998953409918314
ENSG00000001966	H2AF8	7.2176	-0.2178	-0.8776	0.3949608519810044	0.9998953409918314
ENSG00000001965	TOMM319	10.431	-0.0108	-0.0355	0.9721919737642845	0.9998953409918314
ENSG00000001964	PXN267	1.722	-0.0295	-0.0507	0.9602975716843043	0.9998953409918314
ENSG00000001963	PPP2R577	6.1314	0.1954	0.4785	0.6397073004906082	0.9998953409918314
ENSG00000001962	ANAPC513	6.723	0.3135	0.694	0.4990102611455385	0.9998953409918314
ENSG00000001961	MAPK434	4.4822	0.5893	0.9104	0.3780407876961762	0.9998953409918314
ENSG00000001960	HTR758	2.9702	0.342	0.4592	0.6531365974014659	0.9998953409918314
ENSG00000001959	SNX850	2.0475	0.2929	0.471	0.64486620631643	0.9998953409918314
ENSG00000001957	SMARC644	7.6001	-0.1756	-0.6259	0.5414389545200455	0.9998953409918314
ENSG00000001952	MRPS422	4.0027	0.4308	0.8119	0.430464451309601	0.9998953409918314
ENSG00000001950	SEC678	1.802	0.2965	0.4943	0.6287917631352518	0.9998953409918314
ENSG00000001949	COL130	2.5918	-0.3532	-0.6286	0.5397441888515908	0.9998953409918314
ENSG00000001983	EIF742	5.1355	0.2515	0.6502	0.5260663733796458	0.9998953409918314
ENSG00000001982	ARID235	5.9001	-0.2949	-0.6735	0.5115833945793726	0.9998953409918314
ENSG00000001981	ATAD674	3.4159	-0.3846	-0.7326	0.4758955334668623	0.9998953409918314
ENSG00000001980	ACTN119	5.0411	-0.3662	-0.7784	0.44926568588594784	0.9998953409918314
ENSG00000001979	ZNF437	6.9269	0.3776	0.9199	0.3731927592866623	0.9998953409918314
ENSG00000001978	TLN140	1.5899	-0.5854	-1.0219	0.324141769610812	0.9998953409918314
ENSG00000001976	SLC797	3.5226	-0.4807	-0.9159	0.3752201980482899	0.9998953409918314
ENSG00000001973	BRD102	3.5631	0.2373	0.4407	0.6661443678449184	0.9998953409918314
ENSG00000001972	USP259	4.3554	0.0574	0.1151	0.9100346954221388	0.9998953409918314
ENSG00000001971	CACN544	6.8768	-0.041	-0.1287	0.8994288744669621	0.9998953409918314
ENSG00000001970	COL3A1	5.6273	0.356	0.5899	0.5646459805696373	0.9998953409918314
ENSG00000001969	ARF594	1.3295	0.2364	0.4045	0.6919849316546868	0.9998953409918314
ENSG00000001968	ARF898	4.0391	0.3213	0.6212	0.5444343414181559	0.9998953409918314
ENSG00000001967	CYP323	3.46	0.135	0.217	0.8313390918608918	0.9998953409918314
ENSG00000002000	GABR521	8.5447	-0.1396	-0.4839	0.6359126875858236	0.9998953409918314
ENSG00000001999	COL547	1.9337	-0.4904	-0.836	0.41718289482241466	0.9998953409918314
ENSG00000001998	GRIN401	2.8941	0.0342	0.0421	0.9670490237630758	0.9998953409918314
ENSG00000001997	VPS183	7.02	0.0674	0.146	0.8860351240990247	0.9998953409918314
ENSG00000001996	ACTN537	3.2931	-0.0225	-0.0376	0.9705607330812567	0.9998953409918314
ENSG00000001995	KCN314	3.3166	-0.4159	-0.67	0.5137681963996399	0.9998953409918314
ENSG00000001994	PPP1R78	1.8326	-0.4545	-0.654	0.5237019731853623	0.9998953409918314
ENSG00000001993	RAB187	7.0763	-0.0676	-0.1497	0.8831739902363418	0.9998953409918314
ENSG00000001992	RPS302	3.9126	0.231	0.5545	0.5879902745178233	0.9998953409918314
ENSG00000001991	KRT429	7.3053	0.0089	0.0289	0.9773707962720035	0.9998953409918314
ENSG00000001990	GABR93	3.7408	-0.2102	-0.3738	0.7141570070084008	0.9998953409918314
ENSG00000001988	H2AF578	5.4995	-0.0398	-0.1201	0.9061148974186203	0.9998953409918314
ENSG00000001987	ACTN164	4.2232	0.1424	0.2685	0.7922268979794092	0.9998953409918314
ENSG00000001984	HTR833	3.4258	0.679	1.0209	0.3246358983332406	0.9998953409918314
ENSG00000002020	TOMM614	1.2587	-0.0203	-0.0327	0.9743871531039967	0.9998953409918314
ENSG00000002018	HDAC25	8.2451	-0.0324	-0.1659	0.8706345559744657	0.9998953409918314
ENSG00000002016	HIF1A	3.4387	0.4785	0.7258	0.47992957501644395	0.9998953409918314
ENSG00000002015	KDM2	5.5274	-0.354	-0.966	0.35044752323484196	0.9998953409918314
ENSG00000002013	TET277	8.1537	0.1507	0.447	0.6617433224281961	0.9998953409918314
ENSG00000002012	ACTN456	3.9743	0.2711	0.4586	0.6535573585715131	0.9998953409918314
ENSG00000002011	PXN331	5.9616	-0.2679	-0.7756	0.45088858864348835	0.9998953409918314
ENSG00000002008	ADRB265	5.9379	0.0244	0.0983	0.9230834879854509	0.9998953409918314
ENSG00000002007	ABC541	7.2499	-0.1466	-0.3275	0.7481307913615306	0.9998953409918314
ENSG00000002006	ZNF372	2.9549	-0.1785	-0.2766	0.7861121431873463	0.9998953409918314
ENSG00000002004	ABC486	4.8257	0.5856	0.8095	0.4317906766660494	0.9998953409918314
ENSG00000002003	TLN276	5.1759	-0.0351	-0.0951	0.9255787849673731	0.9998953409918314
ENSG00000002002	TIMM365	5.9268	0.2144	0.4377	0.6683059448820983	0.9998953409918314
ENSG00000000871	SUZ302	4.3352	0.1534	0.371	0.7161586263657211	0.9998953409918314
ENSG00000000870	MRPL246	10.8105	-0.2035	-0.8713	0.39825955339152663	0.9998953409918314
ENSG00000000869	KCN898	3.0127	-0.1116	-0.1956	0.8477640989088023	0.9998953409918314
ENSG00000000868	CHRM732	6.04	-0.2318	-0.9339	0.36619175885814126	0.9998953409918314
ENSG00000000867	OR861	3.9574	-0.3298	-0.6244	0.5424137031875997	0.9998953409918314
ENSG00000000863	FBXO605	4.9728	0.3324	0.6026	0.5564226888617225	0.9998953409918314
ENSG00000000862	HDAC875	7.7382	-0.2505	-0.8949	0.3859433148313062	0.9998953409918314
ENSG00000000860	TMEM521	2.6348	0.192	0.3245	0.7503922331870743	0.9998953409918314
ENSG00000000859	SIRT812	7.6092	-0.1515	-0.5063	0.6204959295684696	0.9998953409918314
ENSG00000000858	ANK99	7.7621	-0.165	-0.2978	0.7702011137681731	0.9998953409918314
ENSG00000000857	IRS1	2.394	-0.3462	-0.5612	0.583565509136155	0.9998953409918314
ENSG00000000855	GNA44	4.8261	-0.1967	-0.3581	0.7255881407474132	0.9998953409918314
ENSG00000002037	USP842	9.3306	0.047	0.2327	0.819354019982999	0.9998953409918314
ENSG00000002036	EZH168	3.5207	-0.642	-0.7203	0.48319637322949005	0.9998953409918314
ENSG00000002034	OR865	6.7492	-0.0158	-0.0405	0.9682577121182976	0.9998953409918314
ENSG00000002033	ADRB94	7.3182	-0.3841	-0.9116	0.37739882744335806	0.9998953409918314
ENSG00000002032	ATAD523	9.173	0.1854	0.4111	0.6871999969238759	0.9998953409918314
ENSG00000002031	TRIM589	5.3307	0.1492	0.3523	0.7298589650980377	0.9998953409918314
ENSG00000002028	DYNC879	8.668	0.4088	0.9907	0.33863542171583516	0.9998953409918314
ENSG00000002027	CDC678	6.5778	0.2006	0.6179	0.5465902306615028	0.9998953409918314
ENSG00000002026	KMT2774	10.8934	0.1587	0.9571	0.35474697897261587	0.9998953409918314
ENSG00000002025	RAB696	3.3572	-0.0412	-0.0704	0.9448741663333449	0.9998953409918314
ENSG00000002024	HTR154	4.9311	-0.4077	-0.5676	0.5792717313796885	0.9998953409918314
ENSG00000002022	CDC603	6.7807	-0.2769	-0.8224	0.42465436856587646	0.9998953409918314
ENSG00000002055	USP679	8.0708	0.193	0.9879	0.33996509283253407	0.9998953409918314
ENSG00000002054	ABC756	4.8331	0.0457	0.0752	0.9411281217484038	0.9998953409918314
ENSG00000002052	TMEM702	4.0308	-0.3705	-0.4579	0.6540642077676344	0.9998953409918314
ENSG00000002051	RAB11FIP387	2.2582	-0.493	-0.6925	0.49995913135908565	0.9998953409918314
ENSG00000002050	TMEM669	4.4126	0.4576	0.7222	0.4820709743311766	0.9998953409918314
ENSG00000002049	RAB11FIP471	6.3777	-0.0048	-0.01	0.9921702198923861	0.9998953409918314
ENSG00000002047	TET827	6.1341	0.0381	0.0811	0.9365475442282993	0.9998953409918314
ENSG00000002046	MRPL241	2.8252	-0.0162	-0.0261	0.9795656937179744	0.9998953409918314
ENSG00000002044	ABC549	7.4164	-0.058	-0.1897	0.852297418632862	0.9998953409918314
ENSG00000002043	SMARC782	1.7285	0.3984	0.8243	0.423589110710876	0.9998953409918314
ENSG00000002042	GLUT4	3.1763	-0.527	-1.039	0.31641453427897903	0.9998953409918314
ENSG00000002041	RAB11FIP306	5.9029	-0.2639	-0.7422	0.4702607554784165	0.9998953409918314
ENSG00000002040	DNMT804	7.8104	-0.0576	-0.2051	0.8404818071559967	0.9998953409918314
ENSG00000002074	TMEM291	2.9047	-0.1012	-0.1669	0.8698572182430805	0.9998953409918314
ENSG00000002072	PLC726	2.0843	-0.5884	-0.8431	0.4133357596216092	0.9998953409918314
ENSG00000002069	PLC371	6.3432	0.1389	0.3158	0.7567858323864645	0.9998953409918314
ENSG00000002067	CHRM848	3.7622	-0.0891	-0.2003	0.8441331224726754	0.9998953409918314
ENSG00000002065	HDAC642	2.6734	-0.4911	-0.797	0.43875920358895937	0.9998953409918314
ENSG00000002062	CYP8	2.2932	0.1776	0.2331	0.8190798979808409	0.9998953409918314
ENSG00000002061	OR779	7.8086	0.0205	0.0734	0.9425516993232967	0.9998953409918314
ENSG00000002060	ARID899	5.5345	0.016	0.0505	0.9604386102003913	0.9998953409918314
ENSG00000002057	CUL34	9.6885	0.4426	0.8638	0.4022772181744355	0.9998953409918314
ENSG00000000853	CACN315	6.3148	-0.1288	-0.367	0.7191026356410963	0.9998953409918314
ENSG00000000852	CCNB769	3.6976	0.4491	0.6995	0.4957237654285359	0.9998953409918314
ENSG00000000851	CCNB193	9.661	-0.2397	-0.6086	0.5525380683491818	0.9998953409918314
ENSG00000000850	CS	3.5283	0.1649	0.2374	0.8157560138817082	0.9998953409918314
ENSG00000000848	MRPL824	1.6754	0.2476	0.4036	0.6926070339638012	0.9998953409918314
ENSG00000000846	MAPK706	3.267	-0.6468	-1.0752	0.3004667197827962	0.9998953409918314
ENSG00000000845	ADAM344	3.5345	0.6952	1.0218	0.3242175203922514	0.9998953409918314
ENSG00000000844	CDC333	7.2339	0.2179	0.5964	0.5604338475023694	0.9998953409918314
ENSG00000000842	GRIN140	6.1024	-0.2511	-0.5628	0.5825025014954384	0.9998953409918314
ENSG00000000841	FBXO649	7.5201	0.0701	0.2006	0.8439150240556654	0.9998953409918314
ENSG00000000840	TIMP2	3.5235	-0.4881	-0.8826	0.39236765794300255	0.9998953409918314
ENSG00000002091	DUSP465	1.9975	0.0166	0.0261	0.9795586451744369	0.9998953409918314
ENSG00000002089	TLN423	1.3167	-0.214	-0.3632	0.7219124312238704	0.9998953409918314
ENSG00000002088	PXN341	2.8019	-0.6403	-0.9157	0.3753233874202194	0.9998953409918314
ENSG00000002087	TOMM650	4.2874	0.0009	0.0019	0.9984765881052144	0.9998953409918314
ENSG00000002086	ACTN721	8.62	0.2846	1.1095	0.2859094490399542	0.9998953409918314
ENSG00000002084	SKP680	2.3988	0.0875	0.121	0.9053990800964975	0.9998953409918314
ENSG00000002082	HDAC8	4.7679	0.2118	0.5554	0.5873965566855269	0.9998953409918314
ENSG00000002081	UBE238	10.0814	0.0513	0.2596	0.7989195342414778	0.9998953409918314
ENSG00000002079	TMEM73	4.8646	-0.342	-0.8951	0.385862209702739	0.9998953409918314
ENSG00000002077	DUSP24	6.7688	-0.0147	-0.0559	0.9561734102376807	0.9998953409918314
ENSG00000002076	DYNC854	8.0061	0.1461	0.3003	0.7683257178977013	0.9998953409918314
ENSG00000002075	ARID89	1.8876	-0.2293	-0.3866	0.704889504124002	0.9998953409918314
ENSG00000002107	DYNC453	7.5147	-0.1798	-0.5621	0.5829575132459912	0.9998953409918314
ENSG00000002106	RPL592	4.7562	0.2596	0.485	0.6351914257314047	0.9998953409918314
ENSG00000002105	CDC532	8.4278	-0.0707	-0.2442	0.8105989245388457	0.9998953409918314
ENSG00000002104	RPL664	5.3913	-0.2668	-0.7384	0.4724835204058111	0.9998953409918314
ENSG00000002103	UBE2399	4.5842	0.4766	1.1012	0.28937851361673755	0.9998953409918314
ENSG00000002102	EZH172	4.1617	-0.1567	-0.4152	0.6842678012193486	0.9998953409918314
ENSG00000002099	HTR849	3.4136	-0.5029	-0.9043	0.3811598218157306	0.9998953409918314
ENSG00000002097	DRD327	6.9669	0.1141	0.3596	0.7245411893308059	0.9998953409918314
ENSG00000002096	ANK563	6.9746	0.0465	0.1721	0.8657952338877546	0.9998953409918314
ENSG00000002094	TUBB386	1.2312	-0.0232	-0.052	0.9592246565477727	0.9998953409918314
ENSG00000002093	ADRB723	7.0291	-0.0957	-0.3134	0.758620418921699	0.9998953409918314
ENSG00000002092	KRT632	2.5138	0.5056	0.7037	0.4931333339598516	0.9998953409918314
ENSG00000002123	ATAD756	3.8565	-0.1337	-0.215	0.8328772310224377	0.9998953409918314
ENSG00000002122	MAPK567	8.0129	-0.0164	-0.0398	0.9687773574334312	0.9998953409918314
ENSG00000002121	RHO238	9.1289	0.1535	0.5901	0.5644949806186008	0.9998953409918314
ENSG00000002120	PRKC707	5.7911	-0.2685	-0.6698	0.5138728604461857	0.9998953409918314
ENSG00000002119	ZNF686	8.6509	-0.0832	-0.3524	0.7297932030138472	0.9998953409918314
ENSG00000002118	GNA294	11.3284	-0.0972	-0.3612	0.7233292900761121	0.9998953409918314
ENSG00000002117	SUZ705	3.0491	-0.2855	-0.4666	0.6479309083603537	0.9998953409918314
ENSG00000002115	RAB362	4.4048	-0.3889	-0.902	0.38233090276549087	0.9998953409918314
ENSG00000002114	CACN833	9.0765	0.0709	0.2082	0.8380478919151862	0.9998953409918314
ENSG00000002113	TIMM340	3.7787	-0.4524	-0.6424	0.5309652643118696	0.9998953409918314
ENSG00000002112	ARF602	10.5628	0.0959	0.2793	0.7841336931453045	0.9998953409918314
ENSG00000002110	RPL853	3.3752	-0.0577	-0.0962	0.9247118874110376	0.9998953409918314
ENSG00000002108	PPP1R671	6.0225	-0.3974	-0.9411	0.362609407461876	0.9998953409918314
ENSG00000000836	UBE2844	5.6971	-0.1124	-0.3293	0.7467923924757909	0.9998953409918314
ENSG00000000835	PPP2R543	8.6327	-0.0446	-0.181	0.8589434180176545	0.9998953409918314
ENSG00000000834	DNMT182	6.6744	0.0204	0.0677	0.9470029739281034	0.9998953409918314
ENSG00000000833	SKP622	2.8694	-0.1476	-0.2534	0.8036715012049537	0.9998953409918314
ENSG00000000830	MYO251	2.8897	-0.5232	-0.9352	0.3655350038688884	0.9998953409918314
ENSG00000000829	KIF652	1.5717	-0.6714	-1.0945	0.2922129314564904	0.9998953409918314
ENSG00000000828	PLC94	7.2409	-0.0219	-0.0687	0.946202405371305	0.9998953409918314
ENSG00000000827	RNF715	1.5781	-0.2551	-0.4944	0.6286607273441718	0.9998953409918314
ENSG00000000826	SKP147	3.4437	-0.2919	-0.5601	0.5842700275316807	0.9998953409918314
ENSG00000000825	TET361	8.1513	-0.0176	-0.0425	0.9666953141703523	0.9998953409918314
ENSG00000000823	OR275	4.8716	-0.4115	-1.0164	0.32670466074949367	0.9998953409918314
ENSG00000000822	SMARC113	3.2495	-0.1238	-0.1887	0.8530545092954417	0.9998953409918314
ENSG00000000821	EIF1	5.7642	-0.2108	-0.5776	0.572738231947822	0.9998953409918314
ENSG00000002141	SPTB119	2.8718	-0.0176	-0.0244	0.9808837515771368	0.9998953409918314
ENSG00000002139	EZH112	7.3199	-0.1191	-0.3947	0.6990320321508878	0.9998953409918314
ENSG00000002138	KCN736	8.8646	-0.2032	-0.7817	0.44743145059798106	0.9998953409918314
ENSG00000002137	OR574	6.9206	0.1117	0.3107	0.7606377848322678	0.9998953409918314
ENSG00000002136	BRD850	7.5424	-0.3377	-1.0389	0.3164656158790844	0.9998953409918314
ENSG00000002135	VCL743	3.1599	-0.2228	-0.2853	0.7796126610986127	0.9998953409918314
ENSG00000002134	KRT576	6.698	-0.3792	-0.8511	0.40906139233060956	0.9998953409918314
ENSG00000002133	CHRM143	4.1761	0.079	0.18	0.8597193658440777	0.9998953409918314
ENSG00000002130	TRIM833	7.0645	-0.1031	-0.4431	0.6644831456864205	0.9998953409918314
ENSG00000002126	COPB729	4.5965	-0.1527	-0.2553	0.8022031162046396	0.9998953409918314
ENSG00000002125	H2AF26	5.8489	-0.1313	-0.2962	0.7714067141182471	0.9998953409918314
ENSG00000002158	TMEM246	9.7457	-0.1763	-0.6251	0.541946551657986	0.9998953409918314
ENSG00000002157	MRPS95	4.8159	-0.4641	-0.9155	0.37544414289147365	0.9998953409918314
ENSG00000002154	TMEM574	4.656	0.457	0.8904	0.38828006333313947	0.9998953409918314
ENSG00000002151	PLC293	1.1605	-0.1872	-0.3207	0.7531700840605703	0.9998953409918314
ENSG00000002149	SEC198	4.3648	-0.1341	-0.3172	0.7557482942330742	0.9998953409918314
ENSG00000002147	KDM41	5.8774	0.2798	0.9131	0.37664252958044053	0.9998953409918314
ENSG00000002144	RHO721	3.9434	-0.0817	-0.1625	0.8732193717825156	0.9998953409918314
ENSG00000002142	SNX621	4.6902	0.3329	0.53	0.604398034890148	0.9998953409918314
ENSG00000000820	SLC399	2.1765	-0.1194	-0.1767	0.8622466483649661	0.9998953409918314
ENSG00000000819	CACN290	3.7795	-0.2069	-0.356	0.7271569262529596	0.9998953409918314
ENSG00000000818	SCN490	4.5867	0.0126	0.0286	0.9776241534600876	0.9998953409918314
ENSG00000000815	MRPL744	6.0127	-0.1288	-0.2369	0.8161380907518939	0.9998953409918314
ENSG00000000814	COPB349	1.5042	0.0259	0.0422	0.9669368654605395	0.9998953409918314
ENSG00000000813	USP47	9.8368	0.0342	0.1315	0.8972631097510082	0.9998953409918314
ENSG00000000812	HIST1H770	6.228	-0.2889	-0.4738	0.6429736825330656	0.9998953409918314
ENSG00000000811	SKP479	1.3426	0.7506	1.0647	0.30504665939139286	0.9998953409918314
ENSG00000000810	EIF27	7.4548	0.1628	0.5658	0.5804903360596143	0.9998953409918314
ENSG00000000808	COL38	4.9251	-0.4546	-0.6179	0.5465783092056622	0.9998953409918314
ENSG00000000807	KIF575	6.0467	-0.2112	-0.4194	0.6813206016305957	0.9998953409918314
ENSG00000000806	CYP234	10.3074	-0.0622	-0.2369	0.8161456596206219	0.9998953409918314
ENSG00000000805	ADRB587	2.7246	0.1921	0.2926	0.7741085402404245	0.9998953409918314
ENSG00000002175	H2AF304	1.8487	-0.4921	-0.9221	0.3720983436024752	0.9998953409918314
ENSG00000002174	ATAD877	5.6479	-0.175	-0.5196	0.6114530578284433	0.9998953409918314
ENSG00000002173	KCN796	6.0872	-0.35	-0.9959	0.3362182038815469	0.9998953409918314
ENSG00000002172	PXN194	6.8856	0.1061	0.2404	0.8135156340578502	0.9998953409918314
ENSG00000002169	USP629	10.0385	0.1678	0.5789	0.5718455635801574	0.9998953409918314
ENSG00000002168	DDX627	7.2203	0.373	0.7027	0.49378801269334205	0.9998953409918314
ENSG00000002166	OR892	3.2021	-0.1836	-0.311	0.7604034563169637	0.9998953409918314
ENSG00000002163	CCNB478	6.4179	0.4346	0.887	0.3900670000498335	0.9998953409918314
ENSG00000002162	VCL75	7.4453	0.2507	0.689	0.502063146284059	0.9998953409918314
ENSG00000002161	IFNG	3.7893	-0.0738	-0.1679	0.869069931951653	0.9998953409918314
ENSG00000002193	CCNB706	6.1509	-0.2062	-0.4711	0.6448590814017757	0.9998953409918314
ENSG00000002191	CCNB264	6.4354	-0.0584	-0.1706	0.8669771812520985	0.9998953409918314
ENSG00000002190	KIF822	2.8403	0.0178	0.0281	0.9779602450035934	0.9998953409918314
ENSG00000002189	EIF8	3.6372	-0.5026	-0.8802	0.39360985356681377	0.9998953409918314
ENSG00000002187	SPTB167	1.9386	0.1432	0.1586	0.8762664283829706	0.9998953409918314
ENSG00000002186	GABR621	3.9883	-0.5553	-0.7672	0.4556790586676508	0.9998953409918314
ENSG00000002185	FBXO434	2.8078	0.135	0.3456	0.7347734327453995	0.9998953409918314
ENSG00000002183	TOMM755	9.3775	0.0952	0.1915	0.8508734776954224	0.9998953409918314
ENSG00000002182	RNF437	2.8918	0.2118	0.3477	0.7332340325873845	0.9998953409918314
ENSG00000002181	CCNB574	6.081	0.2096	0.8972	0.3847619673250434	0.9998953409918314
ENSG00000002180	KCN554	8.0651	-0.0081	-0.0266	0.9791679595920809	0.9998953409918314
ENSG00000002179	EZH450	3.8143	0.2381	0.276	0.7865960055952862	0.9998953409918314
ENSG00000002178	FBXO18	7.1408	0.4026	1.1076	0.2866812426784653	0.9998953409918314
ENSG00000002210	KDM562	3.5029	-0.0161	-0.0325	0.9745622360838828	0.9998953409918314
ENSG00000002209	DYNC367	4.0215	0.278	0.5919	0.5633694515144219	0.9998953409918314
ENSG00000002208	GABR827	6.0346	-0.0854	-0.2046	0.8408492724364507	0.9998953409918314
ENSG00000002207	RAB267	7.7603	-0.1682	-0.608	0.55289600985559	0.9998953409918314
ENSG00000002206	KIF683	8.2442	0.0292	0.0984	0.9230291797631829	0.9998953409918314
ENSG00000002205	TRIM389	4.9432	0.3066	0.4838	0.6360299763970129	0.9998953409918314
ENSG00000002202	PLC845	3.2262	0.0469	0.0706	0.944745859769376	0.9998953409918314
ENSG00000002201	SCN797	5.5189	-0.1146	-0.2249	0.8253327303662807	0.9998953409918314
ENSG00000002200	UBE2135	1.9683	0.4461	0.7286	0.4782746856260317	0.9998953409918314
ENSG00000002198	EZH285	3.9411	0.5882	0.9523	0.35708599754114356	0.9998953409918314
ENSG00000002197	HDAC199	2.3281	0.1977	0.3829	0.7075595224257214	0.9998953409918314
ENSG00000002195	COL748	8.7293	0.0659	0.1761	0.862699586035413	0.9998953409918314
ENSG00000002194	TET882	2.5481	-0.5079	-0.7528	0.46403996206002074	0.9998953409918314
ENSG00000000804	MAPK296	9.5917	0.0979	0.2821	0.7819894096913517	0.9998953409918314
ENSG00000000803	EZH397	9.05	-0.1757	-0.6726	0.5121620769662293	0.9998953409918314
ENSG00000000802	KRT159	10.6791	-0.2994	-1.1009	0.28950904364213603	0.9998953409918314
ENSG00000000799	ARF549	7.6133	0.3941	0.5987	0.5589214541175651	0.9998953409918314
ENSG00000000797	DRD443	5.454	-0.3357	-0.633	0.5369418447563203	0.9998953409918314
ENSG00000000795	USP164	7.7569	-0.0157	-0.0449	0.9648117950816295	0.9998953409918314
ENSG00000000794	KMT2396	1.3394	0.0317	0.0532	0.9583275834152865	0.9998953409918314
ENSG00000000792	GRIN215	4.843	-0.4986	-1.0697	0.30284820906180165	0.9998953409918314
ENSG00000000790	UGT309	4.7444	-0.1077	-0.2694	0.7915644114834591	0.9998953409918314
ENSG00000000788	ZNF766	1.5892	0.3772	0.4846	0.6354449225754581	0.9998953409918314
ENSG00000000787	VPS896	1.825	0.5901	0.9587	0.3539703145388957	0.9998953409918314
ENSG00000000786	PPP1R486	7.4752	-0.4088	-1.0402	0.3158949010140556	0.9998953409918314
ENSG00000002229	MRPL376	7.8895	0.0954	0.4297	0.6739377583567172	0.9998953409918314
ENSG00000002224	SNX127	6.6481	-0.3662	-0.9486	0.35889026916019606	0.9998953409918314
ENSG00000002223	CYP559	6.2889	-0.1032	-0.2613	0.7976961885395158	0.9998953409918314
ENSG00000002222	BRD366	4.1419	0.1882	0.6011	0.5574034572545435	0.9998953409918314
ENSG00000002221	COL29	6.0968	-0.3143	-0.5258	0.6072300660073292	0.9998953409918314
ENSG00000002220	CUL43	3.6613	0.5019	0.7449	0.46864719902212626	0.9998953409918314
ENSG00000002218	KCN607	1.277	0.3515	0.7181	0.48453512282483624	0.9998953409918314
ENSG00000002217	DNMT118	4.3841	0.0584	0.1024	0.9199274109713451	0.9998953409918314
ENSG00000002215	DRD758	9.045	-0.0029	-0.0096	0.9924810311342857	0.9998953409918314
ENSG00000002212	HTR686	7.2354	0.4412	0.9038	0.3814112074636997	0.9998953409918314
ENSG00000000785	CHRM460	1.5871	0.5772	0.9466	0.35991395198891407	0.9998953409918314
ENSG00000000784	SEC894	6.1289	0.4121	1.0809	0.29799425577366306	0.9998953409918314
ENSG00000000783	CCNB110	9.6064	-0.1838	-0.6557	0.5226781047323514	0.9998953409918314
ENSG00000000782	DHX419	5.1283	-0.3955	-0.8763	0.3956397659013272	0.9998953409918314
ENSG00000000779	ANK179	7.0807	0.1159	0.4266	0.6761744537635439	0.9998953409918314
ENSG00000000778	UGT247	6.7688	-0.2195	-0.6419	0.5312824643307057	0.9998953409918314
ENSG00000000776	GNA72	7.8068	-0.2083	-0.7599	0.4599384429489004	0.9998953409918314
ENSG00000000772	RAB11FIP599	3.6379	-0.2076	-0.3415	0.7378069791408172	0.9998953409918314
ENSG00000000771	ANAPC329	5.9652	-0.149	-0.7781	0.4494480970655136	0.9998953409918314
ENSG00000000770	KMT2612	6.8547	-0.0404	-0.1762	0.8626322413060453	0.9998953409918314
ENSG00000000769	H2AF20	12.0546	0.2888	0.7226	0.4818353362477241	0.9998953409918314
ENSG00000002246	SIRT539	5.0481	-0.1274	-0.2147	0.8331051276579984	0.9998953409918314
ENSG00000002245	CDC41	9.6437	0.0886	0.4707	0.6450727326405432	0.9998953409918314
ENSG00000002243	KCN474	3.3283	0.4371	0.6811	0.5069039679461039	0.9998953409918314
ENSG00000002240	PRKC270	1.6325	-0.1314	-0.1714	0.8663293314389874	0.9998953409918314
ENSG00000002237	KCN159	1.79	0.6213	1.0334	0.3189461584080019	0.9998953409918314
ENSG00000002231	KDM608	6.1263	-0.2651	-0.3644	0.7209719926385996	0.9998953409918314
ENSG00000002230	SUZ34	3.9216	-0.013	-0.0294	0.9769352233240545	0.9998953409918314
ENSG00000002261	UGT515	3.1742	0.3833	0.5458	0.5938006094477444	0.9998953409918314
ENSG00000002260	PPP2R250	4.6808	0.326	0.7599	0.4599475292825773	0.9998953409918314
ENSG00000002257	EZH731	6.9108	0.0432	0.1408	0.8900100608871624	0.9998953409918314
ENSG00000002256	DHX624	1.8551	-0.1945	-0.2973	0.7705947789196633	0.9998953409918314
ENSG00000002255	EIF754	4.7396	0.3293	0.4487	0.6605285873541661	0.9998953409918314
ENSG00000002254	CCNB284	8.1816	-0.0061	-0.0189	0.9851517917582371	0.9998953409918314
ENSG00000002253	ADRB434	4.294	0.0887	0.1782	0.8611181901809167	0.9998953409918314
ENSG00000002251	SMARC198	4.1474	0.037	0.0768	0.9398862190085924	0.9998953409918314
ENSG00000002249	UBE2324	6.7558	0.0161	0.0445	0.9651263143628557	0.9998953409918314
ENSG00000002248	DRD313	4.4512	-0.4206	-0.8755	0.39605114044917844	0.9998953409918314
ENSG00000000768	MRPS35	7.6915	-0.0984	-0.326	0.7492695709142365	0.9998953409918314
ENSG00000000767	TET386	4.8742	-0.1222	-0.2948	0.7725038963024379	0.9998953409918314
ENSG00000000766	HIST1H668	10.304	-0.1993	-0.9393	0.3634886521401498	0.9998953409918314
ENSG00000000765	SLC403	1.6703	0.1334	0.268	0.7926146098265419	0.9998953409918314
ENSG00000000763	H2AF633	7.3845	0.3886	1.015	0.32732991004630474	0.9998953409918314
ENSG00000000762	SPTB593	1.8722	0.1382	0.306	0.7641297329318512	0.9998953409918314
ENSG00000000760	SMARC784	4.7652	0.3967	0.8146	0.42896475557443003	0.9998953409918314
ENSG00000000758	KRT710	6.2689	-0.0526	-0.0818	0.9359662857099089	0.9998953409918314
ENSG00000000757	ADAM626	2.9082	0.0999	0.1637	0.8723335076217229	0.9998953409918314
ENSG00000000756	SNX633	1.6988	-0.4499	-0.947	0.35970359467281565	0.9998953409918314
ENSG00000000754	GRIN188	3.5929	-0.1127	-0.1781	0.8612244453671917	0.9998953409918314
ENSG00000000753	PPP1R162	5.0395	-0.0478	-0.1041	0.9185505107647629	0.9998953409918314
ENSG00000000751	RPS365	8.5044	0.1889	0.44	0.6666465239547168	0.9998953409918314
ENSG00000002281	ABC500	5.5301	-0.047	-0.1311	0.8975529517356953	0.9998953409918314
ENSG00000002279	DUSP779	7.607	-0.0972	-0.3636	0.7215856931478459	0.9998953409918314
ENSG00000002278	GNA768	8.293	0.1325	0.4491	0.6602300588721376	0.9998953409918314
ENSG00000002275	PPP1R859	1.2342	-0.4304	-0.5986	0.5589746701892542	0.9998953409918314
ENSG00000002273	ATAD885	5.9995	0.3612	0.9497	0.35839187655358684	0.9998953409918314
ENSG00000002271	ACTN625	2.4953	-0.2225	-0.3301	0.7462302384368427	0.9998953409918314
ENSG00000002269	ARID550	8.3045	-0.0141	-0.0668	0.9476498848367954	0.9998953409918314
ENSG00000002265	CUL423	7.9356	0.1769	0.7637	0.4577187380615745	0.9998953409918314
ENSG00000002300	FBXO292	3.8617	-0.5981	-1.006	0.33146982001505243	0.9998953409918314
ENSG00000002299	DDX644	6.4032	-0.011	-0.0348	0.972766917910805	0.9998953409918314
ENSG00000002297	CHRM793	7.0676	-0.2952	-0.5513	0.5901112863318143	0.9998953409918314
ENSG00000002295	DHX3	5.4089	0.1123	0.3503	0.7313566904732123	0.9998953409918314
ENSG00000002292	USP567	4.6025	-0.3272	-0.775	0.45123850658228737	0.9998953409918314
ENSG00000002291	OR204	1.5232	0.311	0.5255	0.6074358106394364	0.9998953409918314
ENSG00000002289	KDM320	4.1479	0.1374	0.2311	0.8206140667349171	0.9998953409918314
ENSG00000002288	KCN686	8.6124	-0.2065	-0.3355	0.7422382362591202	0.9998953409918314
ENSG00000002287	KDM36	8.3681	0.1495	0.6186	0.5461065889400971	0.9998953409918314
ENSG00000002286	SMARC739	8.219	-0.2857	-0.5805	0.5708132517329703	0.9998953409918314
ENSG00000002285	MRPS847	2.1668	0.2929	0.4066	0.6904139786218499	0.9998953409918314
ENSG00000002284	MMP542	4.9241	0.2193	0.3342	0.7431471748044389	0.9998953409918314
ENSG00000002317	TOMM575	4.5823	0.6051	0.9301	0.3680712478359076	0.9998953409918314
ENSG00000002315	TRIM755	7.0484	0.0876	0.1996	0.844654565044702	0.9998953409918314
ENSG00000002312	DUSP259	3.0711	-0.0855	-0.1686	0.8685151379366611	0.9998953409918314
ENSG00000002311	HIST1H71	5.1552	0.2467	0.6289	0.5395206430124373	0.9998953409918314
ENSG00000002310	DDX304	7.6549	0.0435	0.1534	0.8803096322588624	0.9998953409918314
ENSG00000002309	TIMM391	3.5724	-0.4769	-0.7287	0.4782005763964364	0.9998953409918314
ENSG00000002308	MCL1	1.8475	0.2521	0.5862	0.5670595533161968	0.9998953409918314
ENSG00000002307	TMEM60	2.1049	-0.4791	-0.5915	0.5636023143880842	0.9998953409918314
ENSG00000002306	COL516	10.586	0.203	0.666	0.5162074554902707	0.9998953409918314
ENSG00000002304	TRIM454	6.5587	-0.0018	-0.0039	0.9969591927531556	0.9998953409918314
ENSG00000002303	SUZ820	4.0504	0.1875	0.5052	0.6213083738231835	0.9998953409918314
ENSG00000002302	ARF608	3.3527	-0.1441	-0.228	0.8229340716811308	0.9998953409918314
ENSG00000002301	ZNF306	7.0189	-0.415	-0.7865	0.4446578796525025	0.9998953409918314
ENSG00000000750	EIF598	5.3015	0.0339	0.0572	0.9551841239146377	0.9998953409918314
ENSG00000000747	UGT234	10.4403	-0.0008	-0.0034	0.9973648900247817	0.9998953409918314
ENSG00000000746	MMP882	5.4607	0.3566	0.8522	0.4084277722115969	0.9998953409918314
ENSG00000000745	SEC820	7.5163	0.1739	0.5126	0.6162209924939945	0.9998953409918314
ENSG00000000744	ADAM395	1.119	0.5517	0.902	0.38229926359151134	0.9998953409918314
ENSG00000000742	PRKC372	2.256	0.3224	0.6542	0.5235844231022286	0.9998953409918314
ENSG00000000741	TET235	8.9369	-0.0103	-0.0391	0.9693715467913059	0.9998953409918314
ENSG00000000740	UGT341	2.6457	0.7506	1.1166	0.2829479586200513	0.9998953409918314
ENSG00000000739	UBE2568	3.22	-0.7615	-1.1006	0.2896208189694878	0.9998953409918314
ENSG00000000738	FBXO610	10.7955	-0.0111	-0.0255	0.9799859632384483	0.9998953409918314
ENSG00000000737	TRIM736	2.2762	-0.194	-0.2531	0.8038373814605915	0.9998953409918314
ENSG00000000736	MRPS633	3.6713	-0.3566	-0.6546	0.5233655599950215	0.9998953409918314
ENSG00000002334	ARID469	3.3177	-0.3735	-0.7329	0.47570999779193945	0.9998953409918314
ENSG00000002332	TUBB232	2.7304	-0.5181	-0.8757	0.39599537232345505	0.9998953409918314
ENSG00000002328	PDK1	5.7813	-0.2412	-0.4509	0.6589693045429993	0.9998953409918314
ENSG00000002327	H2AF586	3.5696	-0.3457	-0.7054	0.4921391987684114	0.9998953409918314
ENSG00000002326	DDX690	1.129	0.1274	0.2681	0.7925617162131705	0.9998953409918314
ENSG00000002324	ACTN515	5.7196	-0.2342	-0.5501	0.5909302513236249	0.9998953409918314
ENSG00000002323	DHX650	1.3362	-0.6405	-1.0909	0.293716699867448	0.9998953409918314
ENSG00000002322	SCN742	10.0863	-0.1729	-0.6175	0.546821347706237	0.9998953409918314
ENSG00000002321	RNF895	4.6099	0.2593	0.592	0.563261697871112	0.9998953409918314
ENSG00000002319	CUL300	2.7468	0.8145	1.0421	0.3150266479921082	0.9998953409918314
ENSG00000002318	ADRB403	3.4043	0.2533	0.4348	0.6703343256517285	0.9998953409918314
ENSG00000002351	HIST1H783	5.7034	0.3579	0.9661	0.3504096734760247	0.9998953409918314
ENSG00000002349	PXN475	1.2837	0.0147	0.0353	0.972334417424919	0.9998953409918314
ENSG00000002347	H2AF222	5.5622	-0.253	-0.5971	0.5599945007216742	0.9998953409918314
ENSG00000002346	RNF7	8.0918	-0.032	-0.1791	0.8604175404595829	0.9998953409918314
ENSG00000002345	DRD208	7.0819	0.1472	0.5541	0.5882660188131792	0.9998953409918314
ENSG00000002343	COL646	3.2919	-0.1802	-0.2956	0.7718905356679526	0.9998953409918314
ENSG00000002341	SEC331	3.7705	-0.3148	-0.7494	0.4660324181257992	0.9998953409918314
ENSG00000002340	GABR279	3.1634	-0.7056	-1.0885	0.29476120658690763	0.9998953409918314
ENSG00000002339	KIF715	6.1194	-0.0246	-0.0722	0.943497885556912	0.9998953409918314
ENSG00000002338	VPS258	2.4741	0.0496	0.0841	0.9341348325921001	0.9998953409918314
ENSG00000002337	PRKC883	4.7726	0.1939	0.4212	0.6799978669744245	0.9998953409918314
ENSG00000002336	PRKC872	7.6418	-0.197	-0.6566	0.5220992040633179	0.9998953409918314
ENSG00000002367	CACN470	3.3445	0.7394	1.0681	0.30354241648020425	0.9998953409918314
ENSG00000002366	GNA356	5.088	-0.3705	-0.9858	0.340974764569406	0.9998953409918314
ENSG00000002365	ARF534	5.184	0.0301	0.0686	0.9462417282617193	0.9998953409918314
ENSG00000002364	RHO320	6.0569	-0.0511	-0.1238	0.903199838689837	0.9998953409918314
ENSG00000002363	ANAPC715	6.2412	-0.0981	-0.3305	0.7459253097338792	0.9998953409918314
ENSG00000002362	TRIM180	4.351	-0.0635	-0.111	0.9131969433185767	0.9998953409918314
ENSG00000002361	UBE281	7.0252	0.1207	0.3494	0.7319732216365298	0.9998953409918314
ENSG00000002360	TUBB563	7.0918	0.3579	1.0243	0.3230705495823901	0.9998953409918314
ENSG00000002359	PPP1R210	1.1185	0.0851	0.1678	0.8691370929982343	0.9998953409918314
ENSG00000002355	KIF90	12.285	-0.3014	-0.4976	0.6265018287888214	0.9998953409918314
ENSG00000002354	MRPL103	1.9603	-0.6645	-0.865	0.40159696396440225	0.9998953409918314
ENSG00000002353	DDX668	3.7545	-0.8196	-0.9727	0.34722138398000324	0.9998953409918314
ENSG00000002352	TRIM716	5.7652	-0.3168	-0.8446	0.41251120865502666	0.9998953409918314
ENSG00000000734	SCN785	3.9615	-0.1746	-0.309	0.7618618702386926	0.9998953409918314
ENSG00000000733	DYNC276	5.4475	0.1407	0.3668	0.7192452096936646	0.9998953409918314
ENSG00000000731	TLN431	5.2568	0.2563	0.4827	0.636742515510806	0.9998953409918314
ENSG00000000729	H2AF753	2.4255	-0.0995	-0.1549	0.8791173799280447	0.9998953409918314
ENSG00000000728	DHX61	7.6087	0.1496	0.3586	0.725240977119846	0.9998953409918314
ENSG00000000726	DNMT550	4.0103	-0.1837	-0.264	0.7956333820220136	0.9998953409918314
ENSG00000000725	GABR447	3.2151	-0.0508	-0.0812	0.9364037172744875	0.9998953409918314
ENSG00000000724	PPP1R515	6.6033	-0.0703	-0.2318	0.8200213071707996	0.9998953409918314
ENSG00000000722	RAB169	5.4132	-0.2057	-0.4256	0.6768932586303207	0.9998953409918314
ENSG00000000719	PPP1R256	2.3813	-0.0112	-0.0156	0.9877427762185088	0.9998953409918314
ENSG00000000718	TLN548	2.6281	0.0223	0.0367	0.9712051727352894	0.9998953409918314
ENSG00000002381	HDAC481	5.7158	0.1246	0.2085	0.8378345783434488	0.9998953409918314
ENSG00000002380	DRD328	3.1632	-0.3132	-0.5235	0.6088309618726486	0.9998953409918314
ENSG00000002377	H2AF762	5.196	-0.3094	-0.2466	0.8087763446338331	0.9998953409918314
ENSG00000002376	RAB11FIP452	2.8347	0.2705	0.7472	0.4673316833928385	0.9998953409918314
ENSG00000002375	SNX788	4.2991	-0.1277	-0.3856	0.70558547599986	0.9998953409918314
ENSG00000002374	PRKC809	2.5128	0.0535	0.0699	0.9452321064617415	0.9998953409918314
ENSG00000002373	CACN585	12.1347	-0.3177	-0.9498	0.3583449776849933	0.9998953409918314
ENSG00000002372	DRD254	2.9456	-0.247	-0.5499	0.5910324875457432	0.9998953409918314
ENSG00000002370	KRT636	1.7815	0.1084	0.1766	0.8623867412633105	0.9998953409918314
ENSG00000002369	SEC578	3.4626	0.2557	0.3606	0.7238057401563611	0.9998953409918314
ENSG00000002368	DNMT578	1.6598	-0.489	-0.8168	0.4277050645819349	0.9998953409918314
ENSG00000002400	COL125	1.8876	0.2089	0.2962	0.7714057703497156	0.9998953409918314
ENSG00000002399	SLC313	5.0215	0.431	0.8234	0.42411037468813784	0.9998953409918314
ENSG00000002398	GRIN530	9.11	0.0448	0.1694	0.8679414502685721	0.9998953409918314
ENSG00000002396	DDX484	8.5457	0.14	0.3485	0.7326335663422775	0.9998953409918314
ENSG00000002395	CACN737	9.0978	-0.3428	-1.0073	0.330882114983871	0.9998953409918314
ENSG00000002391	PPP1R336	4.1412	-0.1231	-0.369	0.7176829292048617	0.9998953409918314
ENSG00000002390	MMP190	4.8402	-0.1053	-0.2804	0.7833032881941226	0.9998953409918314
ENSG00000002389	USP432	2.0965	-0.1402	-0.2613	0.7977022955903605	0.9998953409918314
ENSG00000002388	ADRB684	5.2785	0.1277	0.3565	0.7267799606477126	0.9998953409918314
ENSG00000002387	DUSP754	9.0931	0.0627	0.3088	0.7620130786425315	0.9998953409918314
ENSG00000002386	COPB426	2.4485	0.0388	0.0526	0.9588152419232255	0.9998953409918314
ENSG00000002384	RAB11FIP331	6.7151	0.0313	0.063	0.9506216170852132	0.9998953409918314
ENSG00000002416	HDAC354	5.2477	0.1412	0.3995	0.6955451089841203	0.9998953409918314
ENSG00000002415	RAB246	3.4866	0.0542	0.0726	0.9431202477043508	0.9998953409918314
ENSG00000002413	CDC799	4.7102	-0.1055	-0.1772	0.8618576068333136	0.9998953409918314
ENSG00000002412	VPS546	5.3157	-0.5702	-0.9526	0.35694060592588794	0.9998953409918314
ENSG00000002411	RAB11FIP826	4.0416	0.3064	0.5169	0.6132947074135715	0.9998953409918314
ENSG00000002410	MRPS827	4.9658	-0.3327	-0.8713	0.39831134354177233	0.9998953409918314
ENSG00000002409	CYP645	2.2737	-0.1047	-0.182	0.8581907051262132	0.9998953409918314
ENSG00000002408	GNA433	4.8024	-0.1214	-0.2346	0.8178825679574792	0.9998953409918314
ENSG00000002405	SKP212	7.4614	-0.2864	-0.9106	0.377915668843821	0.9998953409918314
ENSG00000002404	MAPK261	3.0091	0.0335	0.0569	0.9554470087286143	0.9998953409918314
ENSG00000002403	SUZ851	5.5022	-0.1408	-0.2583	0.7999377806801845	0.9998953409918314
ENSG00000002401	RAB626	5.92	0.3373	0.8106	0.4311367067991757	0.9998953409918314
ENSG00000000717	DHX830	5.0328	0.192	0.3785	0.71074766125159	0.9998953409918314
ENSG00000000716	COPB297	1.7525	-0.3054	-0.4825	0.6369223381914917	0.9998953409918314
ENSG00000000715	ACTN827	8.1108	-0.0296	-0.0848	0.9336065770645146	0.9998953409918314
ENSG00000000714	TET505	5.6196	-0.2984	-0.6673	0.5154347282308475	0.9998953409918314
ENSG00000000713	SIRT467	5.6743	-0.1536	-0.2788	0.7845047468190085	0.9998953409918314
ENSG00000000710	DUSP851	3.1188	0.084	0.1163	0.9090897083688503	0.9998953409918314
ENSG00000000708	ABC215	6.2105	0.4646	0.9488	0.3588002657227882	0.9998953409918314
ENSG00000000707	COL357	4.5726	-0.0254	-0.0562	0.9559555160322715	0.9998953409918314
ENSG00000000706	ARF390	8.8914	-0.1158	-0.4966	0.6271441709077602	0.9998953409918314
ENSG00000000705	ANAPC483	3.33	0.4553	0.8524	0.4083217288336971	0.9998953409918314
ENSG00000000703	HIST1H367	2.3108	0.0796	0.123	0.9038440732286583	0.9998953409918314
ENSG00000000702	SLC15	9.9247	0.0017	0.0048	0.9962244942834898	0.9998953409918314
ENSG00000000701	KCN450	8.7796	-0.0035	-0.0172	0.9864823297453108	0.9998953409918314
ENSG00000002432	MMP196	7.461	0.1475	0.4036	0.6925729640611986	0.9998953409918314
ENSG00000002431	TIMM535	11.1573	-0.0321	-0.162	0.8736273714112174	0.9998953409918314
ENSG00000002430	ZNF447	5.9146	-0.2944	-0.7958	0.4394266427112081	0.9998953409918314
ENSG00000002429	SPTB471	6.0781	0.1693	0.5614	0.5833871106530786	0.9998953409918314
ENSG00000002427	SIRT109	1.9231	-0.2015	-0.2611	0.7977935102440374	0.9998953409918314
ENSG00000002426	SMARC295	4.4768	-0.0124	-0.0325	0.9745373862485752	0.9998953409918314
ENSG00000002423	ARID173	2.7124	0.4572	0.6408	0.5319900393589089	0.9998953409918314
ENSG00000002422	PRKC871	7.5122	-0.0987	-0.409	0.6887378130025088	0.9998953409918314
ENSG00000002421	USP510	3.8056	0.0169	0.0343	0.9730899152542476	0.9998953409918314
ENSG00000002419	MAPK698	3.092	0.615	0.9084	0.37904172186702745	0.9998953409918314
ENSG00000002417	PPP1R79	6.767	0.2092	0.6883	0.5025204148772717	0.9998953409918314
ENSG00000002448	MMP573	11.0251	0.1564	0.8898	0.3886058842485427	0.9998953409918314
ENSG00000002447	RPL748	5.8477	-0.1469	-0.7197	0.48354520164633996	0.9998953409918314
ENSG00000002446	DDX490	2.0777	0.1344	0.1686	0.8685368661178683	0.9998953409918314
ENSG00000002445	GABR102	4.7423	-0.1995	-0.4098	0.6881897033724277	0.9998953409918314
ENSG00000002444	PPP1R514	4.0158	-0.4642	-0.7146	0.4866199945968105	0.9998953409918314
ENSG00000002443	BMP2	2.9155	0.183	0.1756	0.8631271826601572	0.9998953409918314
ENSG00000002442	DUSP800	3.4443	0.139	0.3011	0.7677463650376187	0.9998953409918314
ENSG00000002440	ZNF488	4.6524	-0.0826	-0.1643	0.8718553818268939	0.9998953409918314
ENSG00000002439	KDM455	4.797	0.4125	0.8132	0.42973730089522466	0.9998953409918314
ENSG00000002438	TUBB402	6.699	0.0803	0.2601	0.7986057328365976	0.9998953409918314
ENSG00000002437	SKP486	8.006	-0.2466	-0.5698	0.577874668317607	0.9998953409918314
ENSG00000002434	UGT339	6.6343	0.0333	0.0756	0.940787301228275	0.9998953409918314
ENSG00000002433	PRKC691	4.3731	0.0546	0.0795	0.9377734586713165	0.9998953409918314
ENSG00000000700	MYO566	7.1274	0.1462	0.3845	0.7063838455022406	0.9998953409918314
ENSG00000000696	MYO559	3.0665	-0.192	-0.3336	0.7436365003565802	0.9998953409918314
ENSG00000000695	DNMT183	8.3175	-0.0771	-0.1944	0.8486734667607425	0.9998953409918314
ENSG00000000694	TRIM593	7.6031	0.1166	0.6484	0.5272107398302509	0.9998953409918314
ENSG00000000693	TOMM651	2.909	0.5768	0.7833	0.4465235718803794	0.9998953409918314
ENSG00000000692	DDX833	6.5842	-0.1221	-0.3271	0.7484529824931458	0.9998953409918314
ENSG00000000691	MMP62	8.3304	0.0082	0.0361	0.9717389347336558	0.9998953409918314
ENSG00000000690	PPP2R272	5.4997	-0.3506	-0.9186	0.3738422725567574	0.9998953409918314
ENSG00000000689	CACN879	5.6723	0.3727	0.6167	0.5473423607023664	0.9998953409918314
ENSG00000000688	DNMT663	6.8193	-0.0822	-0.2432	0.811372746156437	0.9998953409918314
ENSG00000000687	ADAM134	5.8548	0.0767	0.2103	0.8364728954730709	0.9998953409918314
ENSG00000000686	SPTB138	3.2532	-0.6908	-1.0804	0.2982291916576487	0.9998953409918314
ENSG00000002466	MRPL536	5.8236	-0.5174	-1.0169	0.32645514413016097	0.9998953409918314
ENSG00000002464	ANK274	5.1325	-0.2292	-0.4926	0.6298994814144104	0.9998953409918314
ENSG00000002463	GNA584	8.7811	-0.1556	-0.3514	0.7305311924223147	0.9998953409918314
ENSG00000002461	KMT2495	11.4847	-0.0651	-0.1357	0.8939630385441056	0.9998953409918314
ENSG00000002459	CUL253	8.6561	-0.1519	-0.2922	0.7744042536625813	0.9998953409918314
ENSG00000002453	ACTN601	6.0705	-0.3208	-1.0865	0.295600202175219	0.9998953409918314
ENSG00000002449	ANAPC769	6.8149	-0.0848	-0.3214	0.7526527522588485	0.9998953409918314
ENSG00000002483	SEC853	7.409	-0.1224	-0.3177	0.7554148339762176	0.9998953409918314
ENSG00000002482	TBX21	2.3144	0.3821	0.5878	0.5660333661034922	0.9998953409918314
ENSG00000002481	ANAPC657	10.2617	0.1802	0.702	0.4941690475806543	0.9998953409918314
ENSG00000002480	ADAM217	6.5938	0.2423	0.5715	0.5767127341819043	0.9998953409918314
ENSG00000002479	TET95	11.0919	-0.0128	-0.0422	0.966957378815489	0.9998953409918314
ENSG00000002478	HTR776	9.938	-0.2366	-0.6259	0.5414209074130316	0.9998953409918314
ENSG00000002476	OR790	3.0511	0.3213	0.5316	0.6033139041298908	0.9998953409918314
ENSG00000002474	HTR202	6.5208	0.0207	0.0712	0.9442794400762708	0.9998953409918314
ENSG00000002473	BRD612	1.3517	-0.1011	-0.1688	0.8683419106253126	0.9998953409918314
ENSG00000002472	PLC466	3.9756	0.3122	0.5504	0.5907362822079285	0.9998953409918314
ENSG00000002471	ACTN161	10.4845	0.2026	0.4662	0.6482130235270005	0.9998953409918314
ENSG00000000682	ANK514	6.0348	0.0835	0.2053	0.8402702863643015	0.9998953409918314
ENSG00000000681	SUZ252	6.8833	0.1993	0.3806	0.709191432689712	0.9998953409918314
ENSG00000000680	SKP76	5.6067	0.1645	0.2831	0.7812081964524298	0.9998953409918314
ENSG00000000679	CUL856	4.2547	0.6061	1.0685	0.30336746701351114	0.9998953409918314
ENSG00000000678	DNMT572	8.0028	-0.4626	-0.9116	0.3774188728188883	0.9998953409918314
ENSG00000000677	TLN748	3.9602	-0.5228	-1.0094	0.32991602263659814	0.9998953409918314
ENSG00000000676	SPTB492	5.1589	-0.4278	-1.0934	0.29267504169381403	0.9998953409918314
ENSG00000000675	ADRB166	5.7647	-0.2865	-0.852	0.4085595138202397	0.9998953409918314
ENSG00000000674	GNA556	6.3065	-0.377	-0.791	0.4421320785516404	0.9998953409918314
ENSG00000000672	PXN107	5.8385	0.2552	0.4739	0.6428867357982311	0.9998953409918314
ENSG00000000669	BRD377	2.5162	-0.2145	-0.3635	0.7216487856561138	0.9998953409918314
ENSG00000002499	KMT2557	1.5223	0.3525	0.5394	0.5980765173429391	0.9998953409918314
ENSG00000002497	UBE2637	6.4298	-0.1551	-0.4605	0.6522635782952466	0.9998953409918314
ENSG00000002496	ARF376	6.8727	-0.0506	-0.1163	0.9090410258608079	0.9998953409918314
ENSG00000002495	RHO594	4.9842	0.001	0.0017	0.9987031512995694	0.9998953409918314
ENSG00000002493	DDX37	8.2249	0.0607	0.1718	0.8660483750177292	0.9998953409918314
ENSG00000002490	RPS597	2.5365	-0.1951	-0.241	0.8130763511991225	0.9998953409918314
ENSG00000002488	HTR13	1.7703	0.0181	0.033	0.974102594547438	0.9998953409918314
ENSG00000002485	BRD735	3.3053	0.2489	0.3883	0.7036660204541596	0.9998953409918314
ENSG00000002484	RAB11FIP272	7.8791	0.2584	0.4565	0.6549991124123664	0.9998953409918314
ENSG00000002519	SUZ60	5.9715	-0.0799	-0.2009	0.8436525431611823	0.9998953409918314
ENSG00000002517	TMEM381	5.4709	0.1459	0.4652	0.6489237212388779	0.9998953409918314
ENSG00000002516	ARID526	10.2065	0.0664	0.3901	0.702325451551665	0.9998953409918314
ENSG00000002512	ABC561	2.6528	0.3917	0.8647	0.4017815259529339	0.9998953409918314
ENSG00000002511	GNA30	2.8297	-0.0033	-0.0067	0.9947224082971098	0.9998953409918314
ENSG00000002509	TUBB817	8.9436	0.0471	0.1996	0.8446485287226912	0.9998953409918314
ENSG00000002506	MRPS31	4.4155	-0.1103	-0.1361	0.8936902396172219	0.9998953409918314
ENSG00000002505	MYO377	5.8713	0.224	0.4103	0.6878153887792022	0.9998953409918314
ENSG00000002504	ARID269	2.0943	0.444	0.6735	0.511570647119121	0.9998953409918314
ENSG00000002503	TOMM351	5.5772	-0.2482	-0.6391	0.5330532140125193	0.9998953409918314
ENSG00000002502	PLC133	5.6439	0.252	0.6914	0.5006080867668565	0.9998953409918314
ENSG00000002501	CDC408	7.7239	0.1071	0.423	0.6786954519940365	0.9998953409918314
ENSG00000000667	KDM22	9.3944	-0.1282	-0.652	0.524990819777555	0.9998953409918314
ENSG00000000666	SPTB507	2.5273	0.1798	0.2696	0.7914272804135414	0.9998953409918314
ENSG00000000662	ATAD159	3.5308	0.3695	0.598	0.5593775668194689	0.9998953409918314
ENSG00000000656	PRKC637	6.9315	-0.042	-0.08	0.9374074525441105	0.9998953409918314
ENSG00000000655	ABC727	6.1896	-0.0752	-0.2311	0.8205769189499734	0.9998953409918314
ENSG00000000654	PXN50	4.3185	0.4918	1.0193	0.32537013974518847	0.9998953409918314
ENSG00000000653	MMP284	5.387	0.3545	0.9007	0.3829967135912935	0.9998953409918314
ENSG00000000652	GABR58	3.5454	0.3882	0.5836	0.5687691490777332	0.9998953409918314
ENSG00000000651	RAB749	7.0072	0.2359	0.5993	0.5585242813995667	0.9998953409918314
ENSG00000002536	ZNF818	4.0507	0.2818	0.6131	0.5496458744105845	0.9998953409918314
ENSG00000002535	CHRM575	1.4664	-0.0117	-0.0188	0.9852878260590812	0.9998953409918314
ENSG00000002534	SMARC284	1.7143	-0.1991	-0.3424	0.7371481372448122	0.9998953409918314
ENSG00000002533	XIAP	3.3455	0.4569	0.8942	0.38630625899974225	0.9998953409918314
ENSG00000002531	ACTN482	6.1229	-0.0567	-0.1963	0.8471773609293847	0.9998953409918314
ENSG00000002529	PLC526	4.4429	0.3978	0.7391	0.4720799263656801	0.9998953409918314
ENSG00000002528	ADRB27	6.4693	-0.3464	-0.851	0.409064899199607	0.9998953409918314
ENSG00000002527	SPTB269	8.1293	0.104	0.2295	0.8218335292221348	0.9998953409918314
ENSG00000002526	PRKC498	6.6095	0.1534	0.7103	0.4892068732726673	0.9998953409918314
ENSG00000002524	KCN481	3.6355	0.4595	0.8257	0.4228046609694922	0.9998953409918314
ENSG00000002522	VPS262	2.5337	0.1905	0.4931	0.6295543010331964	0.9998953409918314
ENSG00000002521	COPB100	1.638	0.1826	0.3149	0.7574790971917023	0.9998953409918314
ENSG00000002520	EIF338	3.5624	0.4079	0.8015	0.4362087054516719	0.9998953409918314
ENSG00000002552	ADAM99	1.5135	0.3031	0.5316	0.6033600990772772	0.9998953409918314
ENSG00000002551	TUBB330	8.5424	0.1175	0.3118	0.7598192084234318	0.9998953409918314
ENSG00000002550	HTR344	7.6677	-0.0004	-0.0009	0.9992733288692605	0.9998953409918314
ENSG00000002549	MAPK106	7.8817	0.266	0.5611	0.5835945744402584	0.9998953409918314
ENSG00000002547	VPS115	7.8251	-0.2968	-0.9442	0.36107262690790065	0.9998953409918314
ENSG00000002545	DUSP264	4.3192	-0.4277	-1.0215	0.3243623261728418	0.9998953409918314
ENSG00000002544	ADRB209	6.878	-0.3245	-0.8676	0.4002224603070572	0.9998953409918314
ENSG00000002542	SCN442	9.9734	-0.1055	-0.5743	0.5748608941109701	0.9998953409918314
ENSG00000002541	UBE2355	6.209	0.2633	0.6989	0.4960463820746277	0.9998953409918314
ENSG00000002539	MTOR	2.2179	0.1946	0.282	0.7820555692270741	0.9998953409918314
ENSG00000002538	CUL77	6.7056	-0.1126	-0.6778	0.5089725962424104	0.9998953409918314
ENSG00000002537	TIMM709	5.472	-0.0373	-0.0659	0.9483609752585813	0.9998953409918314
ENSG00000000650	CACN144	10.6301	-0.158	-0.5259	0.6071823941274429	0.9998953409918314
ENSG00000000649	RAB11FIP75	6.2118	0.0463	0.1562	0.8781180286906776	0.9998953409918314
ENSG00000000648	CDC195	9.5565	-0.1876	-0.7573	0.4614536905313257	0.9998953409918314
ENSG00000000647	RAB11FIP791	7.3139	-0.235	-0.4722	0.6440607045473725	0.9998953409918314
ENSG00000000646	SLC327	6.2044	-0.1062	-0.1634	0.8725709371348969	0.9998953409918314
ENSG00000000645	SMARC7	6.653	0.0139	0.0624	0.9511196989759363	0.9998953409918314
ENSG00000000641	UBE2485	5.5123	0.0922	0.258	0.8001972783453106	0.9998953409918314
ENSG00000000639	MYO843	5.7035	0.298	0.844	0.4128802289747049	0.9998953409918314
ENSG00000000635	BRD310	1.4087	-0.2844	-0.4897	0.6319621010332034	0.9998953409918314
ENSG00000000634	CASP1	2.2405	0.3256	0.4659	0.6484485283420707	0.9998953409918314
ENSG00000000633	ADAM866	3.6031	0.7817	0.8178	0.4271489878724767	0.9998953409918314
ENSG00000002569	PXN700	6.2172	-0.1293	-0.4599	0.6526536361604244	0.9998953409918314
ENSG00000002567	RPS784	1.4585	0.6739	1.102	0.2890488711289355	0.9998953409918314
ENSG00000002565	ADRB451	6.1911	0.0618	0.1103	0.9137016515166869	0.9998953409918314
ENSG00000002561	RPL643	2.1724	0.2861	0.4512	0.658735722220254	0.9998953409918314
ENSG00000002560	DUSP433	4.3004	-0.0162	-0.0345	0.9729435265347182	0.9998953409918314
ENSG00000002559	TUBB299	6.6538	1.0407	1.0859	0.29585444169750963	0.9998953409918314
ENSG00000002557	DHX852	2.4369	-0.3124	-0.494	0.6289930673697655	0.9998953409918314
ENSG00000002556	BRD794	11.6083	0.1318	0.549	0.5916635158015486	0.9998953409918314
ENSG00000002555	SNAI2	3.6246	0.6368	1.0208	0.3246461916673178	0.9998953409918314
ENSG00000002554	KDM141	7.6134	0.1272	0.5502	0.5908327687955311	0.9998953409918314
ENSG00000002584	MAPK232	7.0053	0.0708	0.2581	0.8001047491073512	0.9998953409918314
ENSG00000002582	BRD417	5.1101	0.0003	0.0013	0.998964251163121	0.9998953409918314
ENSG00000002581	SIRT636	5.8206	-0.2914	-0.5342	0.6016082723694884	0.9998953409918314
ENSG00000002578	CHRM783	8.176	-0.1847	-0.5012	0.6240177623200591	0.9998953409918314
ENSG00000002577	PECAM1	3.4146	-0.5273	-0.645	0.5293281810722323	0.9998953409918314
ENSG00000002576	PXN363	6.4438	-0.2305	-0.8505	0.4093389014951223	0.9998953409918314
ENSG00000002574	ABC49	5.7777	-0.0684	-0.1628	0.8729709133875753	0.9998953409918314
ENSG00000002572	SCN541	4.8324	0.3001	0.6898	0.5015846825661003	0.9998953409918314
ENSG00000002571	GABR302	1.7078	-0.5576	-0.7496	0.4658799585301656	0.9998953409918314
ENSG00000002570	UBE2647	4.8162	-0.3441	-0.7582	0.46092544248993694	0.9998953409918314
ENSG00000002601	ABC393	4.0536	-0.1387	-0.2001	0.844312669806474	0.9998953409918314
ENSG00000002599	PPP2R613	2.629	0.1913	0.5338	0.6018239513891768	0.9998953409918314
ENSG00000002598	PRKC649	4.3597	0.6183	0.7019	0.4942252511285923	0.9998953409918314
ENSG00000002596	SLC320	3.9842	-0.0841	-0.2053	0.8402985568467665	0.9998953409918314
ENSG00000002595	CHRM96	2.9127	-0.3539	-0.5934	0.5623997402845715	0.9998953409918314
ENSG00000002593	TIMM649	9.5355	0.0514	0.0747	0.9414911246030752	0.9998953409918314
ENSG00000002591	UGT884	2.2959	-0.6394	-0.8907	0.3881286451502778	0.9998953409918314
ENSG00000002590	PXN680	8.6789	0.1477	0.7206	0.48299797015165646	0.9998953409918314
ENSG00000002589	GNA678	1.7829	-0.381	-0.5037	0.6222788448249956	0.9998953409918314
ENSG00000002588	SKP596	1.8929	0.2489	0.327	0.748479815590531	0.9998953409918314
ENSG00000002587	UGT849	4.4185	0.3193	0.5817	0.5700043262838839	0.9998953409918314
ENSG00000002586	RNF672	5.929	0.1243	0.3816	0.7084896083191133	0.9998953409918314
ENSG00000002618	BRD206	3.7115	0.3519	0.5648	0.5811154216908672	0.9998953409918314
ENSG00000002617	TUBB850	6.7034	0.2021	0.5862	0.5670716301529828	0.9998953409918314
ENSG00000002616	SMARC869	5.5319	-0.0927	-0.254	0.8031545236690106	0.9998953409918314
ENSG00000002615	RNF508	4.3789	-0.0591	-0.1875	0.8539352486263789	0.9998953409918314
ENSG00000002614	ABC815	4.6006	0.2503	0.4715	0.6445462031316256	0.9998953409918314
ENSG00000002611	MYO186	4.3763	-0.7825	-1.0711	0.30223736034330817	0.9998953409918314
ENSG00000002610	PLC102	7.6316	-0.0216	-0.0881	0.9310218303683013	0.9998953409918314
ENSG00000002608	RNF38	2.9344	0.3988	0.6193	0.5456367191915952	0.9998953409918314
ENSG00000002607	CHRM300	4.3258	0.0089	0.0179	0.9859418582083641	0.9998953409918314
ENSG00000002606	TRIM575	4.6877	0.0771	0.1547	0.879254673982236	0.9998953409918314
ENSG00000002605	SIRT559	5.0174	-0.204	-0.3496	0.7318131238731859	0.9998953409918314
ENSG00000002604	KCN631	1.9531	0.26	0.3708	0.7163677748028449	0.9998953409918314
ENSG00000002603	KRT556	8.4778	-0.2209	-0.8451	0.41227956596896154	0.9998953409918314
ENSG00000002602	CHRM526	3.8063	0.5316	0.9538	0.3563552128337685	0.9998953409918314
ENSG00000000632	DDX868	5.5343	0.4264	0.8898	0.38859482345363816	0.9998953409918314
ENSG00000000631	ARID720	7.7536	-0.0477	-0.1006	0.9212673344912337	0.9998953409918314
ENSG00000000630	ARID519	1.674	-0.3488	-0.5606	0.5839204790684507	0.9998953409918314
ENSG00000000629	ACTN761	2.4967	-0.0293	-0.0497	0.9610769236006387	0.9998953409918314
ENSG00000000628	KMT2543	5.4104	-0.2692	-0.6712	0.5129930778407525	0.9998953409918314
ENSG00000000627	FBXO852	3.793	0.0068	0.0097	0.9924302748978895	0.9998953409918314
ENSG00000000626	MRPS654	6.8068	-0.0144	-0.0336	0.9736764230334158	0.9998953409918314
ENSG00000000625	USP631	2.1038	-0.4171	-0.7584	0.46080977590762595	0.9998953409918314
ENSG00000000622	SUZ177	3.6239	-0.4546	-1.0839	0.29673989076736845	0.9998953409918314
ENSG00000000621	ARID832	4.4278	0.3027	0.597	0.5600304580753245	0.9998953409918314
ENSG00000000620	RPL87	1.2838	0.4059	0.9316	0.36734611337278733	0.9998953409918314
ENSG00000000619	PXN241	5.4406	0.0001	0.0001	0.9998953409918314	0.9998953409918314
ENSG00000000618	ABC866	6.5492	0.1945	0.4118	0.6867525285386888	0.9998953409918314
ENSG00000000617	CCNB884	7.7766	0.1399	0.4128	0.686035312783555	0.9998953409918314
ENSG00000000616	CACN353	3.6652	-0.3722	-0.9132	0.3766184993126267	0.9998953409918314
ENSG00000002637	KCN68	3.0166	-0.3821	-0.5596	0.5846121350923874	0.9998953409918314
ENSG00000002636	SMARC475	8.7895	-0.3124	-0.9577	0.35445978401524025	0.9998953409918314
ENSG00000002635	DNMT148	2.6437	-0.2092	-0.3802	0.7095131925431716	0.9998953409918314
ENSG00000002634	TMEM452	8.073	-0.0626	-0.2192	0.829691167025148	0.9998953409918314
ENSG00000002631	DRD471	3.7505	-0.6099	-1.0077	0.33067683620132027	0.9998953409918314
ENSG00000002630	SUZ659	5.4339	0.3863	0.9046	0.3809797307967515	0.9998953409918314
ENSG00000002629	SPTB502	8.6891	-0.2367	-0.7972	0.43865348427312556	0.9998953409918314
ENSG00000002628	VPS337	4.7319	-0.0871	-0.1623	0.8734212107163752	0.9998953409918314
ENSG00000002626	DNMT110	4.7153	-0.6578	-1.0551	0.30926434479630605	0.9998953409918314
ENSG00000002620	COL63	6.438	-0.1161	-0.5091	0.6186384402822571	0.9998953409918314
ENSG00000002619	ANK147	2.5446	-0.2753	-0.45	0.659615181298157	0.9998953409918314
ENSG00000002655	ACTN271	7.1328	-0.2495	-1.0424	0.3148954028192015	0.9998953409918314
ENSG00000002653	SLC286	7.3991	-0.1624	-0.3586	0.7252808321129177	0.9998953409918314
ENSG00000002649	TMEM76	6.5104	0.2937	0.7466	0.4676722603838436	0.9998953409918314
ENSG00000002648	CCNB229	7.5086	-0.2532	-0.894	0.38644477660339493	0.9998953409918314
ENSG00000002647	PXN178	3.4003	-0.074	-0.1043	0.9183809941343583	0.9998953409918314
ENSG00000002646	MYO82	2.1571	0.2242	0.3435	0.736292279693919	0.9998953409918314
ENSG00000002643	ADRB125	8.3307	-0.1368	-0.5519	0.5896957134314658	0.9998953409918314
ENSG00000002640	UBE2736	3.6256	0.3127	0.5801	0.5710354197621286	0.9998953409918314
ENSG00000002639	KCN154	6.5533	0.317	0.4335	0.6712501392728869	0.9998953409918314
ENSG00000002638	TIMM450	2.7344	0.044	0.0629	0.950746393988278	0.9998953409918314
ENSG00000000615	GRIN676	6.0314	-0.0901	-0.1921	0.8503973305920569	0.9998953409918314
ENSG00000000614	ABC285	1.7051	-0.7423	-1.0689	0.30319302359295475	0.9998953409918314
ENSG00000000612	CHRM53	5.448	0.0303	0.0546	0.9571895800774244	0.9998953409918314
ENSG00000000611	COL681	2.4773	-0.295	-0.5326	0.6026584486319628	0.9998953409918314
ENSG00000000610	ZNF204	4.1184	-0.1025	-0.2221	0.8274716048492948	0.9998953409918314
ENSG00000000609	MYO419	5.5693	0.2082	0.2891	0.7767228328591698	0.9998953409918314
ENSG00000000608	TUBB287	8.0119	-0.2717	-0.3462	0.734359080401283	0.9998953409918314
ENSG00000000606	HDAC33	5.1518	-0.121	-0.3121	0.7595615590272883	0.9998953409918314
ENSG00000000605	CHRM542	6.2475	0.0289	0.0631	0.9506109346499654	0.9998953409918314
ENSG00000000603	COL732	5.5291	0.1832	0.4201	0.6808184486849552	0.9998953409918314
ENSG00000000602	SEC189	6.8717	0.0117	0.0462	0.9637788670890106	0.9998953409918314
ENSG00000000600	CHRM359	8.1971	0.247	0.699	0.4959835496545083	0.9998953409918314
ENSG00000000599	HIST1H121	6.0221	-0.1099	-0.1933	0.8495191886043921	0.9998953409918314
ENSG00000002672	MMP20	3.32	-0.1438	-0.2111	0.8358584390459258	0.9998953409918314
ENSG00000002669	TOMM561	4.5651	0.1865	0.2305	0.8210426761595845	0.9998953409918314
ENSG00000002668	MYO5	8.4885	-0.2495	-0.866	0.4010981751750027	0.9998953409918314
ENSG00000002667	FASN	3.3706	-0.0654	-0.126	0.9015529613066567	0.9998953409918314
ENSG00000002666	MT-ATP6	14.4186	0.1233	0.5914	0.5636814143815646	0.9998953409918314
ENSG00000002665	CHRM360	5.4976	-0.1851	-0.3891	0.703040517406506	0.9998953409918314
ENSG00000002664	USP480	9.7583	0.1355	0.5554	0.5873641718783169	0.9998953409918314
ENSG00000002663	RNF798	4.4349	0.2252	0.4172	0.6828259015405154	0.9998953409918314
ENSG00000002662	VPS33	9.177	0.1877	0.7633	0.45795514748672317	0.9998953409918314
ENSG00000002660	CHRM222	10.4238	0.1519	0.6234	0.5430770987478194	0.9998953409918314
ENSG00000002659	DNMT352	4.3393	0.0564	0.1303	0.8982048147988293	0.9998953409918314
ENSG00000002691	CUL31	3.0415	0.228	0.2826	0.7815905487128225	0.9998953409918314
ENSG00000002689	OR854	3.2598	0.3116	0.4952	0.6281380611416825	0.9998953409918314
ENSG00000002688	H2AF590	3.4228	-0.0931	-0.2398	0.8139627835672044	0.9998953409918314
ENSG00000002684	TET341	9.7438	0.251	0.7775	0.4497787899070895	0.9998953409918314
ENSG00000002683	DNMT58	5.7532	-0.2973	-0.6555	0.5227742702842009	0.9998953409918314
ENSG00000002676	TLN721	9.3977	0.1293	0.4351	0.6701504734134063	0.9998953409918314
ENSG00000002675	DHX384	5.3527	-0.0967	-0.2138	0.833762421848618	0.9998953409918314
ENSG00000002673	SEC807	6.6607	0.265	0.6817	0.5065578230897567	0.9998953409918314
ENSG00000002708	DUSP30	6.2326	0.0316	0.0828	0.9351835312268572	0.9998953409918314
ENSG00000002707	EIF267	11.7869	-0.1114	-0.4297	0.6739679633343821	0.9998953409918314
ENSG00000002706	TOMM88	11.2719	0.177	0.3348	0.7427057583030774	0.9998953409918314
ENSG00000002705	RNF834	3.0139	-0.5877	-0.9838	0.3419031791759273	0.9998953409918314
ENSG00000002704	KRT520	1.808	-0.0133	-0.0213	0.9832765785672513	0.9998953409918314
ENSG00000002702	SCN147	4.4216	0.2281	0.345	0.7351912374814968	0.9998953409918314
ENSG00000002699	MMP8	6.3889	-0.0087	-0.0132	0.9896288757154084	0.9998953409918314
ENSG00000002697	RPS545	4.8769	-0.1399	-0.416	0.683750455187446	0.9998953409918314
ENSG00000002696	CYP606	2.5649	0.1099	0.1889	0.8528734639253926	0.9998953409918314
ENSG00000002695	SUZ884	5.997	0.4161	0.6931	0.49960348620207695	0.9998953409918314
ENSG00000002694	VPS201	7.2728	0.1217	0.5914	0.5636874866176871	0.9998953409918314
ENSG00000002693	DNMT23	3.6712	0.3159	0.5807	0.5706945086721902	0.9998953409918314
ENSG00000002692	ACTN10	5.2355	-0.09	-0.2197	0.8292588630382697	0.9998953409918314
ENSG00000000597	OR538	5.1466	-0.15	-0.2748	0.7875113125596119	0.9998953409918314
ENSG00000000596	GABR135	4.2432	-0.567	-1.0829	0.2971406713687392	0.9998953409918314
ENSG00000000594	ADRB892	3.4537	-0.3529	-0.5969	0.5601281239831468	0.9998953409918314
ENSG00000000593	VCL728	4.1381	0.4165	0.8559	0.4064647879118508	0.9998953409918314
ENSG00000000592	SIRT266	2.9813	-0.1093	-0.2035	0.8416561441793273	0.9998953409918314
ENSG00000000591	CDC331	7.2346	0.0742	0.2477	0.8079566020060336	0.9998953409918314
ENSG00000000590	ADRB295	4.0139	0.0919	0.2299	0.8215268524623992	0.9998953409918314
ENSG00000000589	VCL633	1.0234	-0.3304	-0.6557	0.5226757000279325	0.9998953409918314
ENSG00000000588	SEC31	11.3764	-0.288	-0.6997	0.4955704586318418	0.9998953409918314
ENSG00000000587	TOMM735	6.0588	-0.0677	-0.1531	0.8804995461890869	0.9998953409918314
ENSG00000000586	ARF343	2.7887	0.3325	0.6098	0.5517574411188175	0.9998953409918314
ENSG00000000585	PRKC566	7.9129	-0.1123	-0.5101	0.6179527630166439	0.9998953409918314
ENSG00000000583	TLN757	3.6493	-0.2839	-0.5913	0.5637212177204574	0.9998953409918314
ENSG00000002726	MRPL486	5.0885	0.4182	0.8487	0.4103384341046715	0.9998953409918314
ENSG00000002725	SNX164	5.2855	-0.2933	-0.4739	0.6428836655887452	0.9998953409918314
ENSG00000002723	SMARC48	1.3985	0.1984	0.3862	0.705168515424027	0.9998953409918314
ENSG00000002722	FBXO29	5.0136	0.5823	0.8541	0.4074104303366256	0.9998953409918314
ENSG00000002721	ADRB730	6.4741	0.1194	0.1972	0.8465226967811523	0.9998953409918314
ENSG00000002720	SCN249	2.2869	-0.3542	-0.4846	0.6354885294193561	0.9998953409918314
ENSG00000002718	RHO535	6.7331	-0.1555	-0.4949	0.6283524991605592	0.9998953409918314
ENSG00000002717	KMT2398	9.0845	0.0568	0.2514	0.8051558568559929	0.9998953409918314
ENSG00000002715	PPP2R352	8.5161	-0.2639	-0.7817	0.4474199445460295	0.9998953409918314
ENSG00000002714	SNX490	9.1378	0.0333	0.186	0.85509786041658	0.9998953409918314
ENSG00000002713	CYP152	2.1075	0.4256	0.9379	0.36419366506448225	0.9998953409918314
ENSG00000002712	ADRB2	8.5586	0.0259	0.0803	0.9371204674427664	0.9998953409918314
ENSG00000002711	DHX595	9.7647	0.2894	0.9929	0.3376308108780971	0.9998953409918314
ENSG00000002742	ATAD664	6.2753	0.2097	0.7811	0.44775992536414655	0.9998953409918314
ENSG00000002741	KDM552	5.0135	0.127	0.2248	0.8254059330927397	0.9998953409918314
ENSG00000002739	DNMT871	2.3137	0.6211	0.8725	0.39766272684253456	0.9998953409918314
ENSG00000002738	MRPL560	4.1169	-0.2971	-0.5623	0.5828157067100288	0.9998953409918314
ENSG00000002735	GNA607	4.9477	0.191	0.3913	0.7014862891447128	0.9998953409918314
ENSG00000002733	KRT626	8.6093	-0.089	-0.1775	0.861651031396576	0.9998953409918314
ENSG00000002731	CHRM752	8.7984	-0.2497	-0.7377	0.47285767022725256	0.9998953409918314
ENSG00000002730	CYP672	4.9621	-0.1332	-0.4561	0.655338675571645	0.9998953409918314
ENSG00000002729	ACTN567	4.5185	0.4105	0.5373	0.5995142948626322	0.9998953409918314
ENSG00000002728	SMARC72	1.999	0.5007	0.8125	0.43008328314403144	0.9998953409918314
ENSG00000002727	MRPL479	6.8981	0.0548	0.1508	0.8823227283375934	0.9998953409918314
ENSG00000002762	CDC74	2.515	-0.1042	-0.163	0.8728370327775444	0.9998953409918314
ENSG00000002760	EIF335	7.2465	0.0542	0.2461	0.8091704724911858	0.9998953409918314
ENSG00000002758	HTR189	3.1056	0.3257	0.4486	0.6605519791179666	0.9998953409918314
ENSG00000002757	GRIN521	6.9954	-0.0903	-0.3239	0.7508168832326958	0.9998953409918314
ENSG00000002754	CHRM468	8.4829	-0.0468	-0.2128	0.8345232742080781	0.9998953409918314
ENSG00000002753	KRT790	1.7052	-0.2349	-0.4369	0.6688453982567695	0.9998953409918314
ENSG00000002752	SUZ203	5.5315	0.4143	0.8848	0.39120780263772503	0.9998953409918314
ENSG00000002750	KMT2842	5.8599	-0.1121	-0.3182	0.7550409563693565	0.9998953409918314
ENSG00000002749	PPP1R826	5.6901	-0.1747	-0.5779	0.5725392749254122	0.9998953409918314
ENSG00000002748	OR534	5.324	-0.0952	-0.2618	0.7972519721882247	0.9998953409918314
ENSG00000002747	RPS203	7.6278	0.1138	0.5553	0.5874446546825218	0.9998953409918314
ENSG00000002746	EZH45	1.7334	0.073	0.11	0.9139919805395702	0.9998953409918314
ENSG00000002744	SPTB628	3.6052	0.18	0.3661	0.7197883715155295	0.9998953409918314
ENSG00000000582	CHRM14	7.7233	-0.1337	-0.1805	0.8593757461296981	0.9998953409918314
ENSG00000000580	HDAC568	3.9395	-0.4024	-0.534	0.6017009036362915	0.9998953409918314
ENSG00000000577	DYNC354	7.0663	-0.0173	-0.0334	0.9738013550971013	0.9998953409918314
ENSG00000000574	MYO277	8.9478	0.1382	0.715	0.48636706994519574	0.9998953409918314
ENSG00000000573	MRPL200	7.3732	-0.2599	-0.9006	0.38302634547187975	0.9998953409918314
ENSG00000000571	ACTN556	5.1143	0.3478	0.776	0.4506707412322912	0.9998953409918314
ENSG00000000570	CYP754	7.4977	0.0925	0.4273	0.6756871261281191	0.9998953409918314
ENSG00000000568	ACTN267	2.7563	0.6208	0.9692	0.34890448285086884	0.9998953409918314
ENSG00000000567	RNF286	3.8362	0.0008	0.0012	0.9990381063395481	0.9998953409918314
ENSG00000000566	UGT612	5.8899	-0.767	-0.9381	0.36411224424985933	0.9998953409918314
ENSG00000000565	CACN4	6.0046	0.007	0.0323	0.9746737902474802	0.9998953409918314
ENSG00000002779	HIST1H786	4.723	-0.3222	-0.4995	0.625187114317554	0.9998953409918314
ENSG00000002778	ANAPC712	4.5655	-0.0549	-0.0973	0.9238898366475112	0.9998953409918314
ENSG00000002776	PPP1R578	8.7092	-0.089	-0.3412	0.7380433230155359	0.9998953409918314
ENSG00000002775	CDC268	8.009	-0.3036	-0.4445	0.663498898541853	0.9998953409918314
ENSG00000002774	COL175	4.2666	-0.3807	-0.8101	0.43141834276921354	0.9998953409918314
ENSG00000002772	ANK542	3.7807	0.3629	0.4915	0.6306723813646449	0.9998953409918314
ENSG00000002770	DRD750	3.3861	-0.4519	-0.6633	0.517939367497033	0.9998953409918314
ENSG00000002769	KCN275	2.4153	-0.2343	-0.3401	0.7388184179100437	0.9998953409918314
ENSG00000002765	CHRM666	4.9612	0.0266	0.0529	0.9585824890226762	0.9998953409918314
ENSG00000002764	VPS858	5.869	-0.1251	-0.2404	0.8135021093037806	0.9998953409918314
ENSG00000002797	OR833	3.9561	-0.0834	-0.118	0.907710106154457	0.9998953409918314
ENSG00000002796	DYNC837	9.6191	0.0295	0.0763	0.9402675092502365	0.9998953409918314
ENSG00000002795	COL888	3.3136	0.1679	0.2728	0.788989094148216	0.9998953409918314
ENSG00000002794	DYNC697	4.5676	-0.1076	-0.143	0.8883298550572872	0.9998953409918314
ENSG00000002793	OR269	5.5097	-0.2495	-0.4684	0.6467008853053607	0.9998953409918314
ENSG00000002792	RNF598	6.7925	0.1225	0.3301	0.7461923902472951	0.9998953409918314
ENSG00000002791	CACN741	10.0646	-0.2101	-0.864	0.4021433837063544	0.9998953409918314
ENSG00000002790	KDM76	6.2065	0.4146	0.9586	0.35404159096548027	0.9998953409918314
ENSG00000002789	RAB560	1.7166	-0.1444	-0.2155	0.8324908290731625	0.9998953409918314
ENSG00000002788	UBE260	7.917	0.1768	0.7103	0.48919411268189084	0.9998953409918314
ENSG00000002787	PPP1R149	7.0109	-0.0832	-0.2063	0.8395116989854323	0.9998953409918314
ENSG00000002786	RHO179	4.3671	0.0504	0.0784	0.9385951998487909	0.9998953409918314
ENSG00000002783	SLC395	2.9963	-0.1925	-0.2792	0.7841957326043287	0.9998953409918314
ENSG00000002782	SMARC174	5.1286	-0.6038	-0.8182	0.42696346664068663	0.9998953409918314
ENSG00000002815	RNF184	4.891	-0.2205	-0.4873	0.6336032680585835	0.9998953409918314
ENSG00000002814	COPB415	1.3858	0.1576	0.2224	0.8272510990745617	0.9998953409918314
ENSG00000002812	PPP2R384	3.8256	0.2899	0.5455	0.5939789605537986	0.9998953409918314
ENSG00000002811	SCN236	5.858	0.0246	0.0605	0.9526205840041118	0.9998953409918314
ENSG00000002810	GRIN700	6.2194	0.2937	1.0418	0.3151680180484233	0.9998953409918314
ENSG00000002809	COPB839	3.6509	-0.1638	-0.2496	0.806489651244377	0.9998953409918314
ENSG00000002807	SMARC387	1.5523	-0.1575	-0.2378	0.815458207664405	0.9998953409918314
ENSG00000002806	EIF291	4.0133	0.1481	0.2517	0.8049304351624573	0.9998953409918314
ENSG00000002804	MAPK765	4.7119	0.0059	0.0095	0.9925683423870273	0.9998953409918314
ENSG00000002803	PRKC714	1.2756	0.073	0.1328	0.8962211447003223	0.9998953409918314
ENSG00000002802	TLN651	9.1657	0.3136	1.0202	0.32495976914128644	0.9998953409918314
ENSG00000002800	TMEM177	5.2671	-0.2366	-0.4895	0.632089517575828	0.9998953409918314
ENSG00000002799	ANAPC94	4.4747	0.1408	0.2285	0.8225502284600814	0.9998953409918314
ENSG00000000564	PLC759	8.3123	0.1031	0.3326	0.744372158108646	0.9998953409918314
ENSG00000000562	ZNF396	6.4229	0.2475	0.717	0.48518028766151844	0.9998953409918314
ENSG00000000561	SNX248	1.3741	0.2423	0.4187	0.6818110074248648	0.9998953409918314
ENSG00000000559	KRT298	6.1378	-0.3725	-0.5397	0.5978811631892	0.9998953409918314
ENSG00000000558	ACTN345	6.1837	0.1496	0.3418	0.7375974651245947	0.9998953409918314
ENSG00000000556	SPTB841	2.3143	0.4163	0.6791	0.5081455991583461	0.9998953409918314
ENSG00000000555	SLC133	5.0044	0.4648	0.8773	0.3951494622886753	0.9998953409918314
ENSG00000000554	OR136	3.7016	0.1303	0.2042	0.8411246505240664	0.9998953409918314
ENSG00000000553	DDX155	3.3405	0.1446	0.168	0.8689568733852564	0.9998953409918314
ENSG00000000552	EZH184	1.2395	0.3274	0.5868	0.5666825506045048	0.9998953409918314
ENSG00000000551	ADAM68	5.7834	0.0312	0.0734	0.9425583784305922	0.9998953409918314
ENSG00000000548	ANAPC726	6.9338	0.2973	0.6807	0.5071904807990164	0.9998953409918314
ENSG00000000546	SPTB690	2.3137	-0.117	-0.1372	0.8928135292558566	0.9998953409918314
ENSG00000002833	KRT596	3.902	0.5979	1.007	0.3310199367528214	0.9998953409918314
ENSG00000002829	MYO867	3.8325	0.0981	0.311	0.7603863039400687	0.9998953409918314
ENSG00000002828	COPB40	8.1152	0.2548	0.8609	0.40379361054069274	0.9998953409918314
ENSG00000002827	CHRM1	8.7312	0.2396	0.9516	0.357438510940181	0.9998953409918314
ENSG00000002825	DUSP329	4.1832	-0.1467	-0.2691	0.7918007362162299	0.9998953409918314
ENSG00000002824	EIF821	2.6273	-0.1513	-0.1764	0.8624747376018501	0.9998953409918314
ENSG00000002822	MYO883	3.7724	0.225	0.3712	0.7160502755569529	0.9998953409918314
ENSG00000002821	TET791	6.1841	-0.0593	-0.1982	0.8457180072489671	0.9998953409918314
ENSG00000002818	USP835	10.0886	-0.1735	-0.6866	0.5035307246067005	0.9998953409918314
ENSG00000002817	H2AF287	3.7251	-0.3628	-0.4977	0.6264079597146899	0.9998953409918314
ENSG00000002850	DDX440	6.6712	0.0174	0.042	0.96711650261729	0.9998953409918314
ENSG00000002846	KCN782	2.8199	-0.5629	-0.9379	0.3642191198802063	0.9998953409918314
ENSG00000002845	TET387	5.077	0.1548	0.1915	0.8508952257283564	0.9998953409918314
ENSG00000002840	TRIM359	6.1872	-0.0474	-0.1751	0.8634724318405482	0.9998953409918314
ENSG00000002838	MRPL808	8.2852	-0.2764	-0.603	0.5561494902011761	0.9998953409918314
ENSG00000002837	RPS810	1.0859	0.4242	0.9248	0.3707567787151854	0.9998953409918314
ENSG00000002836	ANAPC633	3.5126	0.1666	0.3476	0.7333267604150525	0.9998953409918314
ENSG00000002835	TMEM532	2.9997	0.2632	0.4261	0.6764790714436886	0.9998953409918314
ENSG00000000544	KDM705	7.8824	0.4236	1.1046	0.28794500030992126	0.9998953409918314
ENSG00000000542	TET559	6.2071	0.1155	0.3479	0.7330996554383041	0.9998953409918314
ENSG00000000541	ACTN195	7.8178	-0.4115	-0.7723	0.4527843068055203	0.9998953409918314
ENSG00000000540	DHX392	12.2461	0.1339	0.4529	0.6575284358441498	0.9998953409918314
ENSG00000000539	DHX638	1.6851	0.4996	0.7658	0.45651046345248125	0.9998953409918314
ENSG00000000537	PPP2R521	7.1073	-0.1366	-0.4081	0.6894014422228552	0.9998953409918314
ENSG00000000536	TIMM628	6.9874	-0.42	-0.985	0.34135549646227703	0.9998953409918314
ENSG00000000535	ANK265	7.1256	0.2119	0.8629	0.40272168167302924	0.9998953409918314
ENSG00000000533	TRIM624	5.1864	0.5406	0.9196	0.3733507162454973	0.9998953409918314
ENSG00000000532	ARF22	5.5663	-0.1737	-0.438	0.6681005458670354	0.9998953409918314
ENSG00000000531	ARID737	3.3174	-0.3476	-0.7097	0.48955772724710955	0.9998953409918314
ENSG00000000530	KMT2307	7.4386	-0.1195	-0.4671	0.6476137451928302	0.9998953409918314
ENSG00000002869	UBE2467	5.455	0.3287	0.6847	0.5047286958378092	0.9998953409918314
ENSG00000002868	SNX69	5.8622	-0.1141	-0.3021	0.7670244896896411	0.9998953409918314
ENSG00000002865	SEC558	3.4816	0.132	0.2441	0.810666557093229	0.9998953409918314
ENSG00000002864	CUL706	2.186	-0.1673	-0.306	0.7641200675277046	0.9998953409918314
ENSG00000002862	PPP1R504	3.9685	0.4582	0.6632	0.517948737624707	0.9998953409918314
ENSG00000002860	ATAD722	8.1789	-0.0255	-0.0906	0.9291264954620215	0.9998953409918314
ENSG00000002859	PRKC122	6.4249	-0.1683	-0.4097	0.688235309211166	0.9998953409918314
ENSG00000002857	ANAPC749	3.7868	0.1859	0.3729	0.7148118379723407	0.9998953409918314
ENSG00000002855	TLN776	3.4357	0.2845	0.3559	0.7272420659881099	0.9998953409918314
ENSG00000002853	RHO597	2.3629	0.0954	0.173	0.8651074257396513	0.9998953409918314
ENSG00000002852	CUL32	5.6128	0.0296	0.0715	0.9440010606189262	0.9998953409918314
ENSG00000002887	VCL404	1.7268	0.4914	0.6509	0.5256384144650688	0.9998953409918314
ENSG00000002886	MRPS640	6.4043	0.2191	0.5593	0.5847817179457866	0.9998953409918314
ENSG00000002885	HTR707	5.7572	-0.1678	-0.434	0.6708834480082982	0.9998953409918314
ENSG00000002882	TMEM654	4.292	-0.4221	-0.5903	0.5644293583800047	0.9998953409918314
ENSG00000002880	USP819	4.5762	-0.2935	-0.4019	0.6938614220124609	0.9998953409918314
ENSG00000002879	VPS74	2.534	-0.219	-0.43	0.6737443376761684	0.9998953409918314
ENSG00000002878	RAB11FIP327	7.3257	0.1634	0.3697	0.7171404029606245	0.9998953409918314
ENSG00000002877	FOXO1	6.3008	-0.2387	-0.4242	0.677840075261605	0.9998953409918314
ENSG00000002876	PXN170	6.7103	0.4262	1.0166	0.32661132084061806	0.9998953409918314
ENSG00000002875	GNA285	5.5847	-0.3844	-1.0147	0.3274649143422814	0.9998953409918314
ENSG00000002873	SNX664	1.234	0.2724	0.6337	0.5365023918545657	0.9998953409918314
ENSG00000002872	PLC738	4.9134	0.0586	0.1289	0.899259526181585	0.9998953409918314
ENSG00000000528	TLN821	2.5628	-0.0629	-0.0893	0.9300915606391552	0.9998953409918314
ENSG00000000527	PPP1R836	5.2293	-0.4129	-0.7153	0.48616439821866675	0.9998953409918314
ENSG00000000523	ADAM639	5.3287	0.527	1.1111	0.2852391238090843	0.9998953409918314
ENSG00000000522	VEGFB	5.2669	-0.1483	-0.2648	0.7950072450023684	0.9998953409918314
ENSG00000000521	DYNC298	6.0696	-0.0902	-0.1333	0.89587071878166	0.9998953409918314
ENSG00000000520	GABR151	8.4067	-0.0852	-0.4915	0.6307031187240055	0.9998953409918314
ENSG00000000519	CYP483	5.9781	-0.0576	-0.2192	0.8296881370678453	0.9998953409918314
ENSG00000000517	DRD655	4.786	0.2777	0.5237	0.608708987240449	0.9998953409918314
ENSG00000000515	TOMM136	6.2645	-0.2086	-0.3758	0.7127233958732897	0.9998953409918314
ENSG00000000511	USP153	7.1571	0.0545	0.1169	0.9086201188555708	0.9998953409918314
ENSG00000002903	VCL280	6.7288	-0.1264	-0.4877	0.6332874693717138	0.9998953409918314
ENSG00000002901	PXN427	9.3971	-0.0642	-0.2476	0.8080521281450377	0.9998953409918314
ENSG00000002898	EIF892	5.374	0.2873	0.4994	0.6252317864401313	0.9998953409918314
ENSG00000002897	ABC43	5.5691	-0.161	-0.3349	0.7427022022349832	0.9998953409918314
ENSG00000002896	RAB11FIP524	10.128	0.1074	0.3399	0.7390075322800881	0.9998953409918314
ENSG00000002895	CYP360	7.2523	-0.4129	-0.9232	0.371523129019133	0.9998953409918314
ENSG00000002894	DNMT797	1.8156	-0.0498	-0.0839	0.9343014075440436	0.9998953409918314
ENSG00000002893	DUSP205	7.6567	0.0412	0.168	0.8689537027171637	0.9998953409918314
ENSG00000002891	MAPK507	8.6341	-0.1229	-0.7046	0.4926431753220136	0.9998953409918314
ENSG00000002890	ACTN81	10.1821	-0.1115	-0.3737	0.7142352278798958	0.9998953409918314
ENSG00000002889	PXN575	8.2532	-0.1079	-0.5223	0.609605341532934	0.9998953409918314
ENSG00000002888	RAB11FIP192	8.3575	0.0429	0.1988	0.8453006374103726	0.9998953409918314
ENSG00000002919	DRD697	2.1872	0.4514	0.8469	0.4113172690568283	0.9998953409918314
ENSG00000002917	ADRB744	5.7418	0.0021	0.0044	0.9965566804850242	0.9998953409918314
ENSG00000002916	ADRB817	5.9677	0.1053	0.4564	0.6550923460195234	0.9998953409918314
ENSG00000002914	SIRT838	2.1336	-0.6105	-0.8974	0.3846564913184536	0.9998953409918314
ENSG00000002912	SNX737	7.544	-0.0479	-0.1534	0.8802888798064148	0.9998953409918314
ENSG00000002911	H2AF886	3.8892	0.0147	0.0223	0.9825601818044685	0.9998953409918314
ENSG00000002910	OR655	3.5183	-0.4773	-0.847	0.4112657680579177	0.9998953409918314
ENSG00000002908	SIRT606	2.5222	0.0172	0.0237	0.9814197197700786	0.9998953409918314
ENSG00000002907	SEC332	1.3908	0.2631	0.3937	0.6997518831992229	0.9998953409918314
ENSG00000002906	SMARC162	1.6092	-0.2424	-0.3786	0.7106881858192953	0.9998953409918314
ENSG00000002905	DYNC816	1.9575	0.5958	1.0315	0.3198145251748982	0.9998953409918314
ENSG00000002904	CYP117	6.8207	0.2946	0.7126	0.4878044006975888	0.9998953409918314
ENSG00000000509	FBXO597	6.569	-0.4422	-1.0185	0.3257123099761233	0.9998953409918314
ENSG00000000508	MAPK270	4.5758	-0.3717	-0.7365	0.47357383302248757	0.9998953409918314
ENSG00000000507	TLN556	1.4709	-0.3242	-0.7507	0.46526481633476946	0.9998953409918314
ENSG00000000506	ADAM894	6.2119	0.0615	0.126	0.9015513066476992	0.9998953409918314
ENSG00000000505	MDM2	1.2952	-0.119	-0.2016	0.8430912784916572	0.9998953409918314
ENSG00000000504	CYP683	4.9925	0.0985	0.1705	0.8670231336185923	0.9998953409918314
ENSG00000000503	ADRB142	6.1801	0.4742	0.9781	0.3446397759315578	0.9998953409918314
ENSG00000000502	TUBB249	2.9032	0.0921	0.1326	0.8963820802053316	0.9998953409918314
ENSG00000000500	ACTN747	4.1359	-0.3107	-0.4044	0.6920180762388182	0.9998953409918314
ENSG00000000494	KRT172	4.1087	-0.032	-0.0529	0.9585679941829821	0.9998953409918314
ENSG00000002937	ARID346	9.0812	-0.5773	-0.9083	0.3790758814554138	0.9998953409918314
ENSG00000002936	COPB687	6.6246	-0.0218	-0.0626	0.950960536322137	0.9998953409918314
ENSG00000002934	DRD849	4.1069	0.4993	0.9428	0.361774009900072	0.9998953409918314
ENSG00000002932	TOMM232	5.3894	-0.3434	-0.673	0.511909409164311	0.9998953409918314
ENSG00000002929	DYNC803	3.4984	0.1323	0.3284	0.7474809338485915	0.9998953409918314
ENSG00000002926	BRD123	1.2035	-0.3163	-0.6065	0.5538627076149214	0.9998953409918314
ENSG00000002925	UGT191	12.7593	-0.1458	-0.5641	0.5816379598810276	0.9998953409918314
ENSG00000002924	CACN467	1.115	-0.2474	-0.4443	0.6636503497972273	0.9998953409918314
ENSG00000002923	MMP695	4.3527	0.2767	0.6072	0.5534299821503192	0.9998953409918314
ENSG00000002922	RAB11FIP56	5.9586	-0.3177	-0.8392	0.41547108209173345	0.9998953409918314
ENSG00000002921	DHX700	4.2437	0.0229	0.054	0.9576872141068693	0.9998953409918314
ENSG00000002920	PLC418	2.9541	0.2801	0.3977	0.6968802458828611	0.9998953409918314
ENSG00000002954	PRKC837	8.8712	-0.2026	-0.7116	0.48842213636891973	0.9998953409918314
ENSG00000002953	SUZ654	1.6448	0.7318	0.8533	0.407873383379329	0.9998953409918314
ENSG00000002949	SNX791	4.0205	-0.6574	-0.9575	0.3545618098810097	0.9998953409918314
ENSG00000002947	RPL84	6.2801	0.0951	0.3415	0.7378068302863535	0.9998953409918314
ENSG00000002946	EIF555	12.7585	-0.1925	-0.5773	0.572910775600247	0.9998953409918314
ENSG00000002945	HIST1H773	5.5926	-0.0972	-0.2319	0.8199441867152093	0.9998953409918314
ENSG00000002940	SIRT338	3.4384	0.4316	0.7001	0.49533351888218313	0.9998953409918314
ENSG00000002939	SMARC369	6.3279	0.2844	0.6025	0.5564456416524409	0.9998953409918314
ENSG00000002938	H2AF638	4.2054	-0.2496	-0.4993	0.6252930289547889	0.9998953409918314
ENSG00000002971	OR374	4.1322	-0.6154	-0.9495	0.3584559335306281	0.9998953409918314
ENSG00000002970	PPP1R857	5.7853	-0.294	-0.6338	0.5364382250132322	0.9998953409918314
ENSG00000002969	MAPK879	3.9072	-0.3994	-0.5576	0.5859276565924241	0.9998953409918314
ENSG00000002968	STAT1	6.1187	0.2768	0.4906	0.6313168349185498	0.9998953409918314
ENSG00000002966	SMARC409	2.2593	-0.2472	-0.4109	0.687395724351622	0.9998953409918314
ENSG00000002965	EIF68	4.1559	-0.4816	-0.9968	0.3357775712202953	0.9998953409918314
ENSG00000002964	TIMM91	8.3645	0.0775	0.3366	0.7414406788122423	0.9998953409918314
ENSG00000002963	MYO764	2.215	-0.4342	-0.577	0.5731286962339579	0.9998953409918314
ENSG00000002962	VCL482	3.5795	0.245	0.5626	0.5825990327906532	0.9998953409918314
ENSG00000002961	GABR581	10.4902	0.0849	0.4198	0.6809730902571669	0.9998953409918314
ENSG00000002960	GRIN241	4.9833	0.2007	0.4338	0.6710297926579709	0.9998953409918314
ENSG00000002959	ATAD584	4.9	-0.5393	-0.8371	0.416618226537513	0.9998953409918314
ENSG00000002958	HTR611	2.9005	-0.1577	-0.2074	0.8386974450739981	0.9998953409918314
ENSG00000002956	PKM	1.696	0.2407	0.3894	0.702830459995296	0.9998953409918314
ENSG00000000492	SPTB579	4.7446	-0.1073	-0.2437	0.8110086131894407	0.9998953409918314
ENSG00000000491	TOMM720	3.3896	-0.0275	-0.0339	0.973408279625539	0.9998953409918314
ENSG00000000490	TET447	7.7691	-0.4527	-0.6906	0.5011129392880918	0.9998953409918314
ENSG00000000488	RPL255	2.1209	0.484	0.6859	0.5040000589022493	0.9998953409918314
ENSG00000000487	MMP351	5.7143	-0.2423	-0.8074	0.43292122103637787	0.9998953409918314
ENSG00000000485	KCN110	4.692	-0.5173	-0.8775	0.39499867217490336	0.9998953409918314
ENSG00000000484	UBE2741	2.8732	-0.4749	-0.8772	0.3951936781260571	0.9998953409918314
ENSG00000000483	TUBB91	8.2736	0.154	0.6499	0.5262500347583605	0.9998953409918314
ENSG00000000482	BRD328	9.3331	-0.0198	-0.065	0.949079716693765	0.9998953409918314
ENSG00000000480	CHRM647	10.026	-0.1085	-0.4787	0.6395708395112363	0.9998953409918314
ENSG00000000479	CDC199	4.2053	-0.1704	-0.2949	0.7723962700775722	0.9998953409918314
ENSG00000000477	CACN257	4.846	0.1949	0.3111	0.7602996084246293	0.9998953409918314
ENSG00000000475	ANK697	3.9062	-0.1845	-0.3467	0.7339406422860647	0.9998953409918314
ENSG00000002988	KMT2270	4.369	-0.3506	-0.8419	0.4139927742894878	0.9998953409918314
ENSG00000002987	MT-ND4	14.4625	0.1155	0.4166	0.6832630699202406	0.9998953409918314
ENSG00000002984	EIF777	10.7242	-0.1052	-0.3162	0.7565009808208146	0.9998953409918314
ENSG00000002983	DHX890	5.2217	0.1746	0.2977	0.770317613365392	0.9998953409918314
ENSG00000002981	EZH370	1.9634	0.3164	0.5159	0.613978332924767	0.9998953409918314
ENSG00000002979	RAB672	5.1227	0.1118	0.2017	0.8430387754575179	0.9998953409918314
ENSG00000002978	GNA209	2.6993	-0.1091	-0.1902	0.8518837669815634	0.9998953409918314
ENSG00000002977	TLN107	2.5138	0.116	0.2036	0.8415720178368985	0.9998953409918314
ENSG00000002976	KRT45	6.583	0.1739	0.336	0.7418365602149442	0.9998953409918314
ENSG00000002975	PPP1R198	8.3336	0.1227	0.5503	0.5907826022170499	0.9998953409918314
ENSG00000002974	DNMT582	7.9614	-0.2823	-1.0938	0.2925141924035524	0.9998953409918314
ENSG00000002973	DHX559	2.5175	-0.3003	-0.5285	0.6054584931900038	0.9998953409918314
ENSG00000003007	DUSP330	3.5157	-0.1489	-0.2556	0.8019934522289354	0.9998953409918314
ENSG00000003006	MMP149	6.3795	0.2411	0.5516	0.5899059944336649	0.9998953409918314
ENSG00000003004	EIF523	4.3003	0.1579	0.3522	0.7299405477744374	0.9998953409918314
ENSG00000003001	USP439	4.4202	-0.1539	-0.223	0.8267356729478532	0.9998953409918314
ENSG00000002999	GNA381	5.4998	-0.5094	-0.7485	0.4665513592487244	0.9998953409918314
ENSG00000002998	SIRT357	6.5245	-0.0352	-0.1092	0.9146311592491791	0.9998953409918314
ENSG00000002997	TOMM621	4.1893	0.0021	0.0057	0.9955159215338766	0.9998953409918314
ENSG00000002996	DDX615	6.6422	-0.1695	-0.354	0.7285884805414902	0.9998953409918314
ENSG00000002995	ARF398	6.9622	-0.2421	-0.6034	0.5558719943888486	0.9998953409918314
ENSG00000002994	CACN275	2.9513	0.5903	0.9764	0.34543538727308365	0.9998953409918314
ENSG00000002991	DRD16	7.6769	0.0062	0.0204	0.9840388518596725	0.9998953409918314
ENSG00000002990	SEC770	5.2906	0.4853	1.0148	0.3274193128764975	0.9998953409918314
ENSG00000003024	DHX552	8.0703	0.1669	0.4953	0.628077908596324	0.9998953409918314
ENSG00000003022	CYP260	6.9766	0.235	0.5781	0.5724082400563395	0.9998953409918314
ENSG00000003021	CHRM172	9.3093	0.25	0.6714	0.5128912393614196	0.9998953409918314
ENSG00000003018	RNF687	1.54	0.4248	0.9124	0.3770041033900886	0.9998953409918314
ENSG00000003015	BRD425	1.5864	-0.3479	-0.5428	0.5958234449360997	0.9998953409918314
ENSG00000003014	SLC870	6.5537	-0.0177	-0.0665	0.9479122771713824	0.9998953409918314
ENSG00000003012	PPP1R90	3.3039	-0.1085	-0.167	0.8697729613330423	0.9998953409918314
ENSG00000003011	GNA66	2.9413	0.3268	0.5666	0.5799702243857179	0.9998953409918314
ENSG00000003010	GABR725	12.6467	0.0184	0.0443	0.9653028577162146	0.9998953409918314
ENSG00000003009	EZH663	13.6997	0.0829	0.3817	0.7084424282834216	0.9998953409918314
ENSG00000003008	KDM575	4.5843	-0.4544	-1.0399	0.3160061434079982	0.9998953409918314
ENSG00000000474	MRPS433	4.862	0.6635	0.7286	0.47827054515222545	0.9998953409918314
ENSG00000000473	GNA564	3.3209	0.229	0.3696	0.7172096676957678	0.9998953409918314
ENSG00000000472	ADRB476	7.205	0.1529	0.4748	0.6422665997257917	0.9998953409918314
ENSG00000000471	CUL844	7.5828	0.1341	0.4928	0.629801787533842	0.9998953409918314
ENSG00000000470	TUBB494	3.7529	-0.3066	-0.5939	0.5620506679827677	0.9998953409918314
ENSG00000000466	GABR360	4.9999	0.6553	1.0004	0.3340985092253801	0.9998953409918314
ENSG00000000465	KIF555	6.4923	-0.1257	-0.2756	0.7868644427212002	0.9998953409918314
ENSG00000000463	BRD695	1.8703	0.2688	0.5326	0.6026639367554831	0.9998953409918314
ENSG00000000462	BRD592	6.3482	-0.3337	-0.8723	0.397777189808298	0.9998953409918314
ENSG00000000461	RAB570	7.0523	-0.2648	-0.5772	0.5729371307548299	0.9998953409918314
ENSG00000000460	ANK314	8.0559	-0.042	-0.116	0.909334792327859	0.9998953409918314
ENSG00000000459	DUSP310	10.1714	-0.1604	-0.7293	0.4778481781197875	0.9998953409918314
ENSG00000003040	RHO668	1.1453	-0.0785	-0.167	0.8697428187205338	0.9998953409918314
ENSG00000003039	SCN867	5.6157	-0.4201	-1.035	0.318208825494348	0.9998953409918314
ENSG00000003038	MRPS813	5.721	0.0368	0.066	0.9483464124592886	0.9998953409918314
ENSG00000003037	MRPL463	2.6345	0.241	0.3852	0.7058692220251641	0.9998953409918314
ENSG00000003036	TIMM686	7.2379	-0.2812	-1.0995	0.2900895108611666	0.9998953409918314
ENSG00000003034	RORC	3.8551	-0.0446	-0.0868	0.9320768270890123	0.9998953409918314
ENSG00000003033	KMT2807	3.3681	-0.6739	-0.7546	0.46299027266230863	0.9998953409918314
ENSG00000003032	DRD80	6.9208	-0.1171	-0.3554	0.727623304999437	0.9998953409918314
ENSG00000003029	HTR123	4.4531	0.5368	1.0302	0.3204011004451765	0.9998953409918314
ENSG00000003028	KCN572	4.6666	0.0398	0.0653	0.9488769176522069	0.9998953409918314
ENSG00000003027	H2AF29	3.8205	0.3589	0.4851	0.6350999536224824	0.9998953409918314
ENSG00000003025	GABR461	8.3211	-0.2415	-1.1083	0.28639391042865425	0.9998953409918314
ENSG00000003058	RPS710	4.0707	0.3279	0.5984	0.5591034575449576	0.9998953409918314
ENSG00000003057	CHRM29	9.7854	-0.171	-0.4902	0.6316188640008273	0.9998953409918314
ENSG00000003055	COPB561	4.0048	0.0036	0.0066	0.9948567178434066	0.9998953409918314
ENSG00000003054	CACN119	6.6056	-0.119	-0.3534	0.7290566675696699	0.9998953409918314
ENSG00000003052	CACN181	4.4475	0.419	0.6558	0.5225827723756118	0.9998953409918314
ENSG00000003050	DRD709	1.2201	0.0153	0.0278	0.97817686296771	0.9998953409918314
ENSG00000003046	TMEM632	6.6516	0.3457	0.988	0.3399265412139949	0.9998953409918314
ENSG00000003045	CUL79	8.2188	-0.055	-0.3257	0.7494629494936325	0.9998953409918314
ENSG00000003044	PPP1R139	2.914	-0.5348	-0.9656	0.3506241261822163	0.9998953409918314
ENSG00000003043	VPS171	2.4116	0.2206	0.2907	0.7755093545332727	0.9998953409918314
ENSG00000003041	USP52	4.6438	0.2219	0.4943	0.6287361912418334	0.9998953409918314
ENSG00000000458	KIF339	12.499	-0.1632	-0.5389	0.5984012059264002	0.9998953409918314
ENSG00000000455	EZH570	4.5113	-0.0591	-0.1349	0.89460804573338	0.9998953409918314
ENSG00000000454	KDM816	1.6288	-0.3793	-0.5434	0.5953856599753357	0.9998953409918314
ENSG00000000451	KMT2243	4.8367	0.1716	0.3756	0.7128642069400164	0.9998953409918314
ENSG00000000449	SMARC25	7.0583	-0.1013	-0.181	0.8589236560399336	0.9998953409918314
ENSG00000000447	TRIM724	4.7427	-0.3101	-0.5782	0.5723444103999147	0.9998953409918314
ENSG00000000444	SCN605	9.7033	0.21	0.7608	0.4593961886100394	0.9998953409918314
ENSG00000000443	HDAC102	2.0777	-0.6204	-0.83	0.4204878225758363	0.9998953409918314
ENSG00000000442	VCL28	2.4474	0.6049	0.878	0.39476602806051253	0.9998953409918314
ENSG00000003079	CHRM795	3.311	-0.5471	-0.8552	0.40685726370581676	0.9998953409918314
ENSG00000003078	KIF55	2.2966	-0.1359	-0.281	0.7827988187071268	0.9998953409918314
ENSG00000003077	FBXO574	2.0637	0.0455	0.0794	0.9378435856701298	0.9998953409918314
ENSG00000003075	ACTN46	7.0794	-0.2726	-0.6864	0.5036519362163562	0.9998953409918314
ENSG00000003074	DYNC627	9.1532	-0.0125	-0.0596	0.9533131770191945	0.9998953409918314
ENSG00000003072	RAB493	5.4277	-0.0229	-0.0543	0.9574689781636144	0.9998953409918314
ENSG00000003070	GABR882	6.0105	-0.07	-0.1757	0.8630649770877199	0.9998953409918314
ENSG00000003067	KIF674	1.5509	-0.3437	-0.593	0.562632720458524	0.9998953409918314
ENSG00000003064	GABR209	9.3097	-0.2788	-0.9227	0.37180393944676426	0.9998953409918314
ENSG00000003063	MMP200	3.4796	-0.2579	-0.3667	0.7193213284459901	0.9998953409918314
ENSG00000003062	TIMM362	8.5082	-0.1854	-0.578	0.5724137123608247	0.9998953409918314
ENSG00000003061	RPL407	4.1333	-0.1693	-0.3011	0.7677869876401686	0.9998953409918314
ENSG00000003060	PPP2R836	3.3793	-0.2844	-0.5279	0.6058585157838576	0.9998953409918314
ENSG00000003096	FBXO164	4.997	0.0013	0.0044	0.9965819597223609	0.9998953409918314
ENSG00000003095	ZNF656	3.1691	0.3721	0.456	0.6553897411813702	0.9998953409918314
ENSG00000003091	KRT796	2.8439	0.0576	0.1085	0.9151056862537749	0.9998953409918314
ENSG00000003089	OR618	2.6979	0.4171	0.8343	0.4181412957398566	0.9998953409918314
ENSG00000003088	ACTN563	2.4679	-0.1369	-0.1818	0.8583798954689941	0.9998953409918314
ENSG00000003085	SNX689	8.2143	-0.1563	-0.4323	0.6721338529200178	0.9998953409918314
ENSG00000003084	PRKC54	1.9722	0.5253	0.8416	0.4141560416398712	0.9998953409918314
ENSG00000003082	RNF383	9.409	-0.1722	-0.4333	0.6713967118551264	0.9998953409918314
ENSG00000003081	ABC615	9.4005	0.2378	0.4448	0.6632464187219024	0.9998953409918314
ENSG00000003080	UGT325	2.0303	-0.5404	-0.9134	0.37651849685512373	0.9998953409918314
ENSG00000003113	SIRT721	2.0514	0.2994	0.4033	0.6928397545497655	0.9998953409918314
ENSG00000003112	SUZ254	7.8454	0.2043	0.5104	0.617728028709553	0.9998953409918314
ENSG00000003111	DNMT895	5.0856	-0.0257	-0.0553	0.9566937826214326	0.9998953409918314
ENSG00000003109	USP869	4.9761	0.037	0.0748	0.9414143075232058	0.9998953409918314
ENSG00000003108	CDC34	7.6306	0.3209	1.0476	0.3125912137038697	0.9998953409918314
ENSG00000003106	SUZ239	6.1545	0.2066	0.5214	0.6102560070978449	0.9998953409918314
ENSG00000003105	TRIM392	6.8041	-0.3517	-0.7792	0.448854394659014	0.9998953409918314
ENSG00000003103	KMT2735	4.3095	-0.1656	-0.2364	0.8165375345751706	0.9998953409918314
ENSG00000003099	ARF255	9.1691	-0.034	-0.1144	0.9105620820144664	0.9998953409918314
ENSG00000003098	SLC193	2.7497	0.6366	0.8344	0.4180401802751391	0.9998953409918314
ENSG00000003097	PRKC470	5.0155	-0.1138	-0.2533	0.8036918563436664	0.9998953409918314
ENSG00000000440	GRIN761	8.3234	-0.1957	-0.9855	0.3411188434251806	0.9998953409918314
ENSG00000000438	OR182	1.4281	0.0839	0.1355	0.8941675343380132	0.9998953409918314
ENSG00000000437	RHO881	7.1959	0.2247	0.4165	0.6833517446400519	0.9998953409918314
ENSG00000000436	ABC399	5.526	0.0334	0.0466	0.9634546530756007	0.9998953409918314
ENSG00000000435	DHX610	4.4575	0.3854	0.9594	0.353630003050882	0.9998953409918314
ENSG00000000433	DDX200	2.8086	0.2063	0.3377	0.7406154651547476	0.9998953409918314
ENSG00000000432	HTR135	8.0346	-0.161	-0.6136	0.5493494144831363	0.9998953409918314
ENSG00000000431	SUZ761	2.9297	0.6398	0.8171	0.4275800683590636	0.9998953409918314
ENSG00000000430	RAB11FIP480	3.8754	0.2258	0.3936	0.6998110441870191	0.9998953409918314
ENSG00000000429	TIMM741	7.0594	0.5233	1.0965	0.29134317029286705	0.9998953409918314
ENSG00000000428	DUSP64	3.148	0.0885	0.1681	0.8688814888225841	0.9998953409918314
ENSG00000000427	PXN855	7.8394	-0.002	-0.0067	0.9947192837658683	0.9998953409918314
ENSG00000000426	SLC279	1.3882	0.0774	0.1438	0.8876902549368725	0.9998953409918314
ENSG00000003129	SMARC648	5.4128	0.0836	0.1673	0.8695560332964676	0.9998953409918314
ENSG00000003128	H2AF232	2.8235	0.0014	0.0027	0.9978945645265191	0.9998953409918314
ENSG00000003127	MRPS289	1.9541	0.4321	0.5769	0.5731575646071265	0.9998953409918314
ENSG00000003124	HIST1H225	3.9532	-0.3616	-0.4238	0.6781302218512559	0.9998953409918314
ENSG00000003123	ARF309	10.7055	0.1323	0.3898	0.7025161645080575	0.9998953409918314
ENSG00000003121	RAB627	7.6989	-0.0168	-0.0265	0.9792580565043967	0.9998953409918314
ENSG00000003120	ABC270	10.5366	0.3629	0.7103	0.48920343986794423	0.9998953409918314
ENSG00000003119	H2AF840	4.2124	-0.3354	-0.8763	0.39564586582811556	0.9998953409918314
ENSG00000003118	PXN106	6.5346	-0.1224	-0.4644	0.6494962960775823	0.9998953409918314
ENSG00000003117	SMARC780	4.7379	0.1598	0.3813	0.7086741663639178	0.9998953409918314
ENSG00000003116	FN1	2.7668	-0.6151	-0.8699	0.3990244119640687	0.9998953409918314
ENSG00000003114	BRD112	7.2365	0.3161	0.9852	0.34126290503019274	0.9998953409918314
ENSG00000003144	HTR472	6.2387	-0.1594	-0.4109	0.6873426030935582	0.9998953409918314
ENSG00000003142	BRD406	2.5381	-0.5597	-0.7893	0.44311042515909405	0.9998953409918314
ENSG00000003141	RAB11FIP420	1.9741	-0.1661	-0.29	0.7760716509940175	0.9998953409918314
ENSG00000003137	DHX154	6.4342	0.2801	0.9458	0.3602960008917745	0.9998953409918314
ENSG00000003136	COPB363	8.1886	0.0668	0.2668	0.793475616565879	0.9998953409918314
ENSG00000003135	EZH371	5.0769	0.4408	0.7709	0.4535768607146795	0.9998953409918314
ENSG00000003134	KCN623	6.3585	-0.0843	-0.2172	0.8311790310441443	0.9998953409918314
ENSG00000003133	DYNC696	2.3338	-0.1077	-0.2232	0.826579612330058	0.9998953409918314
ENSG00000003132	ANAPC164	3.807	-0.164	-0.3025	0.7667116862569022	0.9998953409918314
ENSG00000003131	GABR364	8.5844	-0.0481	-0.1892	0.8526692156486778	0.9998953409918314
ENSG00000003130	KDM798	7.8199	0.3557	1.041	0.31553004555567876	0.9998953409918314
ENSG00000003162	ACTN229	5.6049	0.4009	1.0311	0.32000141337109134	0.9998953409918314
ENSG00000003160	CUL96	6.2272	0.2608	0.9556	0.3555063853377288	0.9998953409918314
ENSG00000003159	DYNC297	12.3856	-0.1408	-0.6577	0.5214272199288943	0.9998953409918314
ENSG00000003158	DYNC116	6.5844	-0.0635	-0.1331	0.8960119667031843	0.9998953409918314
ENSG00000003157	TUBB438	2.9388	0.4588	0.9051	0.3807217135916945	0.9998953409918314
ENSG00000003156	TOMM430	3.3434	0.2147	0.3176	0.7554493928404125	0.9998953409918314
ENSG00000003155	PPP2R176	9.0598	-0.1483	-0.7691	0.45460546482446307	0.9998953409918314
ENSG00000003153	COL102	2.9942	0.3252	0.5236	0.6087496403625234	0.9998953409918314
ENSG00000003152	PPP1R759	9.807	-0.1908	-0.5824	0.5695506647912423	0.9998953409918314
ENSG00000003151	KDM414	5.3932	-0.2249	-0.5433	0.5954634470750255	0.9998953409918314
ENSG00000003150	SEC224	2.467	0.4753	0.8597	0.40443125157197113	0.9998953409918314
ENSG00000003148	DYNC544	3.352	-0.2405	-0.3049	0.7649022402441494	0.9998953409918314
ENSG00000003147	DDX895	5.6345	-0.103	-0.2229	0.8268572923140641	0.9998953409918314
ENSG00000003146	MYO716	6.3948	-0.052	-0.1529	0.880643392333111	0.9998953409918314
ENSG00000000425	ANK386	2.0524	-0.4658	-0.8431	0.41334455749616117	0.9998953409918314
ENSG00000000423	EZH545	7.2009	-0.1805	-0.5571	0.5862296104224825	0.9998953409918314
ENSG00000000420	SMARC558	6.6548	0.1524	0.3517	0.7302966470361756	0.9998953409918314
ENSG00000000418	ADRB404	10.2652	-0.0784	-0.2713	0.7901210707633027	0.9998953409918314
ENSG00000000417	TET681	3.4104	0.3308	0.8676	0.40023582420011383	0.9998953409918314
ENSG00000000416	ARF476	1.7014	-0.4775	-0.7532	0.46383313220157874	0.9998953409918314
ENSG00000000414	RAB779	7.4348	0.2952	0.5183	0.6123561477912003	0.9998953409918314
ENSG00000000413	TUBB608	8.0653	-0.1701	-0.4692	0.6461646077084175	0.9998953409918314
ENSG00000000412	DUSP764	11.2073	0.1715	0.4473	0.6614919263698082	0.9998953409918314
ENSG00000000411	EZH494	11.7569	0.4065	0.8604	0.40404573710636327	0.9998953409918314
ENSG00000000410	ANAPC779	6.9522	0.0474	0.1518	0.881545775711225	0.9998953409918314
ENSG00000000409	TRIM531	5.1078	0.0518	0.1062	0.916906037784132	0.9998953409918314
ENSG00000003176	PRKC423	3.8074	0.3	0.9686	0.34918015686601	0.9998953409918314
ENSG00000003175	RPS867	7.6093	0.0894	0.1835	0.8570176537827241	0.9998953409918314
ENSG00000003174	UGT898	5.3637	-0.0839	-0.2366	0.816369487054307	0.9998953409918314
ENSG00000003173	CUL170	5.3811	0.3875	0.6058	0.5543322309131233	0.9998953409918314
ENSG00000003172	CACN686	4.2981	0.2272	0.466	0.6483514944310732	0.9998953409918314
ENSG00000003170	CACN106	8.9631	-0.0448	-0.2082	0.8381066237691269	0.9998953409918314
ENSG00000003168	UGT431	2.1074	-0.1323	-0.1882	0.8534191404862388	0.9998953409918314
ENSG00000003167	SNX23	8.4351	0.054	0.2036	0.8415691377499239	0.9998953409918314
ENSG00000003165	ABC258	1.5744	0.0618	0.1035	0.9190029913526615	0.9998953409918314
ENSG00000003164	ADRB47	6.414	0.3715	1.0038	0.3324940460610665	0.9998953409918314
ENSG00000003197	SLC280	4.1275	-0.0276	-0.0673	0.9472807880489863	0.9998953409918314
ENSG00000003195	TMEM248	5.1618	0.0434	0.0849	0.9335292215202665	0.9998953409918314
ENSG00000003193	SKP551	2.5121	-0.314	-0.7021	0.4941546129669552	0.9998953409918314
ENSG00000003192	GRIN388	10.2657	-0.2401	-0.5464	0.5934168288193575	0.9998953409918314
ENSG00000003191	RAB11FIP390	10.5237	0.0059	0.0312	0.9755212832881985	0.9998953409918314
ENSG00000003190	MYO797	2.7718	-0.2374	-0.4399	0.6666922756060467	0.9998953409918314
ENSG00000003188	RHO4	8.183	0.0315	0.0887	0.9305809330911787	0.9998953409918314
ENSG00000003186	MAPK486	5.4032	0.1646	0.5991	0.5586583315372597	0.9998953409918314
ENSG00000003182	COPB862	5.7398	-0.1384	-0.468	0.6470077680638857	0.9998953409918314
ENSG00000003181	GCK	7.9399	-0.1879	-0.8465	0.4115316262574028	0.9998953409918314
ENSG00000003215	FBXO796	5.5045	-0.1655	-0.321	0.752972093097364	0.9998953409918314
ENSG00000003214	SEC828	1.1767	0.7032	1.1007	0.28961385497066666	0.9998953409918314
ENSG00000003213	PPP1R310	4.6056	-0.2415	-0.683	0.5057625036667492	0.9998953409918314
ENSG00000003211	RAB374	11.5932	-0.1021	-0.5178	0.6127155225583738	0.9998953409918314
ENSG00000003210	CCNB377	4.2405	0.5657	0.8603	0.4041344284433901	0.9998953409918314
ENSG00000003208	TUBB624	4.3342	-0.1243	-0.2805	0.7832254985283083	0.9998953409918314
ENSG00000003206	CDC769	4.1992	-0.1582	-0.2958	0.7717171580713645	0.9998953409918314
ENSG00000003205	VCL607	5.4395	-0.0505	-0.1295	0.8987888907568334	0.9998953409918314
ENSG00000003204	RB1	2.2207	-0.5432	-0.7529	0.4639769502016926	0.9998953409918314
ENSG00000003203	SNX254	4.3761	0.3813	0.8396	0.4152141888888403	0.9998953409918314
ENSG00000003202	RPL36	8.6778	-0.123	-0.6794	0.5079430711459854	0.9998953409918314
ENSG00000003201	CYP48	8.5515	0.0003	0.0012	0.9990371781033438	0.9998953409918314
ENSG00000003200	CDC18	8.5622	-0.0065	-0.0156	0.9877573593406636	0.9998953409918314
ENSG00000003199	VPS886	6.1093	-0.1829	-0.2685	0.7922124173905527	0.9998953409918314
ENSG00000003198	UGT541	5.2819	0.0818	0.2515	0.8050538689163316	0.9998953409918314
ENSG00000000406	EZH639	4.9546	-0.005	-0.0102	0.9920427004157331	0.9998953409918314
ENSG00000000405	DYNC364	3.0811	-0.2624	-0.3526	0.7296436128559938	0.9998953409918314
ENSG00000000404	VCL355	4.1233	-0.3127	-0.4445	0.6634668311068538	0.9998953409918314
ENSG00000000403	ARF70	8.4069	0.0698	0.3026	0.7666757288550456	0.9998953409918314
ENSG00000000402	KDM431	4.6882	0.463	1.0197	0.3251913210830947	0.9998953409918314
ENSG00000000401	RPS27	14.1328	-0.1167	-0.4939	0.6290476634909383	0.9998953409918314
ENSG00000000400	GRIN705	6.7881	0.281	0.6978	0.49671610637771624	0.9998953409918314
ENSG00000000399	MAPK845	7.2803	0.0713	0.1088	0.9149044409955517	0.9998953409918314
ENSG00000000398	ARID388	1.9111	-0.0203	-0.039	0.9694043737498177	0.9998953409918314
ENSG00000000394	BRD308	1.3721	-0.497	-0.9967	0.33581585763757116	0.9998953409918314
ENSG00000000393	KIF797	5.5604	-0.3397	-0.552	0.5896622460932908	0.9998953409918314
ENSG00000003234	COL92	3.8429	-0.1281	-0.3009	0.7679061870564643	0.9998953409918314
ENSG00000003233	ARID534	4.528	0.2589	0.4804	0.6383824096740602	0.9998953409918314
ENSG00000003232	EZH648	6.9864	-0.048	-0.1132	0.911515244628662	0.9998953409918314
ENSG00000003231	UBE2215	6.1937	-0.142	-0.2733	0.7885990531253516	0.9998953409918314
ENSG00000003229	SEC629	8.3833	-0.0026	-0.0128	0.9899378682668859	0.9998953409918314
ENSG00000003228	MAPK378	9.5527	0.1415	0.518	0.6125305626158325	0.9998953409918314
ENSG00000003227	H2AF517	8.4051	0.0894	0.2598	0.7987952185992457	0.9998953409918314
ENSG00000003225	ARID894	5.1319	0.4324	0.8294	0.4207808348462734	0.9998953409918314
ENSG00000003224	UGT560	2.162	-0.205	-0.2869	0.7784284362979582	0.9998953409918314
ENSG00000003223	PRKC838	5.9153	0.0452	0.1009	0.9210627913544148	0.9998953409918314
ENSG00000003222	RPS320	6.0079	0.3703	0.8487	0.41031346124433865	0.9998953409918314
ENSG00000003221	DRD441	8.115	-0.0495	-0.2878	0.7776825296107035	0.9998953409918314
ENSG00000003218	PPP2R628	8.0343	0.0491	0.1554	0.8787418475672735	0.9998953409918314
ENSG00000003216	DNMT618	8.1252	0.1741	0.7574	0.4613547149945516	0.9998953409918314
ENSG00000003250	GABR300	7.7129	-0.0539	-0.1749	0.8636371034950728	0.9998953409918314
ENSG00000003249	ABC544	6.1193	0.0846	0.1342	0.8951877226278822	0.9998953409918314
ENSG00000003248	RAB11FIP594	6.379	-0.3469	-0.8295	0.4207161324885108	0.9998953409918314
ENSG00000003247	CUL18	6.1765	-0.0291	-0.0676	0.947069260043607	0.9998953409918314
ENSG00000003243	KRT425	3.1194	-0.1935	-0.3634	0.721712665628232	0.9998953409918314
ENSG00000003242	DDX268	7.2468	0.3317	1.1137	0.284163810835	0.9998953409918314
ENSG00000003241	SEC80	4.3738	0.4016	0.8222	0.424755773837871	0.9998953409918314
ENSG00000003240	DRD817	5.1804	-0.2204	-0.3552	0.7277275698755915	0.9998953409918314
ENSG00000003239	UBE247	6.0998	0.1035	0.2432	0.8113967789239878	0.9998953409918314
ENSG00000003238	SMARC584	1.5532	0.0974	0.1565	0.8778964748033516	0.9998953409918314
ENSG00000003237	UGT802	4.5283	-0.4785	-0.8605	0.4040171426969058	0.9998953409918314
ENSG00000003236	H2AF203	8.3701	-0.3686	-1.0635	0.3055396688106772	0.9998953409918314
ENSG00000003235	PLC813	5.3305	0.0282	0.0536	0.9579908680268314	0.9998953409918314
ENSG00000003269	DDX614	4.1915	0.1158	0.2766	0.7861496984517646	0.9998953409918314
ENSG00000003267	SLC4	4.9044	-0.1503	-0.2901	0.7759887047458964	0.9998953409918314
ENSG00000003266	TOMM59	3.4852	0.16	0.3132	0.7587543417776509	0.9998953409918314
ENSG00000003264	DRD650	7.4612	-0.1605	-0.3574	0.7261526157434621	0.9998953409918314
ENSG00000003263	RPL712	6.7975	-0.379	-1.0163	0.3267319146751183	0.9998953409918314
ENSG00000003262	H2AF386	5.7765	0.2394	0.5128	0.6160797212433448	0.9998953409918314
ENSG00000003260	ANK732	5.2413	0.5801	1.0288	0.3209989078692314	0.9998953409918314
ENSG00000003258	ANK883	6.268	-0.0819	-0.2462	0.8090689502065416	0.9998953409918314
ENSG00000003256	ANK390	7.6704	0.2926	1.0195	0.32524541852296807	0.9998953409918314
ENSG00000003255	PPP1R720	6.4467	-0.1515	-0.548	0.5923400085412395	0.9998953409918314
ENSG00000003254	ZNF117	3.7639	-0.1322	-0.2327	0.8193765631986873	0.9998953409918314
ENSG00000003253	UBE271	4.6348	-0.1886	-0.3199	0.7537742372043994	0.9998953409918314
ENSG00000003252	EZH700	3.238	-0.6988	-1.0217	0.32424373295675857	0.9998953409918314
ENSG00000003251	MSH6	2.0225	0.475	0.8215	0.42512317469924554	0.9998953409918314
ENSG00000000392	OR228	1.5523	-0.0814	-0.1208	0.9055814976585858	0.9998953409918314
ENSG00000000391	TRIM478	4.2533	0.2512	0.5311	0.6036732507664948	0.9998953409918314
ENSG00000000389	RAB153	5.1618	0.0896	0.2094	0.8371379704018312	0.9998953409918314
ENSG00000000386	SREBF1	1.7732	-0.0249	-0.0383	0.9700243008385075	0.9998953409918314
ENSG00000000385	EZH89	3.3488	0.4226	0.6989	0.49606900923402675	0.9998953409918314
ENSG00000000384	DYNC254	3.2688	0.1642	0.3097	0.7613795887790447	0.9998953409918314
ENSG00000000381	TET249	2.4224	-0.1511	-0.3121	0.7595812566473502	0.9998953409918314
ENSG00000000380	DYNC403	10.2226	0.0303	0.1379	0.8922843892089778	0.9998953409918314
ENSG00000000375	UGT180	1.9772	-0.3374	-0.4829	0.6366115452644052	0.9998953409918314
ENSG00000003284	BRD798	2.6603	0.6814	0.7988	0.4377416582199566	0.9998953409918314
ENSG00000003281	HTR586	4.1847	-0.1488	-0.3345	0.7429426431288453	0.9998953409918314
ENSG00000003280	EZH317	7.5013	-0.067	-0.1289	0.8992579001418147	0.9998953409918314
ENSG00000003277	SPTB699	2.7429	0.3132	0.374	0.714027082287765	0.9998953409918314
ENSG00000003274	EZH487	5.8833	0.181	0.3529	0.7294201719126505	0.9998953409918314
ENSG00000003273	ADAM164	6.7381	-0.0097	-0.022	0.9827300034237393	0.9998953409918314
ENSG00000003272	SPTB450	6.201	-0.0037	-0.0076	0.9940514456059278	0.9998953409918314
ENSG00000003271	PPP2R328	8.2869	-0.1895	-0.605	0.5548540631312561	0.9998953409918314
ENSG00000003303	DRD337	5.1985	0.3186	0.7128	0.487707190436958	0.9998953409918314
ENSG00000003302	ANK125	9.0117	-0.2501	-0.8042	0.4347023149969441	0.9998953409918314
ENSG00000003301	CDC243	4.636	-0.28	-0.7442	0.46904927881286307	0.9998953409918314
ENSG00000003300	CDC672	2.4435	-0.6545	-0.8465	0.4115330630711451	0.9998953409918314
ENSG00000003298	SMARC164	2.7758	-0.543	-0.9108	0.3778001717858759	0.9998953409918314
ENSG00000003297	SMARC397	8.4395	-0.0452	-0.1733	0.8649144074461595	0.9998953409918314
ENSG00000003295	RAB11FIP276	3.0872	0.143	0.2326	0.8194724411769037	0.9998953409918314
ENSG00000003291	RPS748	2.4229	-0.1738	-0.2222	0.8273891531770714	0.9998953409918314
ENSG00000003290	ANK848	1.7462	-0.088	-0.1331	0.8959738677620387	0.9998953409918314
ENSG00000003289	ARID812	9.3282	0.0155	0.0538	0.957863339427591	0.9998953409918314
ENSG00000003287	OR301	3.5102	-0.4041	-0.4725	0.6438396819195071	0.9998953409918314
ENSG00000000374	PLC99	7.727	-0.2115	-0.9035	0.38155130350188404	0.9998953409918314
ENSG00000000373	RAB411	3.3505	0.6353	0.6173	0.5469758480821525	0.9998953409918314
ENSG00000000370	PXN161	4.6234	-0.0238	-0.0424	0.9667672094709866	0.9998953409918314
ENSG00000000369	EIF211	6.634	-0.0519	-0.1603	0.8749570848092525	0.9998953409918314
ENSG00000000367	ADAM410	12.88	0.1937	0.719	0.4839693468223174	0.9998953409918314
ENSG00000000365	TRIM590	8.116	-0.0551	-0.1266	0.9010551918181187	0.9998953409918314
ENSG00000000364	ABC50	2.58	0.2246	0.3693	0.7174535167761928	0.9998953409918314
ENSG00000000363	SMARC175	4.555	-0.0065	-0.0185	0.9855257547032958	0.9998953409918314
ENSG00000000361	KDM605	5.7091	0.2209	0.6974	0.49699794224084326	0.9998953409918314
ENSG00000000360	HDAC785	10.684	-0.285	-0.8225	0.4245857804016844	0.9998953409918314
ENSG00000000359	GNA90	5.1659	-0.1692	-0.3512	0.7306605623621788	0.9998953409918314
ENSG00000003320	EGFR	4.355	0.4225	0.8227	0.42444666713340207	0.9998953409918314
ENSG00000003319	HIST1H674	9.4521	0.1051	0.2451	0.8099205070442004	0.9998953409918314
ENSG00000003317	RPS723	5.8161	0.0832	0.2002	0.844188584709867	0.9998953409918314
ENSG00000003316	MYO149	6.9181	-0.07	-0.2654	0.7945498257474604	0.9998953409918314
ENSG00000003315	UGT692	6.4049	-0.0047	-0.0142	0.9888405003753941	0.9998953409918314
ENSG00000003313	ACTN801	7.704	-0.0734	-0.2212	0.8281261187898333	0.9998953409918314
ENSG00000003311	SPTB225	1.5936	0.412	0.6405	0.532193895539635	0.9998953409918314
ENSG00000003309	DHX694	6.5932	-0.1909	-0.3788	0.7105471716665599	0.9998953409918314
ENSG00000003308	DYNC664	3.1291	-0.2076	-0.3456	0.7348074659474548	0.9998953409918314
ENSG00000003307	SPTB824	4.46	-0.2934	-0.579	0.5718058405605815	0.9998953409918314
ENSG00000003306	PPP1R354	9.9196	-0.0272	-0.1079	0.9155869661839195	0.9998953409918314
ENSG00000003305	MRPL71	6.509	0.1991	0.4721	0.6441035979574078	0.9998953409918314
ENSG00000003304	PLC530	7.0225	-0.3018	-0.7728	0.45247084583465347	0.9998953409918314
ENSG00000003336	PXN531	1.4486	-0.5372	-0.9247	0.3708070468712762	0.9998953409918314
ENSG00000003335	HTR413	5.2714	0.056	0.1281	0.8999240256416152	0.9998953409918314
ENSG00000003333	RAB11FIP210	5.7683	0.103	0.3834	0.7071727171916191	0.9998953409918314
ENSG00000003332	SMARC688	9.1634	-0.1897	-0.8098	0.43161719039025415	0.9998953409918314
ENSG00000003330	RNF541	7.3785	-0.4377	-1.0827	0.2972388127226906	0.9998953409918314
ENSG00000003328	UBE2457	6.4047	-0.2688	-0.5722	0.5762806409389748	0.9998953409918314
ENSG00000003327	PLC14	4.4367	0.2694	0.615	0.5484215731287079	0.9998953409918314
ENSG00000003326	KCN375	4.7627	-0.2254	-0.523	0.6091438077354954	0.9998953409918314
ENSG00000003325	TOMM9	2.7789	-0.063	-0.0892	0.9302234083546043	0.9998953409918314
ENSG00000003324	ACTN748	7.0392	-0.0378	-0.1018	0.9203717661512081	0.9998953409918314
ENSG00000003323	SNX821	10.5217	0.0232	0.0737	0.942301137662776	0.9998953409918314
ENSG00000003322	RPS628	5.7321	-0.2815	-0.6088	0.5523940576561746	0.9998953409918314
ENSG00000003321	KCN495	4.0228	0.2245	0.3484	0.7327352383779221	0.9998953409918314
ENSG00000000357	SCN399	9.4062	-0.0269	-0.119	0.9069395877619861	0.9998953409918314
ENSG00000000356	TMEM687	8.2631	0.0466	0.1395	0.8910328706523137	0.9998953409918314
ENSG00000000355	RAB235	9.7151	-0.0679	-0.2683	0.7923653824045019	0.9998953409918314
ENSG00000000350	COPB46	8.6883	-0.2677	-0.9767	0.3452936124196324	0.9998953409918314
ENSG00000000347	VPS545	1.511	-0.0613	-0.1248	0.9024719152239834	0.9998953409918314
ENSG00000000345	VPS729	6.886	0.3368	0.5084	0.6191021319429424	0.9998953409918314
ENSG00000000344	MRPL402	2.827	-0.0503	-0.0702	0.9450004688497018	0.9998953409918314
ENSG00000000343	TMEM100	7.0858	-0.0319	-0.1166	0.9088529419927338	0.9998953409918314
ENSG00000000342	SPTB219	11.2692	-0.2646	-1.0737	0.3011098356527589	0.9998953409918314
ENSG00000000341	RNF822	5.2502	0.0036	0.0067	0.9947191292632308	0.9998953409918314
ENSG00000003352	ARID325	3.8766	0.1912	0.4256	0.6768416471166114	0.9998953409918314
ENSG00000003351	ADAM501	7.4202	-0.214	-0.7157	0.48592506582951467	0.9998953409918314
ENSG00000003347	PRKC473	8.7369	0.0484	0.1398	0.8907876784194513	0.9998953409918314
ENSG00000003346	CYP766	5.1241	-0.0647	-0.1488	0.883848563434922	0.9998953409918314
ENSG00000003344	VCL808	1.6267	0.2441	0.3629	0.7221003620968848	0.9998953409918314
ENSG00000003343	ADRB41	3.5165	0.035	0.0733	0.9425763285888602	0.9998953409918314
ENSG00000003342	IDH1	1.2887	-0.315	-0.6338	0.5364506772518112	0.9998953409918314
ENSG00000003339	RAB136	1.979	0.1838	0.3047	0.7651117781764624	0.9998953409918314
ENSG00000003338	SNX766	4.3165	0.2664	0.4933	0.6294661399705261	0.9998953409918314
ENSG00000003369	GRIN144	1.9677	-0.1649	-0.2598	0.7988154343448882	0.9998953409918314
ENSG00000003368	H2AF834	2.8361	0.1006	0.1447	0.8870262386126855	0.9998953409918314
ENSG00000003367	CUL55	8.2206	-0.0865	-0.4728	0.6436747204492435	0.9998953409918314
ENSG00000003366	TMEM258	6.8622	0.0919	0.2816	0.7823777825140502	0.9998953409918314
ENSG00000003365	ANAPC605	8.3855	-0.1506	-0.644	0.5300103581063674	0.9998953409918314
ENSG00000003364	RAB325	6.4557	-0.1485	-0.4457	0.6626072495279933	0.9998953409918314
ENSG00000003361	ARF181	3.1764	-0.1357	-0.1703	0.8671795384061762	0.9998953409918314
ENSG00000003359	H2AF551	5.2019	-0.4344	-0.7475	0.4671480930494474	0.9998953409918314
ENSG00000003358	MRPL586	8.951	-0.1903	-0.9596	0.3535482027695669	0.9998953409918314
ENSG00000003357	VCL496	3.4179	0.255	0.5385	0.5987014788684533	0.9998953409918314
ENSG00000003356	SNX61	3.4681	-0.3905	-0.9383	0.363986711003518	0.9998953409918314
ENSG00000003355	KDM195	1.0776	0.4823	1.0731	0.3013804379829975	0.9998953409918314
ENSG00000000340	ADRB561	8.7325	0.1032	0.2505	0.8058019093054034	0.9998953409918314
ENSG00000000336	DDX846	2.7592	0.2242	0.3989	0.695986137115003	0.9998953409918314
ENSG00000000335	TIMM563	10.2762	-0.0028	-0.0147	0.9884460742782248	0.9998953409918314
ENSG00000000333	COPB887	3.9501	0.132	0.187	0.8543579216781693	0.9998953409918314
ENSG00000000331	DUSP40	8.9995	-0.1103	-0.5951	0.5612774468890365	0.9998953409918314
ENSG00000000330	PRKC588	3.3855	0.5052	0.6583	0.5210241801020197	0.9998953409918314
ENSG00000000329	ADRB388	5.6579	-0.0027	-0.0076	0.9940217875976527	0.9998953409918314
ENSG00000000327	GRIN264	6.2925	0.1608	0.2876	0.7778612079432329	0.9998953409918314
ENSG00000000326	KCN762	6.5666	-0.3095	-0.8514	0.4088963921594677	0.9998953409918314
ENSG00000000325	CYP820	5.2004	-0.3751	-1.089	0.29452445252555126	0.9998953409918314
ENSG00000000324	SLC615	2.1791	-0.0359	-0.0527	0.9587297407216264	0.9998953409918314
ENSG00000003385	HIST1H562	4.6538	0.2425	0.5646	0.5812580383920855	0.9998953409918314
ENSG00000003384	PXN884	9.7968	-0.0744	-0.166	0.8705432250711362	0.9998953409918314
ENSG00000003383	KCN598	5.3811	-0.2784	-0.8065	0.4334619587389914	0.9998953409918314
ENSG00000003381	SLC83	7.0816	0.1745	0.5618	0.5831069255531128	0.9998953409918314
ENSG00000003379	MYO608	6.5561	0.0103	0.017	0.9867141105581803	0.9998953409918314
ENSG00000003377	TOMM625	5.0294	-0.122	-0.2748	0.7875200235242539	0.9998953409918314
ENSG00000003376	DDX386	9.339	-0.1987	-0.7917	0.4417622100038764	0.9998953409918314
ENSG00000003374	CYP386	2.89	-0.7056	-0.9023	0.3821530840391316	0.9998953409918314
ENSG00000003373	SNX614	4.5055	-0.0536	-0.0977	0.9235627844549155	0.9998953409918314
ENSG00000003370	CCNB154	7.3504	0.0389	0.1227	0.9040542648718767	0.9998953409918314
ENSG00000003402	TLN613	6.9058	-0.1203	-0.7356	0.4741257259256345	0.9998953409918314
ENSG00000003401	COPB457	3.2815	-0.3724	-0.5961	0.5606302759918669	0.9998953409918314
ENSG00000003399	HTR521	9.1498	-0.2011	-0.6521	0.5249183580647135	0.9998953409918314
ENSG00000003398	KRT845	5.2721	0.3691	0.8157	0.42831825510309784	0.9998953409918314
ENSG00000003397	RAB750	6.7813	-0.2882	-0.9528	0.35685047881806575	0.9998953409918314
ENSG00000003392	BRD93	6.939	-0.4325	-1.0105	0.32938053834053616	0.9998953409918314
ENSG00000003391	DYNC878	1.5205	0.0717	0.0989	0.9226169274129672	0.9998953409918314
ENSG00000003389	GNA781	6.3788	0.1296	0.3131	0.7588312301508153	0.9998953409918314
ENSG00000003388	PLC539	7.5296	-0.083	-0.1548	0.8791542201966294	0.9998953409918314
ENSG00000003386	PXN358	5.7622	-0.2602	-0.7267	0.47935585506896217	0.9998953409918314
ENSG00000003422	RNF179	5.4881	0.1088	0.2391	0.8144958660787442	0.9998953409918314
ENSG00000003420	RPS681	3.4247	-0.326	-0.5264	0.6068201077426001	0.9998953409918314
ENSG00000003419	RPS535	3.0202	-0.1143	-0.1831	0.857344527188871	0.9998953409918314
ENSG00000003415	BRD765	6.8753	-0.1909	-0.339	0.7396603530334408	0.9998953409918314
ENSG00000003414	KDM815	6.5099	-0.3626	-1.0941	0.2923653423844637	0.9998953409918314
ENSG00000003413	UBE2523	6.8899	0.0933	0.3535	0.7290013030938944	0.9998953409918314
ENSG00000003412	ANAPC65	10.6823	-0.0587	-0.2542	0.803030106502408	0.9998953409918314
ENSG00000003411	FBXO182	4.0965	-0.0498	-0.0962	0.9246913171570537	0.9998953409918314
ENSG00000003410	SUZ575	3.152	-0.0388	-0.0514	0.9597559900457354	0.9998953409918314
ENSG00000003408	DRD639	2.9298	0.1847	0.3048	0.7650190039724027	0.9998953409918314
ENSG00000003403	CDC106	10.1817	0.0207	0.0879	0.9312187247107828	0.9998953409918314
ENSG00000000323	SPTB623	8.48	-0.0656	-0.1522	0.8811699407729792	0.9998953409918314
ENSG00000000322	ANAPC565	7.1763	0.2287	0.6386	0.5334025507116751	0.9998953409918314
ENSG00000000321	RAB829	2.9726	-0.3461	-0.4361	0.6694160204195556	0.9998953409918314
ENSG00000000320	CDC660	3.3429	0.079	0.1204	0.9058830889358205	0.9998953409918314
ENSG00000000319	COPB876	4.6142	0.4262	1.0039	0.3324737580389041	0.9998953409918314
ENSG00000000317	SPTB624	7.3406	0.1124	0.3057	0.7642951281929061	0.9998953409918314
ENSG00000000315	RPS794	5.8558	0.1514	0.496	0.6276107975157971	0.9998953409918314
ENSG00000000313	DRD171	7.1419	-0.0997	-0.2305	0.8210547238572852	0.9998953409918314
ENSG00000000312	SUZ848	1.055	0.5134	1.0735	0.3012045390918404	0.9998953409918314
ENSG00000000311	BRD193	12.6615	0.2105	0.7958	0.43942601645744284	0.9998953409918314
ENSG00000000309	ANAPC228	4.5387	-0.2526	-0.6377	0.5339632513816125	0.9998953409918314
ENSG00000000308	SUZ4	2.9204	0.4909	0.5845	0.5681982896574305	0.9998953409918314
ENSG00000000307	RPS854	7.238	-0.2141	-0.6878	0.502806845033845	0.9998953409918314
ENSG00000003439	KDM656	5.4466	0.027	0.0592	0.9536147486392519	0.9998953409918314
ENSG00000003438	MRPL181	8.1567	-0.1071	-0.3655	0.7201949704311615	0.9998953409918314
ENSG00000003437	CCNB363	5.1785	-0.1755	-0.4493	0.6601253355137162	0.9998953409918314
ENSG00000003435	BRD831	8.139	0.3584	1.0612	0.30657761459295646	0.9998953409918314
ENSG00000003434	ARF439	7.2083	-0.0079	-0.0273	0.9786420153412827	0.9998953409918314
ENSG00000003432	ADAM777	2.1244	0.653	0.8129	0.42986471943094806	0.9998953409918314
ENSG00000003431	SEC605	4.1754	0.0014	0.0022	0.9982728444893849	0.9998953409918314
ENSG00000003430	SKP465	11.0615	-0.0944	-0.3099	0.7611965792401426	0.9998953409918314
ENSG00000003429	RNF233	6.2044	-0.4277	-0.9221	0.37207993291802777	0.9998953409918314
ENSG00000003427	CUL760	5.7508	0.2222	0.3625	0.7223957670200027	0.9998953409918314
ENSG00000003426	CCNB499	1.6711	0.279	0.4583	0.653802081908807	0.9998953409918314
ENSG00000003425	CACN319	7.5005	0.1988	0.6861	0.5038250137313703	0.9998953409918314
ENSG00000003424	DUSP842	4.4505	-0.519	-1.0835	0.29688759916987206	0.9998953409918314
ENSG00000003423	SCN216	3.502	0.2163	0.3522	0.729906106518146	0.9998953409918314
ENSG00000003457	DUSP761	7.9013	-0.1324	-0.5807	0.5706915822136279	0.9998953409918314
ENSG00000003455	HTR726	1.7339	-0.4992	-0.7563	0.4619948041156744	0.9998953409918314
ENSG00000003454	SCN591	4.8495	0.1682	0.2359	0.8168918915951688	0.9998953409918314
ENSG00000003452	GRIN619	1.5922	0.202	0.3739	0.7140557256867082	0.9998953409918314
ENSG00000003451	EIF379	1.482	0.0068	0.014	0.9889929600284146	0.9998953409918314
ENSG00000003449	SEC75	2.7677	-0.6808	-1.0162	0.3267948728160406	0.9998953409918314
ENSG00000003448	PRKC308	4.0944	-0.1727	-0.3182	0.755040519473804	0.9998953409918314
ENSG00000003446	ABC433	4.8773	-0.1581	-0.5909	0.56401444273498	0.9998953409918314
ENSG00000003445	CYP132	5.0145	-0.1248	-0.3149	0.757472272896119	0.9998953409918314
ENSG00000003444	DRD623	1.9921	-0.2735	-0.4696	0.6458748039343389	0.9998953409918314
ENSG00000003443	RNF515	6.7608	0.0635	0.1999	0.844407457646721	0.9998953409918314
ENSG00000003442	CCNB420	8.4651	0.2462	0.453	0.6575124799559754	0.9998953409918314
ENSG00000003440	UBE2138	2.8316	0.062	0.1169	0.9086008504449685	0.9998953409918314
ENSG00000003475	ANAPC43	2.3214	-0.1331	-0.1609	0.8744529532133849	0.9998953409918314
ENSG00000003474	SNX301	1.3119	-0.5533	-1.0158	0.3269565339659555	0.9998953409918314
ENSG00000003473	RPL13A	12.9992	0.0767	0.3657	0.7200586067629717	0.9998953409918314
ENSG00000003470	TET324	2.9989	-0.4163	-0.64	0.5325002294508112	0.9998953409918314
ENSG00000003469	TMEM721	7.0866	-0.0476	-0.1012	0.9208375096955437	0.9998953409918314
ENSG00000003467	ANK503	1.6798	-0.2961	-0.5858	0.5673287997233413	0.9998953409918314
ENSG00000003466	UBE2730	6.6426	0.2267	0.8612	0.40363761952469146	0.9998953409918314
ENSG00000003464	TRIM449	2.1878	-0.5154	-0.6855	0.5042065491567855	0.9998953409918314
ENSG00000003463	ACTN157	5.3235	-0.3609	-0.6792	0.5080746040264987	0.9998953409918314
ENSG00000003460	COL415	3.8587	0.3195	0.6078	0.5530273579466058	0.9998953409918314
ENSG00000003458	PPP1R497	5.9526	0.0701	0.1664	0.8702157671263723	0.9998953409918314
ENSG00000000306	HTR214	9.2315	0.1112	0.5296	0.6046720296861703	0.9998953409918314
ENSG00000000305	SCN870	6.6697	-0.1599	-0.6056	0.5544600187023343	0.9998953409918314
ENSG00000000304	OR798	6.3313	0.2126	0.6687	0.5145680103055426	0.9998953409918314
ENSG00000000303	PPP1R839	7.2596	-0.164	-0.4582	0.6538332426724188	0.9998953409918314
ENSG00000000301	KIF110	5.607	0.4895	1.083	0.29711668793287765	0.9998953409918314
ENSG00000000299	ZNF52	11.0058	0.3965	0.8681	0.39997343890612236	0.9998953409918314
ENSG00000000298	MRPS618	2.4448	0.075	0.1144	0.9105806844718465	0.9998953409918314
ENSG00000000297	SKP13	1.6241	-0.4438	-0.7099	0.4894252402286403	0.9998953409918314
ENSG00000000295	PXN69	5.3694	0.1408	0.4061	0.6907939097060025	0.9998953409918314
ENSG00000000294	ADRB887	3.9881	-0.2901	-0.6878	0.5028210985349413	0.9998953409918314
ENSG00000003494	SNX29	2.2914	-0.3785	-0.5695	0.5780558104521856	0.9998953409918314
ENSG00000003493	FBXO690	1.8332	0.0238	0.0432	0.9661373935872752	0.9998953409918314
ENSG00000003492	ANAPC55	2.8603	0.0112	0.0323	0.9746833041082892	0.9998953409918314
ENSG00000003491	MAPK240	2.0435	0.2422	0.3264	0.7489676145587424	0.9998953409918314
ENSG00000003486	TLN149	8.4216	0.2341	0.6539	0.5238009996253657	0.9998953409918314
ENSG00000003485	ACTN809	5.5052	0.4333	1.0123	0.328562337986389	0.9998953409918314
ENSG00000003483	ANAPC795	6.8941	-0.3158	-1.0631	0.3057323104356438	0.9998953409918314
ENSG00000003481	UGT332	3.7081	0.1532	0.3874	0.7042983064651646	0.9998953409918314
ENSG00000003480	KDM324	1.8132	-0.3993	-0.5214	0.6102376648851048	0.9998953409918314
ENSG00000003479	ANAPC57	3.8979	0.1222	0.2224	0.8272273640671313	0.9998953409918314
ENSG00000003478	SNX339	1.9548	-0.4528	-0.689	0.5020720872945215	0.9998953409918314
ENSG00000003477	KCN313	4.8956	-0.4215	-0.6921	0.5001963137119909	0.9998953409918314
ENSG00000003513	MRPS675	5.8118	-0.0775	-0.2665	0.793731102025409	0.9998953409918314
ENSG00000003512	ADRB76	9.7096	-0.1819	-0.5833	0.5689484699361024	0.9998953409918314
ENSG00000003511	SLC268	5.5076	-0.1963	-0.4612	0.6517264398713075	0.9998953409918314
ENSG00000003510	RNF638	2.5968	0.4917	0.7679	0.45531426352442594	0.9998953409918314
ENSG00000003509	GABR888	1.9859	-0.0802	-0.1027	0.9196928206995827	0.9998953409918314
ENSG00000003506	DHX167	5.2094	0.4364	0.8952	0.385836858639658	0.9998953409918314
ENSG00000003505	VCL31	9.6064	0.0177	0.0814	0.9363035439445685	0.9998953409918314
ENSG00000003501	EIF856	4.5	-0.0847	-0.1654	0.8710175810405191	0.9998953409918314
ENSG00000003498	CHRM313	7.1961	0.2457	0.5523	0.589442123201741	0.9998953409918314
ENSG00000003496	EZH733	7.7261	0.2275	0.8907	0.38816533818670607	0.9998953409918314
ENSG00000003495	TIMM769	5.7906	-0.1693	-0.3456	0.7347807400105555	0.9998953409918314
ENSG00000000289	RPL398	5.635	-0.1147	-0.2892	0.7766625112937007	0.9998953409918314
ENSG00000000288	DRD6	2.0931	0.1843	0.3428	0.7368441877838514	0.9998953409918314
ENSG00000000283	ATAD163	0.8939	0.2633	0.6612	0.5192463450171482	0.9998953409918314
ENSG00000000282	ABC59	5.0214	0.0373	0.1104	0.9136330767678168	0.9998953409918314
ENSG00000000281	BRD707	3.025	0.4586	0.6542	0.5235990096826654	0.9998953409918314
ENSG00000000280	TRIM685	3.6828	0.3113	0.5378	0.599158583515206	0.9998953409918314
ENSG00000000279	SLC696	2.3367	0.4919	0.7613	0.45908366514269827	0.9998953409918314
ENSG00000000278	DDX154	5.2026	-0.5047	-0.6812	0.5068709786121584	0.9998953409918314
ENSG00000000277	TRIM364	3.6075	0.5819	0.8248	0.4233232166993012	0.9998953409918314
ENSG00000000276	PTCH1	4.6467	0.3383	0.5184	0.612303865047071	0.9998953409918314
ENSG00000000275	SCN251	4.6035	0.551	0.8368	0.4167453419713393	0.9998953409918314
ENSG00000003528	CUL896	6.057	-0.1575	-0.5902	0.5644389387492226	0.9998953409918314
ENSG00000003526	ZNF301	5.7078	-0.0342	-0.1082	0.9153519441479379	0.9998953409918314
ENSG00000003524	SCN577	4.1075	-0.3141	-0.4962	0.6274698188951191	0.9998953409918314
ENSG00000003523	UGT459	10.1237	0.0601	0.2241	0.8258986479558613	0.9998953409918314
ENSG00000003522	TLN150	2.2058	-0.3166	-0.5027	0.622968078066668	0.9998953409918314
ENSG00000003521	CCNB715	3.9489	0.3027	0.4544	0.6564755362373947	0.9998953409918314
ENSG00000003520	EIF721	1.0905	0.0854	0.2429	0.8116148531508511	0.9998953409918314
ENSG00000003519	KIF764	7.2091	0.1382	0.4568	0.6547950776763375	0.9998953409918314
ENSG00000003518	H2AF52	4.2523	0.6058	0.9321	0.36710070911723014	0.9998953409918314
ENSG00000003517	CDC572	7.5377	-0.2361	-0.797	0.43876254486602206	0.9998953409918314
ENSG00000003516	TIMM573	2.4828	0.7849	0.9816	0.34297003245492896	0.9998953409918314
ENSG00000003545	H2AF582	1.3246	-0.389	-0.8871	0.39001356967235945	0.9998953409918314
ENSG00000003544	MRPL506	2.3392	0.4176	0.5648	0.5811760834085924	0.9998953409918314
ENSG00000003543	PLC217	7.4728	0.0906	0.4166	0.6832874642021404	0.9998953409918314
ENSG00000003542	TUBB506	9.0768	-0.2598	-0.8948	0.3860047245404965	0.9998953409918314
ENSG00000003541	CCNB560	1.4352	-0.5244	-0.9486	0.3588922479699216	0.9998953409918314
ENSG00000003540	ANAPC147	1.7806	0.4309	0.7406	0.4711620028244956	0.9998953409918314
ENSG00000003538	DRD294	3.6709	-0.3893	-0.5819	0.5698781309227835	0.9998953409918314
ENSG00000003537	SIRT17	10.4012	-0.0597	-0.3613	0.7233004339144422	0.9998953409918314
ENSG00000003536	MYO336	7.1519	0.0191	0.0578	0.9547528619134606	0.9998953409918314
ENSG00000003535	COL684	7.5019	-0.1148	-0.2487	0.8071898384857902	0.9998953409918314
ENSG00000003534	UBE2536	2.5776	0.3124	0.5106	0.6175585777579394	0.9998953409918314
ENSG00000003533	MAPK171	1.7587	-0.3361	-0.3933	0.7000265348834187	0.9998953409918314
ENSG00000003532	SIRT406	7.8647	0.4132	0.8772	0.3951905995650159	0.9998953409918314
ENSG00000003530	DHX246	7.5148	0.2977	0.7081	0.49052815290989105	0.9998953409918314
ENSG00000003562	MYO765	6.4554	-0.2619	-0.7458	0.46812814389085455	0.9998953409918314
ENSG00000003561	RAB800	2.4042	-0.2352	-0.347	0.7337346272815419	0.9998953409918314
ENSG00000003560	ARID821	8.0002	-0.2459	-0.9031	0.38175785901191683	0.9998953409918314
ENSG00000003559	CCNB179	2.1152	0.1097	0.1878	0.8537376961023813	0.9998953409918314
ENSG00000003558	USP562	3.1339	-0.2531	-0.4059	0.6909341109044762	0.9998953409918314
ENSG00000003557	PIK3CA	2.5384	-0.0078	-0.014	0.9890017029877711	0.9998953409918314
ENSG00000003556	MRPL259	4.2986	-0.0584	-0.087	0.9319367178248148	0.9998953409918314
ENSG00000003555	EIF890	3.2085	0.732	0.9455	0.36045808780579114	0.9998953409918314
ENSG00000003554	ADAM352	8.9828	-0.0756	-0.3476	0.7332764899956669	0.9998953409918314
ENSG00000003553	MAPK228	9.0707	0.1874	0.6953	0.49826493342589595	0.9998953409918314
ENSG00000003551	TRIM405	6.4653	-0.236	-0.678	0.5088094835324166	0.9998953409918314
ENSG00000003550	ATAD844	5.0066	0.0615	0.1366	0.8932848351720806	0.9998953409918314
ENSG00000003548	MYO92	2.7575	-0.3084	-0.3587	0.7251718693082744	0.9998953409918314
ENSG00000003546	DYNC667	1.9019	0.2122	0.3559	0.7272537981362106	0.9998953409918314
ENSG00000003578	PRKC510	6.6212	-0.179	-0.4941	0.6289142954435347	0.9998953409918314
ENSG00000003577	KCN355	7.3708	-0.3647	-0.9633	0.3517440666284264	0.9998953409918314
ENSG00000003576	PARP1	8.4184	0.0767	0.2745	0.7877247058740853	0.9998953409918314
ENSG00000003575	RPL652	1.4331	0.203	0.3684	0.7180515407607899	0.9998953409918314
ENSG00000003574	PTPRC	3.9177	-0.1628	-0.3252	0.7498360377328768	0.9998953409918314
ENSG00000003573	TIMM738	3.8035	0.3317	0.6684	0.5147196748206415	0.9998953409918314
ENSG00000003569	MRPL215	3.2757	0.2141	0.2972	0.7707057946511598	0.9998953409918314
ENSG00000003568	DYNC94	9.8382	-0.1758	-0.8262	0.4225746136272276	0.9998953409918314
ENSG00000003567	ANK820	5.4617	0.3692	0.7532	0.4637809570721001	0.9998953409918314
ENSG00000003566	COL41	1.8125	0.2855	0.4424	0.6649794096917382	0.9998953409918314
ENSG00000003565	CUL513	4.2267	-0.0336	-0.0841	0.9341911171107071	0.9998953409918314
ENSG00000003564	TET129	8.1968	-0.1876	-0.6393	0.5329690696840432	0.9998953409918314
ENSG00000003563	SIRT502	10.733	-0.0222	-0.0615	0.9518463390904066	0.9998953409918314
ENSG00000000273	FZD7	4.4812	0.0906	0.2136	0.8339552099497757	0.9998953409918314
ENSG00000000272	TRIM434	2.0073	-0.1133	-0.2288	0.8223053794347964	0.9998953409918314
ENSG00000000270	ANK332	4.9339	0.6137	0.9477	0.3593629528834471	0.9998953409918314
ENSG00000000269	SNX24	5.4089	0.0134	0.0234	0.9816887802136001	0.9998953409918314
ENSG00000000267	KIF281	5.802	-0.0788	-0.1905	0.8516280010750037	0.9998953409918314
ENSG00000000266	KRT730	1.891	0.0808	0.1046	0.9181933472291498	0.9998953409918314
ENSG00000000265	RNF768	8.6395	0.2139	0.4997	0.6250485190784956	0.9998953409918314
ENSG00000000264	RPS698	3.6252	-0.0495	-0.0894	0.930020430741292	0.9998953409918314
ENSG00000000263	KMT2336	7.9555	0.0898	0.1648	0.8714662296397799	0.9998953409918314
ENSG00000000262	EZH84	4.8314	-0.4317	-0.7147	0.48654313004589445	0.9998953409918314
ENSG00000000261	HDAC345	1.7031	0.4616	0.7266	0.4794240154104401	0.9998953409918314
ENSG00000000259	GNA76	7.9443	0.3074	1.0192	0.32538643219006813	0.9998953409918314
ENSG00000003595	DYNC81	5.529	0.2875	0.8763	0.3956517301895782	0.9998953409918314
ENSG00000003593	TLN55	2.3319	-0.1138	-0.1856	0.8554168369447844	0.9998953409918314
ENSG00000003592	DYNC164	8.3931	0.3176	0.9882	0.33980511892244447	0.9998953409918314
ENSG00000003591	SIRT155	5.4204	0.0087	0.0276	0.9783767809383952	0.9998953409918314
ENSG00000003590	VPS805	2.4962	-0.062	-0.0921	0.9279105150376263	0.9998953409918314
ENSG00000003589	VPS870	7.1054	-0.2174	-0.9894	0.3392734448394261	0.9998953409918314
ENSG00000003585	CHRM132	4.9546	0.004	0.0084	0.9934465208205114	0.9998953409918314
ENSG00000003583	VPS236	6.0595	-0.064	-0.2273	0.8234826039568818	0.9998953409918314
ENSG00000003582	PLC471	2.1211	-0.3225	-0.362	0.722774629323029	0.9998953409918314
ENSG00000003580	DRD376	8.038	-0.22	-0.653	0.5243195013575355	0.9998953409918314
ENSG00000003612	PRKC261	5.5398	-0.0643	-0.1	0.9217746785899099	0.9998953409918314
ENSG00000003610	TLN701	7.7191	0.2089	0.8944	0.3862233593652551	0.9998953409918314
ENSG00000003609	CUL134	2.1517	-0.1653	-0.2662	0.7939754321977623	0.9998953409918314
ENSG00000003608	SMARC539	4.5329	-0.6118	-1.0126	0.32843435796087805	0.9998953409918314
ENSG00000003607	TUBB278	5.7273	-0.2794	-0.7145	0.486636460471496	0.9998953409918314
ENSG00000003606	PXN128	6.2832	0.0406	0.1103	0.9137487253706313	0.9998953409918314
ENSG00000003605	KIF528	6.7171	-0.3061	-0.9458	0.36030050531944924	0.9998953409918314
ENSG00000003604	KIF316	6.2791	0.1449	0.2735	0.7884786318404593	0.9998953409918314
ENSG00000003603	TMEM167	4.894	0.0744	0.1415	0.8895200074424232	0.9998953409918314
ENSG00000003602	TLN526	7.9041	-0.2542	-0.973	0.3470581035528205	0.9998953409918314
ENSG00000003601	BRD271	6.6975	0.0311	0.1017	0.9204101648032277	0.9998953409918314
ENSG00000003600	SNX12	6.1256	-0.2036	-0.5131	0.6159079499127965	0.9998953409918314
ENSG00000003599	RNF262	1.9062	-0.42	-0.6122	0.5502407504022281	0.9998953409918314
ENSG00000000258	SIRT389	3.3766	-0.2831	-0.4767	0.6409532032907037	0.9998953409918314
ENSG00000000255	MAPK386	6.1288	-0.0195	-0.0554	0.9566003514348203	0.9998953409918314
ENSG00000000254	MYO621	2.5262	0.3445	0.4493	0.6600580785755938	0.9998953409918314
ENSG00000000252	SLC807	5.753	0.2897	0.5735	0.5753750044620062	0.9998953409918314
ENSG00000000248	ATAD158	4.4699	-0.2521	-0.5079	0.6194358859094042	0.9998953409918314
ENSG00000000247	GRIN753	4.662	-0.197	-0.3334	0.7437466715698219	0.9998953409918314
ENSG00000000245	TOMM503	3.5873	-0.0861	-0.1751	0.8635454106894938	0.9998953409918314
ENSG00000000242	GNA659	9.2246	-0.2094	-0.6506	0.5258483848318363	0.9998953409918314
ENSG00000000241	PXN453	6.4993	-0.1285	-0.2939	0.7731520912705475	0.9998953409918314
ENSG00000003630	DHX333	7.7871	-0.1934	-0.6874	0.5030849466724653	0.9998953409918314
ENSG00000003629	SEC91	7.2902	-0.1183	-0.4022	0.693578456983585	0.9998953409918314
ENSG00000003626	MRPS893	1.8649	0.2516	0.3436	0.7362579239025807	0.9998953409918314
ENSG00000003625	ANK678	7.4406	-0.1297	-0.4121	0.6865245237213717	0.9998953409918314
ENSG00000003623	DUSP444	6.8637	-0.1076	-0.3863	0.7051001175290817	0.9998953409918314
ENSG00000003620	GABR398	6.7247	0.091	0.2508	0.8055897715325655	0.9998953409918314
ENSG00000003619	SCN146	2.8002	0.0332	0.0425	0.9667089041433814	0.9998953409918314
ENSG00000003616	PPP2R718	7.5532	-0.1553	-0.4526	0.6577477753880436	0.9998953409918314
ENSG00000003614	HDAC545	3.7046	0.7912	0.8501	0.40955563231011316	0.9998953409918314
ENSG00000003644	TIMM813	3.8029	-0.5082	-0.8363	0.4170249157772127	0.9998953409918314
ENSG00000003643	SUZ535	6.5392	0.0061	0.0126	0.9901590997523606	0.9998953409918314
ENSG00000003642	RAB11FIP119	7.0212	0.3635	0.6105	0.5513303798658047	0.9998953409918314
ENSG00000003640	ACTN169	2.0498	-0.6449	-0.9686	0.34917231287978423	0.9998953409918314
ENSG00000003639	HDAC15	1.7894	-0.5141	-0.7838	0.44621100804252645	0.9998953409918314
ENSG00000003638	TIMM336	3.3805	0.4997	0.975	0.34609553491383926	0.9998953409918314
ENSG00000003637	CCNB32	3.7422	-0.1834	-0.3715	0.7158455727180868	0.9998953409918314
ENSG00000003636	RNF346	5.7499	0.1753	0.3775	0.7114761357416977	0.9998953409918314
ENSG00000003635	DNMT354	4.1825	0.2229	0.6255	0.5416859744988644	0.9998953409918314
ENSG00000003634	RELA	5.3328	0.4612	0.8742	0.3967795905139688	0.9998953409918314
ENSG00000003632	SUZ119	10.0072	-0.0636	-0.2078	0.838375464612433	0.9998953409918314
ENSG00000000240	SNX860	2.3699	-0.4282	-0.7072	0.4910510600064605	0.9998953409918314
ENSG00000000238	VPS401	2.1392	-0.5187	-0.6763	0.5098679936306336	0.9998953409918314
ENSG00000000237	FBXO293	12.1041	-0.0994	-0.3111	0.760305771899497	0.9998953409918314
ENSG00000000236	PPP2R721	5.5567	-0.1212	-0.193	0.8497314415569632	0.9998953409918314
ENSG00000000235	PLC743	5.3209	0.3755	0.7697	0.45426934547610853	0.9998953409918314
ENSG00000000234	PPP2R227	1.8353	0.4889	0.885	0.39111534215916244	0.9998953409918314
ENSG00000000233	COL515	2.7575	0.2559	0.3321	0.7447576889890595	0.9998953409918314
ENSG00000000230	TOMM292	9.2127	-0.0115	-0.0272	0.9786757570969211	0.9998953409918314
ENSG00000000227	GABR814	3.7348	0.8077	0.9212	0.3725369487233344	0.9998953409918314
ENSG00000000226	ANAPC229	7.6219	-0.0022	-0.0062	0.995107825872442	0.9998953409918314
ENSG00000000223	TMEM259	1.8772	-0.0245	-0.0486	0.961905183662098	0.9998953409918314
ENSG00000003664	EIF576	3.7977	-0.2306	-0.4411	0.6658562565997758	0.9998953409918314
ENSG00000003663	BRD852	5.6082	0.1229	0.2644	0.7953303502372512	0.9998953409918314
ENSG00000003662	DDX525	6.161	-0.2001	-0.526	0.6071362690323301	0.9998953409918314
ENSG00000003659	ATAD463	8.0122	0.0073	0.0233	0.9817330337697898	0.9998953409918314
ENSG00000003658	TRIM14	4.4716	0.0722	0.141	0.8898930581998313	0.9998953409918314
ENSG00000003657	GNA487	5.7441	-0.2169	-0.7286	0.4782297875116843	0.9998953409918314
ENSG00000003656	TET161	5.2613	0.0413	0.1074	0.9160089417761701	0.9998953409918314
ENSG00000003653	ABC650	7.0613	-0.0003	-0.0008	0.9993859484791	0.9998953409918314
ENSG00000003652	PPP1R213	8.2964	-0.0123	-0.025	0.9804268133383611	0.9998953409918314
ENSG00000003651	CCNB326	9.161	0.1581	0.3542	0.7284759993501256	0.9998953409918314
ENSG00000003650	SPTB271	4.4973	-0.1982	-0.3439	0.7360184220501398	0.9998953409918314
ENSG00000003648	KIF852	5.1254	0.2147	0.513	0.6159631083526915	0.9998953409918314
ENSG00000003678	DUSP137	8.1442	-0.1288	-0.3987	0.6961426613467416	0.9998953409918314
ENSG00000003677	SEC429	2.345	0.4975	0.7086	0.49018040094910376	0.9998953409918314
ENSG00000003676	GNA150	6.5176	-0.1112	-0.2979	0.7701471505384416	0.9998953409918314
ENSG00000003674	PRKC351	2.8476	0.1959	0.2763	0.7863335837226948	0.9998953409918314
ENSG00000003673	KDM613	6.5434	0.008	0.0216	0.9830502521315736	0.9998953409918314
ENSG00000003672	ABC788	5.3954	-0.3693	-1.0518	0.31071654237836477	0.9998953409918314
ENSG00000003671	SLC461	4.1714	0.107	0.2599	0.7987574665107993	0.9998953409918314
ENSG00000003669	BCL2	8.2206	-0.0628	-0.2145	0.8332192328145404	0.9998953409918314
ENSG00000003668	ZNF749	9.9686	-0.3434	-0.6953	0.4982667155049183	0.9998953409918314
ENSG00000003667	SUZ487	5.9441	-0.4409	-0.6529	0.5244003503095778	0.9998953409918314
ENSG00000003666	PRKC765	3.7065	-0.0262	-0.0413	0.9676416305191677	0.9998953409918314
ENSG00000003665	DHX478	6.7924	0.1735	0.3223	0.7519566295243694	0.9998953409918314
ENSG00000003698	GNA283	3.7679	-0.5276	-1.0908	0.29376427967311536	0.9998953409918314
ENSG00000003697	ACTN122	6.7529	-0.0282	-0.0564	0.95585522418057	0.9998953409918314
ENSG00000003694	CUL680	3.6186	-0.2611	-0.4037	0.6925094134676286	0.9998953409918314
ENSG00000003691	EIF159	8.3163	0.1355	0.4804	0.6383331627127247	0.9998953409918314
ENSG00000003690	FBXO87	9.0392	0.0844	0.4513	0.6586877666032274	0.9998953409918314
ENSG00000003689	H2AF133	10.0545	0.0364	0.1161	0.9092089547943738	0.9998953409918314
ENSG00000003686	KIF845	6.2775	-0.3668	-0.8747	0.3964989297669256	0.9998953409918314
ENSG00000003685	GABR728	3.3641	-0.1411	-0.2958	0.7717511839802496	0.9998953409918314
ENSG00000003683	SKP232	8.0425	0.1927	1.0674	0.3038579945305814	0.9998953409918314
ENSG00000003682	ZNF316	6.2282	0.0993	0.2695	0.7914613650174434	0.9998953409918314
ENSG00000003681	TMEM439	4.398	0.4109	0.8637	0.40231562093885853	0.9998953409918314
ENSG00000000222	SEC615	4.5159	-0.2115	-0.4901	0.6316412054718834	0.9998953409918314
ENSG00000000221	PPP2R36	11.2025	-0.0105	-0.0463	0.9636976961324033	0.9998953409918314
ENSG00000000220	ARF711	6.2831	-0.0385	-0.0752	0.9411121574512706	0.9998953409918314
ENSG00000000219	PLC723	4.1214	-0.1377	-0.3261	0.74918869500861	0.9998953409918314
ENSG00000000218	CDKN2A	2.6469	0.227	0.3243	0.7505153328061469	0.9998953409918314
ENSG00000000217	KMT2691	6.0453	-0.1272	-0.2384	0.8150227639851175	0.9998953409918314
ENSG00000000216	SNX222	2.255	0.5313	0.8107	0.43112137414049767	0.9998953409918314
ENSG00000000213	ADRB842	2.2059	-0.2188	-0.3279	0.7478642193250064	0.9998953409918314
ENSG00000000212	ANAPC246	1.7572	0.141	0.2915	0.7749705245884215	0.9998953409918314
ENSG00000000211	MMP214	5.546	0.0921	0.1546	0.8793810082867893	0.9998953409918314
ENSG00000000210	DHX158	5.337	0.3257	0.4995	0.6252111920959589	0.9998953409918314
ENSG00000000208	RNF373	4.2999	-0.0294	-0.0598	0.9531362722628565	0.9998953409918314
ENSG00000003718	ABC729	1.5193	-0.3249	-0.6303	0.538623926309197	0.9998953409918314
ENSG00000003717	MRPS418	9.0723	-0.2543	-0.7461	0.4679508420641326	0.9998953409918314
ENSG00000003714	TMEM334	4.6621	0.0711	0.1873	0.8541235967998461	0.9998953409918314
ENSG00000003713	UGT623	12.0803	0.083	0.2934	0.773514824179778	0.9998953409918314
ENSG00000003711	DYNC79	5.114	-0.3463	-0.5877	0.5660684566087066	0.9998953409918314
ENSG00000003710	H2AF403	6.0674	-0.2603	-0.5234	0.6088809204749818	0.9998953409918314
ENSG00000003709	DYNC850	7.4886	0.1917	0.6471	0.528020872488328	0.9998953409918314
ENSG00000003708	PXN418	7.1521	0.1547	0.2678	0.7927852128435462	0.9998953409918314
ENSG00000003706	HIST1H599	5.8423	0.1494	0.3097	0.7613745829131067	0.9998953409918314
ENSG00000003703	OR752	3.228	0.585	0.9349	0.3656775882688563	0.9998953409918314
ENSG00000003701	PRKC178	5.9588	-0.0135	-0.0335	0.9737823590267933	0.9998953409918314
ENSG00000003734	RHO82	2.4491	0.1808	0.3187	0.7546620050083984	0.9998953409918314
ENSG00000003732	MRPL114	3.1827	-0.4474	-0.8575	0.405624117897627	0.9998953409918314
ENSG00000003731	RPL56	2.3585	0.5253	0.8195	0.4262064722029528	0.9998953409918314
ENSG00000003729	DNMT174	3.4379	-0.113	-0.2059	0.8398102939527184	0.9998953409918314
ENSG00000003727	TLN537	5.8367	-0.1899	-0.5528	0.5890972808008823	0.9998953409918314
ENSG00000003726	HIST1H894	7.3133	-0.1349	-0.6934	0.49942220449289854	0.9998953409918314
ENSG00000003725	CYP614	9.9069	-0.117	-0.2543	0.8029921631621146	0.9998953409918314
ENSG00000003723	CACN865	8.5029	0.3012	0.6276	0.5403369699175458	0.9998953409918314
ENSG00000003722	PXN99	5.2688	0.3101	0.7023	0.4940281462311803	0.9998953409918314
ENSG00000003721	KDM507	9.7151	-0.3003	-0.578	0.5724649182492725	0.9998953409918314
ENSG00000000206	TRIM30	10.1248	-0.0808	-0.221	0.8282901457088346	0.9998953409918314
ENSG00000000205	USP76	4.714	0.6677	1.0527	0.31031502845146525	0.9998953409918314
ENSG00000000204	RNF188	4.3071	0.1596	0.3349	0.7426504206670661	0.9998953409918314
ENSG00000000203	TMEM169	3.3629	-0.1833	-0.2417	0.8125352755957717	0.9998953409918314
ENSG00000000202	UGT786	7.3886	0.1127	0.2823	0.7818701934898094	0.9998953409918314
ENSG00000000201	ADRB72	9.2315	0.149	0.3203	0.7534642560930079	0.9998953409918314
ENSG00000000200	KDM332	7.5126	-0.1343	-0.7139	0.4870422908522043	0.9998953409918314
ENSG00000000198	SCN600	2.8396	-0.3819	-0.5403	0.5974698968430914	0.9998953409918314
ENSG00000000197	VPS325	6.8913	0.3801	0.8779	0.3948203332965803	0.9998953409918314
ENSG00000000192	SEC164	4.1665	0.1081	0.133	0.8960579320316118	0.9998953409918314
ENSG00000000191	GABR336	3.3274	-0.0024	-0.0032	0.9975186358011586	0.9998953409918314
ENSG00000003754	TUBB408	8.0287	-0.2505	-0.9126	0.37692598143758294	0.9998953409918314
ENSG00000003751	SCN201	6.13	-0.0973	-0.2882	0.777392561270597	0.9998953409918314
ENSG00000003746	HIST1H782	6.2316	0.0128	0.0291	0.9772057495916353	0.9998953409918314
ENSG00000003743	ACTN840	8.269	-0.191	-0.8661	0.40104221785567207	0.9998953409918314
ENSG00000003742	CUL111	10.2435	-0.1475	-0.319	0.754446729231086	0.9998953409918314
ENSG00000003741	GRIN829	5.046	0.105	0.2819	0.7821624907939573	0.9998953409918314
ENSG00000003740	SNAI1	3.3164	0.3426	0.4963	0.6273997407785807	0.9998953409918314
ENSG00000003738	PXN866	7.4299	0.2893	0.9334	0.36641436003391825	0.9998953409918314
ENSG00000003736	TLN23	3.0693	-0.0208	-0.0314	0.9754182941150995	0.9998953409918314
ENSG00000003771	CUL746	6.8379	-0.1122	-0.4041	0.6922524716004761	0.9998953409918314
ENSG00000003770	RNF680	3.3136	-0.3126	-0.5262	0.6069793598620369	0.9998953409918314
ENSG00000003769	KCN866	7.5516	-0.0706	-0.3073	0.7631612280981639	0.9998953409918314
ENSG00000003768	KRT228	5.4195	0.2785	0.3568	0.7265772945862601	0.9998953409918314
ENSG00000003766	TIMM401	2.0944	0.2114	0.3205	0.753293387020961	0.9998953409918314
ENSG00000003764	EIF4E	2.4292	-0.5134	-0.7202	0.48325674968205534	0.9998953409918314
ENSG00000003763	ADRB363	6.4165	0.206	0.6328	0.5370349851525249	0.9998953409918314
ENSG00000003762	ARF866	6.494	0.1233	0.2595	0.7990594371088526	0.9998953409918314
ENSG00000003760	UBE2676	4.0392	0.5343	1.0118	0.3288164191594104	0.9998953409918314
ENSG00000003758	KDM293	5.4568	0.0003	0.0006	0.999528421100663	0.9998953409918314
ENSG00000003757	VPS10	10.1938	0.2265	0.714	0.48693897814039355	0.9998953409918314
ENSG00000003756	RPL41	14.5159	-0.0039	-0.0163	0.9872359339854879	0.9998953409918314
ENSG00000003755	ACTN631	6.6908	-0.3343	-0.9569	0.35485896716616805	0.9998953409918314
ENSG00000000190	KCN347	5.6681	0.3259	0.8302	0.42036887405365053	0.9998953409918314
ENSG00000000187	CCNB433	6.5403	-0.2806	-0.8681	0.3999919376727106	0.9998953409918314
ENSG00000000186	BRD796	9.2246	0.1387	0.5132	0.6158243263442775	0.9998953409918314
ENSG00000000185	MYO304	2.2219	-0.159	-0.323	0.751498170979586	0.9998953409918314
ENSG00000000184	ARF141	12.4416	-0.0807	-0.4049	0.691676343923227	0.9998953409918314
ENSG00000000183	GNA145	6.2098	-0.1505	-0.4194	0.6812859097688971	0.9998953409918314
ENSG00000000182	KIF747	5.0057	0.3468	0.7541	0.4632769000091871	0.9998953409918314
ENSG00000000181	PRKC521	3.1334	-0.7044	-0.9622	0.3522852060159193	0.9998953409918314
ENSG00000000179	VCL884	2.5115	0.3118	0.5004	0.6245980735552592	0.9998953409918314
ENSG00000000177	ANK154	4.1207	0.4407	0.8057	0.4338991104718739	0.9998953409918314
ENSG00000000176	EIF668	3.0757	-0.2677	-0.5569	0.5864011074752387	0.9998953409918314
ENSG00000000175	ARID518	8.75	-0.2374	-0.5745	0.5747497800840646	0.9998953409918314
ENSG00000000173	DYNC835	6.466	-0.3086	-1.0355	0.3179965218666094	0.9998953409918314
ENSG00000003788	MMP105	5.1938	-0.5107	-0.9707	0.3481884208054159	0.9998953409918314
ENSG00000003787	RPS560	4.0902	0.0479	0.087	0.9319116422642155	0.9998953409918314
ENSG00000003785	UBE218	3.819	0.2822	0.875	0.3963316995365591	0.9998953409918314
ENSG00000003783	ARF230	2.7068	-0.7642	-1.0357	0.31791739704499444	0.9998953409918314
ENSG00000003782	ANK631	5.1953	0.4892	1.0168	0.32649969677719193	0.9998953409918314
ENSG00000003780	DNMT82	8.4032	0.1989	0.3591	0.7248807364676804	0.9998953409918314
ENSG00000003778	KIF215	5.6546	-0.2811	-0.6325	0.5372651082422255	0.9998953409918314
ENSG00000003777	GRIN863	2.092	0.6496	1.056	0.30882928991027603	0.9998953409918314
ENSG00000003775	UBE2497	6.0094	-0.3527	-0.7432	0.4696517389191627	0.9998953409918314
ENSG00000003774	COL470	5.0006	0.0802	0.142	0.889137156900641	0.9998953409918314
ENSG00000003806	TMEM344	4.492	0.1769	0.2441	0.81071783719122	0.9998953409918314
ENSG00000003805	RPL18	3.0193	-0.2007	-0.2927	0.7740780138246324	0.9998953409918314
ENSG00000003804	VPS841	2.9893	-0.3813	-0.6287	0.5396370956289446	0.9998953409918314
ENSG00000003803	KDM214	8.5221	0.0219	0.1057	0.9173579545210482	0.9998953409918314
ENSG00000003802	PXN532	4.3478	-0.0938	-0.1784	0.860935062973617	0.9998953409918314
ENSG00000003798	GABR347	3.3423	0.4416	0.546	0.5936414074177792	0.9998953409918314
ENSG00000003796	COPB125	7.8051	-0.0973	-0.2756	0.7869058107921431	0.9998953409918314
ENSG00000003795	SMARC534	8.4643	-0.5451	-0.9419	0.3622363094431684	0.9998953409918314
ENSG00000003793	SUZ859	5.9762	0.1027	0.2911	0.7752194809292315	0.9998953409918314
ENSG00000003790	VCL529	2.6192	-0.0808	-0.1392	0.8912514082427038	0.9998953409918314
ENSG00000003822	TET820	6.6887	-0.1029	-0.2622	0.7969743829371393	0.9998953409918314
ENSG00000003821	HIST1H654	5.8968	-0.178	-0.3372	0.7409392609202903	0.9998953409918314
ENSG00000003819	SMARC399	7.1174	-0.0509	-0.1456	0.8862969228467056	0.9998953409918314
ENSG00000003818	GNA346	2.8119	-0.3525	-0.6681	0.5149642915650321	0.9998953409918314
ENSG00000003817	CDC308	5.5691	0.1334	0.2431	0.8114209477518941	0.9998953409918314
ENSG00000003815	ANK713	1.8181	0.1115	0.1703	0.8672452941308841	0.9998953409918314
ENSG00000003813	CACN726	3.6893	-0.4719	-0.5893	0.5650221139362963	0.9998953409918314
ENSG00000003811	TLN394	3.4611	0.2814	0.5354	0.6008011679694041	0.9998953409918314
ENSG00000003810	SMARC21	5.7	-0.2574	-0.5166	0.6134940727620268	0.9998953409918314
ENSG00000003809	GABR653	10.282	0.1469	0.3213	0.7527303007351707	0.9998953409918314
ENSG00000003808	ARID21	6.8426	0.2004	1.0613	0.30652905081824205	0.9998953409918314
ENSG00000003807	VPS287	1.9505	0.2197	0.2903	0.7758464221505137	0.9998953409918314
ENSG00000000172	TRIM332	3.1026	0.1453	0.2992	0.7691768264044538	0.9998953409918314
ENSG00000000170	RPS9	9.3304	0.1342	0.5134	0.6156940070783515	0.9998953409918314
ENSG00000000169	OR203	2.8276	-0.5627	-0.8607	0.4038833651926915	0.9998953409918314
ENSG00000000168	GNA817	5.8277	0.3642	0.6541	0.523635003405919	0.9998953409918314
ENSG00000000166	ANK591	2.979	-0.3957	-0.6568	0.5219741665442016	0.9998953409918314
ENSG00000000165	DUSP295	5.109	-0.3267	-1.0105	0.3293869162120292	0.9998953409918314
ENSG00000000164	PLC322	1.116	-0.5713	-1.0829	0.29714993517408633	0.9998953409918314
ENSG00000000163	KRT268	2.0105	0.4882	0.7326	0.47587235662193605	0.9998953409918314
ENSG00000000162	CUL743	5.4809	-0.274	-0.5748	0.5745688335134231	0.9998953409918314
ENSG00000000160	PLC648	4.4755	-0.2139	-0.6631	0.5180566526036429	0.9998953409918314
ENSG00000000159	RAB552	4.8164	0.5165	1.1063	0.28725512848859924	0.9998953409918314
ENSG00000000158	ARF786	2.3075	0.6251	1.045	0.31371788088118047	0.9998953409918314
ENSG00000000157	TRIM213	5.5234	0.1997	0.3851	0.7059650740643877	0.9998953409918314
ENSG00000000156	MYO210	12.4303	0.1536	0.6287	0.53966937646443	0.9998953409918314
ENSG00000003840	HTR127	6.739	0.0003	0.0009	0.9992684361030735	0.9998953409918314
ENSG00000003839	TMEM515	2.0301	-0.2791	-0.4552	0.6559553442267956	0.9998953409918314
ENSG00000003837	MYO99	1.543	-0.2502	-0.4023	0.6935246252203205	0.9998953409918314
ENSG00000003836	HIST1H347	1.3894	-0.1586	-0.3242	0.7506029080433645	0.9998953409918314
ENSG00000003835	TLN290	7.9289	-0.1706	-0.7546	0.4629826418954598	0.9998953409918314
ENSG00000003834	FBXO65	4.5006	0.272	0.4737	0.6430324267860523	0.9998953409918314
ENSG00000003833	MMP749	5.4475	0.2487	0.6359	0.5351181178477503	0.9998953409918314
ENSG00000003829	MMP767	3.5108	0.1441	0.2336	0.8187079942279303	0.9998953409918314
ENSG00000003827	BAX	1.1791	-0.2167	-0.3842	0.7065766684124204	0.9998953409918314
ENSG00000003825	TOMM2	9.6037	0.0139	0.0757	0.9407163083581953	0.9998953409918314
ENSG00000003823	PXN37	6.2944	0.2789	0.8249	0.4232777183523875	0.9998953409918314
ENSG00000003859	SIRT238	5.7181	-0.122	-0.2986	0.7695952645218619	0.9998953409918314
ENSG00000003858	SLC283	8.1823	0.1058	0.3413	0.7379679510008044	0.9998953409918314
ENSG00000003856	ANK487	4.7724	0.2147	0.5242	0.608347342612414	0.9998953409918314
ENSG00000003854	TIMM122	5.0367	0.1024	0.1873	0.8541222550146428	0.9998953409918314
ENSG00000003851	DYNC651	3.807	-0.2323	-0.4373	0.668557417244795	0.9998953409918314
ENSG00000003849	RAB11FIP304	4.8755	-0.5607	-0.9097	0.378373107172273	0.9998953409918314
ENSG00000003848	KIF676	2.592	-0.0953	-0.1431	0.8882497417946487	0.9998953409918314
ENSG00000003847	FBXO744	7.0972	-0.1496	-0.3669	0.7191563985923125	0.9998953409918314
ENSG00000003846	SCN592	9.2059	0.0374	0.1252	0.9021276307127333	0.9998953409918314
ENSG00000003843	EZH772	3.2377	0.3057	0.4892	0.6322504620854983	0.9998953409918314
ENSG00000003878	TLN705	3.3416	-0.3799	-0.594	0.5620134251960469	0.9998953409918314
ENSG00000003877	RPL404	3.5637	0.4958	0.9473	0.3595730402960824	0.9998953409918314
ENSG00000003876	KRT14	3.5351	0.0504	0.0963	0.9246204720192812	0.9998953409918314
ENSG00000003875	HTR163	6.5621	0.3778	0.8892	0.38889778411758236	0.9998953409918314
ENSG00000003873	SIRT713	1.8884	0.3667	0.6458	0.5288296488489335	0.9998953409918314
ENSG00000003872	SUZ312	1.8689	0.5164	0.9525	0.3570067920035731	0.9998953409918314
ENSG00000003869	MAPK529	2.808	0.0677	0.0976	0.9236076012229563	0.9998953409918314
ENSG00000003868	RNF284	3.8444	-0.2024	-0.3851	0.7059850988940991	0.9998953409918314
ENSG00000003867	HIST1H113	2.614	0.343	0.6905	0.5011950619994558	0.9998953409918314
ENSG00000003866	ARID253	5.6594	0.1785	0.3541	0.7285341638142286	0.9998953409918314
ENSG00000003865	PPP1R305	8.3688	-0.2054	-0.8127	0.42998073381791047	0.9998953409918314
ENSG00000003863	DDX887	6.6849	-0.3336	-0.9575	0.3545817471402348	0.9998953409918314
ENSG00000003862	ACTN736	3.7019	-0.3131	-0.6737	0.5114607935042368	0.9998953409918314
ENSG00000000155	MRPL75	6.7274	0.0489	0.1777	0.8615169273075772	0.9998953409918314
ENSG00000000154	TRIM616	3.1223	0.5598	0.7286	0.4782687892923103	0.9998953409918314
ENSG00000000152	UBE2806	4.1872	0.0629	0.1418	0.8892226695983036	0.9998953409918314
ENSG00000000151	DRD287	5.85	0.0406	0.1043	0.9183758723622377	0.9998953409918314
ENSG00000000150	RHO731	3.0485	-0.336	-0.6482	0.5273501080795965	0.9998953409918314
ENSG00000000148	ATAD646	5.4495	-0.1457	-0.3147	0.7576015292557502	0.9998953409918314
ENSG00000000147	PXN634	2.1034	0.0848	0.1373	0.8927387672996139	0.9998953409918314
ENSG00000000146	ADAM256	1.4851	-0.4244	-0.7754	0.45102085151446225	0.9998953409918314
ENSG00000000145	MAPK614	3.7651	-0.2433	-0.4208	0.6802937963000395	0.9998953409918314
ENSG00000000144	TOMM863	7.1898	0.0301	0.0683	0.9464909151962968	0.9998953409918314
ENSG00000000143	ATAD65	7.732	0.4618	0.8355	0.4174766986573579	0.9998953409918314
ENSG00000000142	DNMT272	3.2447	0.2738	0.4335	0.6712914916610484	0.9998953409918314
ENSG00000000141	FBXO589	5.0902	-0.2075	-0.4255	0.6769076274514412	0.9998953409918314
ENSG00000000140	KRT11	4.1884	-0.033	-0.0532	0.9583221156392208	0.9998953409918314
ENSG00000003894	EIF522	5.1139	-0.0405	-0.0802	0.9371961067337478	0.9998953409918314
ENSG00000003890	RPS387	7.3565	0.013	0.0437	0.9657591261521432	0.9998953409918314
ENSG00000003889	PPP1R680	5.722	0.0351	0.1114	0.9128483472828255	0.9998953409918314
ENSG00000003888	MT-CO3	14.971	0.2823	1.011	0.32918936120726316	0.9998953409918314
ENSG00000003887	MMP592	4.7264	0.38	0.7705	0.4538030050081818	0.9998953409918314
ENSG00000003886	PXN206	3.0042	-0.5257	-0.8298	0.4205684293343924	0.9998953409918314
ENSG00000003884	EZH486	7.4491	-0.121	-0.3289	0.7471108575268002	0.9998953409918314
ENSG00000003881	HIST1H365	6.5154	-0.0682	-0.2074	0.838689283199292	0.9998953409918314
ENSG00000003880	PRDX1	2.2238	0.1674	0.2674	0.793050283328687	0.9998953409918314
ENSG00000003912	ANAPC317	2.7686	0.0187	0.0405	0.9683034443021814	0.9998953409918314
ENSG00000003911	ZNF273	3.4228	-0.2053	-0.2663	0.7939182771347052	0.9998953409918314
ENSG00000003910	TET485	7.0623	-0.1158	-0.4027	0.6932774191135176	0.9998953409918314
ENSG00000003908	ZNF557	7.9254	0.2434	0.9744	0.34639718600622293	0.9998953409918314
ENSG00000003907	DNMT875	3.2877	-0.5375	-0.6406	0.532138990209999	0.9998953409918314
ENSG00000003905	CDC273	8.4599	-0.0837	-0.3605	0.7238772923735457	0.9998953409918314
ENSG00000003904	EZH307	1.0247	-0.1279	-0.2948	0.7724356880014971	0.9998953409918314
ENSG00000003902	CUL666	3.0935	0.241	0.4006	0.6947289437735282	0.9998953409918314
ENSG00000003901	SLC212	7.9726	0.1025	0.3986	0.6961904406361579	0.9998953409918314
ENSG00000003900	ADRB164	8.4173	-0.1297	-0.5144	0.6149692997822838	0.9998953409918314
ENSG00000003898	ZNF74	1.0708	-0.073	-0.1419	0.889201862777704	0.9998953409918314
ENSG00000003897	TLN303	6.7763	0.1731	0.4103	0.6877634100766845	0.9998953409918314
ENSG00000003896	VCL595	1.7967	0.0877	0.1553	0.8787848723979426	0.9998953409918314
ENSG00000003929	DRD615	7.6099	0.3531	0.8977	0.3845419083579248	0.9998953409918314
ENSG00000003927	SCN855	2.3582	0.456	0.8183	0.4269028113096184	0.9998953409918314
ENSG00000003926	CHRM453	8.4738	-0.0963	-0.2231	0.8267179333082582	0.9998953409918314
ENSG00000003923	PLC824	6.2102	0.4572	1.0629	0.30579682245820305	0.9998953409918314
ENSG00000003922	KDM898	2.2228	-0.0119	-0.0186	0.9854556607757036	0.9998953409918314
ENSG00000003921	PPP1R7	8.7938	-0.0071	-0.0254	0.9800686611572706	0.9998953409918314
ENSG00000003920	H2AF353	6.4787	0.4002	0.6831	0.505688754215061	0.9998953409918314
ENSG00000003919	OR102	3.0355	-0.1385	-0.1925	0.8501061246195767	0.9998953409918314
ENSG00000003918	TOMM365	3.8743	0.4423	0.7334	0.47544498069659	0.9998953409918314
ENSG00000003917	MAPK107	9.9608	-0.3218	-0.8959	0.38547366471952293	0.9998953409918314
ENSG00000003916	ARID651	4.4421	0.0238	0.0551	0.9568603590183247	0.9998953409918314
ENSG00000003914	RPLP0	13.5449	-0.1431	-0.5589	0.5850731088607226	0.9998953409918314
ENSG00000003913	SKP595	5.768	-0.0693	-0.1895	0.8524513792996211	0.9998953409918314
ENSG00000000138	SPTB396	5.1644	0.1891	0.6506	0.5258220123117234	0.9998953409918314
ENSG00000000137	KMT2856	4.115	-0.2042	-0.3208	0.7531210603486604	0.9998953409918314
ENSG00000000134	ZNF426	3.561	-0.1298	-0.2447	0.8102734363140673	0.9998953409918314
ENSG00000000130	CHRM632	1.6503	0.1474	0.365	0.7205745094458509	0.9998953409918314
ENSG00000000129	TRIM266	7.0716	0.1478	0.4877	0.6332949025216674	0.9998953409918314
ENSG00000000128	H2AF321	4.5545	0.2368	0.8138	0.42936413234756277	0.9998953409918314
ENSG00000000127	CYP745	2.566	-0.5131	-0.876	0.3957901889144937	0.9998953409918314
ENSG00000000126	CACN205	6.7723	-0.2683	-0.594	0.5619801183847524	0.9998953409918314
ENSG00000000125	PLC398	2.1889	-0.5252	-0.7121	0.48812481227420346	0.9998953409918314
ENSG00000000124	BRD617	8.892	-0.3066	-0.8321	0.41932610120294467	0.9998953409918314
ENSG00000000123	CDC730	2.7537	-0.4413	-0.5823	0.5696273473996453	0.9998953409918314
ENSG00000000122	HTR47	9.3055	-0.0161	-0.0612	0.9520440788029967	0.9998953409918314
ENSG00000003945	SPTB608	1.2299	-0.5377	-0.9876	0.3401139199114608	0.9998953409918314
ENSG00000003944	DUSP33	2.9592	0.5352	0.7874	0.4441823725236653	0.9998953409918314
ENSG00000003943	VPS440	2.6565	0.0527	0.0822	0.935640478912168	0.9998953409918314
ENSG00000003940	PPP1R466	6.7786	0.2423	0.7266	0.4794623633059425	0.9998953409918314
ENSG00000003938	CCNB111	2.5654	0.1001	0.1158	0.9094905651345019	0.9998953409918314
ENSG00000003937	TLN469	3.6255	-0.1828	-0.3852	0.7058655107294229	0.9998953409918314
ENSG00000003934	OR363	4.9496	0.3421	0.9213	0.3724824318625234	0.9998953409918314
ENSG00000003933	RPL46	2.7992	-0.0474	-0.094	0.9264044017206101	0.9998953409918314
ENSG00000003932	DNMT246	2.3903	-0.4058	-0.7403	0.47137852187441476	0.9998953409918314
ENSG00000003931	RAB4	9.4274	0.1049	0.3995	0.695528227523291	0.9998953409918314
ENSG00000003930	CD68	3.8865	-0.5291	-0.8204	0.42573073288516583	0.9998953409918314
ENSG00000003960	KRT689	2.6265	0.258	0.468	0.6469829923646608	0.9998953409918314
ENSG00000003959	PXN400	3.6091	-0.1198	-0.2001	0.8442515310540446	0.9998953409918314
ENSG00000003958	SUZ68	8.2586	0.179	0.6123	0.5501381683234359	0.9998953409918314
ENSG00000003956	MRPL618	7.365	0.0492	0.1847	0.8561132628243273	0.9998953409918314
ENSG00000003954	SKP762	2.6198	-0.0838	-0.1227	0.9041173255532342	0.9998953409918314
ENSG00000003953	GRIN848	6.8835	0.0423	0.1147	0.9103304594621944	0.9998953409918314
ENSG00000003951	RAB22	8.8232	-0.0267	-0.0761	0.9404293310988013	0.9998953409918314
ENSG00000003949	ADAM96	6.0166	-0.0915	-0.2912	0.7751879910707138	0.9998953409918314
ENSG00000003946	KCN128	1.6197	0.3214	0.6665	0.5159130366225985	0.9998953409918314
ENSG00000000121	DNMT130	8.224	-0.0238	-0.0392	0.969298847683175	0.9998953409918314
ENSG00000000120	SPTB777	7.2394	-0.2073	-0.5272	0.6063415143894566	0.9998953409918314
ENSG00000000119	RAB11FIP96	3.9115	0.0556	0.0762	0.9403744214047847	0.9998953409918314
ENSG00000000118	PPP2R1	4.7946	0.0056	0.0164	0.9871203625609064	0.9998953409918314
ENSG00000000116	CCNB307	9.3669	-0.0561	-0.1268	0.9009287081729616	0.9998953409918314
ENSG00000000115	ACTN22	4.8791	0.3586	0.5846	0.5680868341625719	0.9998953409918314
ENSG00000000114	ABC30	8.2147	-0.1412	-0.4105	0.687652762078576	0.9998953409918314
ENSG00000000113	ADRB857	5.6206	-0.4176	-1.0768	0.29976970262279395	0.9998953409918314
ENSG00000000110	TUBB820	3.2396	-0.1164	-0.2083	0.8380081131729891	0.9998953409918314
ENSG00000000109	ABC712	1.5351	-0.3039	-0.4359	0.669550922181778	0.9998953409918314
ENSG00000000108	TIMM230	5.6752	-0.1558	-0.3916	0.7012626151523049	0.9998953409918314
ENSG00000000107	ARID635	8.6753	-0.3247	-0.7691	0.45459477252359015	0.9998953409918314
ENSG00000003977	SEC845	5.0268	-0.1599	-0.3459	0.7345254515789992	0.9998953409918314
ENSG00000003975	PLC264	5.8937	-0.1241	-0.2801	0.7835216043561354	0.9998953409918314
ENSG00000003974	RPS102	3.4262	0.2849	0.3942	0.699382971999533	0.9998953409918314
ENSG00000003973	HTR506	5.8605	0.3111	0.8581	0.40528795564725295	0.9998953409918314
ENSG00000003969	ADAM899	2.3807	0.3577	0.5199	0.6112465287436685	0.9998953409918314
ENSG00000003968	DYNC235	10.1885	0.29	0.5799	0.5711674594490478	0.9998953409918314
ENSG00000003967	SMARC850	4.4004	-0.0604	-0.1705	0.8670225822584647	0.9998953409918314
ENSG00000003965	SLC689	1.9022	-0.2123	-0.2919	0.774607979819486	0.9998953409918314
ENSG00000003962	SPTB23	5.8901	-0.0662	-0.1619	0.8737023323654252	0.9998953409918314
ENSG00000000105	EIF472	3.6129	0.1477	0.1892	0.8526529668740586	0.9998953409918314
ENSG00000000101	ADAM24	2.9678	0.4788	0.9859	0.34092035816650534	0.9998953409918314
ENSG00000000100	RNF711	6.3886	-0.1179	-0.1916	0.8507844186681681	0.9998953409918314
ENSG00000000099	PPP2R445	4.5156	-0.4213	-0.5328	0.6025108081754803	0.9998953409918314
ENSG00000000097	KIF220	3.8113	0.4055	0.5807	0.5706881514196109	0.9998953409918314
ENSG00000000094	TUBB861	4.3734	-0.1051	-0.1571	0.8773927808351993	0.9998953409918314
ENSG00000000093	ANAPC121	2.2446	0.8203	1.1135	0.2842265478922425	0.9998953409918314
ENSG00000000092	ANK108	7.327	0.114	0.3326	0.7443579584696035	0.9998953409918314
ENSG00000000091	SLC238	3.9079	0.0159	0.0325	0.9745080814240055	0.9998953409918314
ENSG00000000089	KIF84	7.1835	0.09	0.4113	0.687048412353297	0.9998953409918314
ENSG00000003994	RAB11FIP235	12.1668	-0.0486	-0.2386	0.8148985003714908	0.9998953409918314
ENSG00000003992	SPTB322	3.3144	-0.7267	-1.1152	0.28353170780372	0.9998953409918314
ENSG00000003991	ATAD808	8.8616	-0.1703	-0.7827	0.44682551034435025	0.9998953409918314
ENSG00000003989	KMT2322	4.0634	0.0179	0.0332	0.9739752210976824	0.9998953409918314
ENSG00000003987	SUZ224	2.3219	0.1256	0.1629	0.8729096547739418	0.9998953409918314
ENSG00000003985	SIRT501	5.7134	-0.0424	-0.2357	0.8170995952404828	0.9998953409918314
ENSG00000003984	CCNB521	1.7945	0.5755	0.9629	0.35194147770694173	0.9998953409918314
ENSG00000003982	TRIM619	5.4519	-0.2599	-0.445	0.6631328046543495	0.9998953409918314
ENSG00000003981	TOMM97	5.2272	-0.1546	-0.7815	0.44752045792426565	0.9998953409918314
ENSG00000003980	CCNB471	4.1068	-0.0768	-0.151	0.8821215595325105	0.9998953409918314
ENSG00000003979	CYP336	5.7552	-0.5161	-1.0134	0.3280613488283296	0.9998953409918314
ENSG00000003978	KCN873	7.8836	0.0354	0.1103	0.913741719399042	0.9998953409918314
ENSG00000004010	SUZ419	8.2498	0.0128	0.0289	0.9773723960566616	0.9998953409918314
ENSG00000004008	ANAPC578	2.9496	-0.047	-0.0677	0.9469927175835136	0.9998953409918314
ENSG00000004007	ADAM408	3.5985	-0.3545	-0.7566	0.46181236772314294	0.9998953409918314
ENSG00000004006	SLC33	8.9987	0.2657	0.9695	0.3487426431534617	0.9998953409918314
ENSG00000004002	CUL260	7.5119	0.2852	0.9519	0.3572852039341805	0.9998953409918314
ENSG00000004001	ADAM537	4.3328	-0.0638	-0.136	0.893749930500018	0.9998953409918314
ENSG00000004000	ACTN71	4.5388	0.0911	0.0878	0.9312774619084919	0.9998953409918314
ENSG00000003999	GRIN350	2.6371	-0.8811	-1.1131	0.28441167056569916	0.9998953409918314
ENSG00000003998	RAB842	6.2747	-0.0648	-0.1626	0.8731459257456107	0.9998953409918314
ENSG00000003997	DRD76	8.6242	-0.0004	-0.0017	0.9986532663089309	0.9998953409918314
ENSG00000003996	ANAPC752	4.4362	-0.0192	-0.0427	0.9665562772020564	0.9998953409918314
ENSG00000003995	KRT534	8.5854	0.0753	0.2269	0.8237747088575473	0.9998953409918314
ENSG00000004026	KIF197	4.5348	0.5903	1.0353	0.31807095264873697	0.9998953409918314
ENSG00000004025	COPB151	4.9994	0.4183	0.5345	0.6013658451292643	0.9998953409918314
ENSG00000004020	TMEM878	4.3158	0.0002	0.0005	0.9996456901665607	0.9998953409918314
ENSG00000004018	SUZ646	4.6956	-0.3141	-0.4824	0.6369883387868718	0.9998953409918314
ENSG00000004017	VPS603	7.6338	0.0654	0.1794	0.8602082774070461	0.9998953409918314
ENSG00000004016	ZNF369	5.2385	0.3571	0.8718	0.39799957676500286	0.9998953409918314
ENSG00000004015	TUBB748	6.2732	-0.0851	-0.1493	0.8834368952842868	0.9998953409918314
ENSG00000004014	DYNC247	4.8629	0.0979	0.1868	0.8545251768208972	0.9998953409918314
ENSG00000004013	RPS395	3.7039	0.0677	0.1724	0.8655847547168743	0.9998953409918314
ENSG00000004012	CACN767	8.5358	0.1332	0.4286	0.6747370287135168	0.9998953409918314
ENSG00000004011	KMT2871	6.184	0.1764	0.5289	0.6051465500336622	0.9998953409918314
ENSG00000000087	CYP143	7.2807	0.2552	1.077	0.29968372146961936	0.9998953409918314
ENSG00000000086	CUL119	2.8555	-0.6826	-1.0003	0.33414137943092914	0.9998953409918314
ENSG00000000085	GABR61	4.9119	-0.0169	-0.0305	0.9760996251126688	0.9998953409918314
ENSG00000000084	HIST1H171	4.1855	0.5143	1.11	0.28570393319848786	0.9998953409918314
ENSG00000000083	ABC96	1.3579	0.0137	0.0284	0.9777222704193429	0.9998953409918314
ENSG00000000081	TET194	6.436	-0.1346	-0.3433	0.7364908235229545	0.9998953409918314
ENSG00000000080	MYO434	7.6881	0.0555	0.2362	0.8167202474721325	0.9998953409918314
ENSG00000000079	HDAC828	8.0393	-0.0419	-0.1318	0.8970035447208262	0.9998953409918314
ENSG00000000078	EIF91	2.6927	0.286	0.5127	0.6161245012122486	0.9998953409918314
ENSG00000000077	SEC732	2.1452	-0.2514	-0.4607	0.652073619631188	0.9998953409918314
ENSG00000000076	CHRM770	6.4508	-0.4013	-1.07	0.3027280391337476	0.9998953409918314
ENSG00000000075	RAB692	9.5076	0.0695	0.2601	0.7985639508041186	0.9998953409918314
ENSG00000000073	KRT495	5.7802	0.011	0.0467	0.9634069742727905	0.9998953409918314
ENSG00000004042	TET136	1.0796	0.0635	0.1238	0.9031986557664315	0.9998953409918314
ENSG00000004039	SNX78	2.7206	-0.7865	-1.0966	0.29131306785948374	0.9998953409918314
ENSG00000004038	ACTN727	6.4251	0.4022	0.8378	0.4162334409712971	0.9998953409918314
ENSG00000004037	DHX292	6.6378	-0.081	-0.2449	0.8101233885023891	0.9998953409918314
ENSG00000004036	EZH481	4.7358	0.1353	0.3757	0.7127714416955222	0.9998953409918314
ENSG00000004035	DUSP853	5.2698	0.2114	0.5232	0.6090274625479535	0.9998953409918314
ENSG00000004033	PRKC770	4.3233	0.0771	0.1565	0.8778358579845906	0.9998953409918314
ENSG00000004032	VPS634	5.5933	0.2725	0.7346	0.47473224655491375	0.9998953409918314
ENSG00000004031	SPTB473	4.7438	0.0864	0.1751	0.8635320793123379	0.9998953409918314
ENSG00000004030	KMT2669	4.4672	-0.3491	-0.6308	0.5383361256421971	0.9998953409918314
ENSG00000004029	DDX80	3.6491	-0.0449	-0.0599	0.9530628973040071	0.9998953409918314
ENSG00000004028	USP762	7.3475	0.2056	0.6453	0.5291417496500503	0.9998953409918314
ENSG00000004061	DRD301	8.775	-0.1173	-0.4298	0.6738586422856936	0.9998953409918314
ENSG00000004058	DYNC307	8.1146	-0.1338	-0.4517	0.65837070841369	0.9998953409918314
ENSG00000004056	SMARC514	2.2555	0.5325	1.0027	0.3330013288329621	0.9998953409918314
ENSG00000004054	EIF509	3.2376	0.0336	0.054	0.9576642019494908	0.9998953409918314
ENSG00000004053	SNX605	5.8737	-0.2203	-0.3658	0.7199892021928771	0.9998953409918314
ENSG00000004052	TMEM229	3.2794	0.3148	0.495	0.6282922589557283	0.9998953409918314
ENSG00000004051	SUZ132	3.6017	0.4225	1.0049	0.3319996314336787	0.9998953409918314
ENSG00000004050	DDX416	4.3163	0.0944	0.2302	0.8212401667460615	0.9998953409918314
ENSG00000004045	TUBB88	8.5595	-0.0606	-0.2298	0.8215377675341676	0.9998953409918314
ENSG00000004044	SNX873	6.1812	0.1726	0.4423	0.6650279546057041	0.9998953409918314
ENSG00000004079	OR123	7.4376	0.0376	0.1122	0.9122500474508843	0.9998953409918314
ENSG00000004077	RPL322	2.4324	-0.6382	-0.8435	0.41314833493488623	0.9998953409918314
ENSG00000004076	OR211	8.1551	-0.2303	-0.6991	0.4959709163702385	0.9998953409918314
ENSG00000004075	DRD178	10.9907	0.1069	0.6865	0.5036101777116926	0.9998953409918314
ENSG00000004074	ARF635	9.1321	0.3649	0.9813	0.3431176044210882	0.9998953409918314
ENSG00000004071	RNF567	5.8671	0.087	0.1836	0.856985704288185	0.9998953409918314
ENSG00000004070	ADRB334	7.9659	-0.3304	-0.9891	0.33938306826975295	0.9998953409918314
ENSG00000004069	ACTN637	8.2551	-0.1319	-0.4994	0.6252360706409483	0.9998953409918314
ENSG00000004068	SKP896	2.5967	-0.2859	-0.5856	0.5674510824160665	0.9998953409918314
ENSG00000004067	SPTB713	4.8991	0.4334	0.9672	0.3498641985967237	0.9998953409918314
ENSG00000004066	HIST1H291	6.8525	0.2214	0.6322	0.5374409742839565	0.9998953409918314
ENSG00000004063	EZH589	5.2276	-0.2318	-0.468	0.6470077748023557	0.9998953409918314
ENSG00000000070	CYP159	6.2405	0.2783	0.8325	0.4190895137057993	0.9998953409918314
ENSG00000000068	SEC354	5.3493	-0.0477	-0.0912	0.928655864004359	0.9998953409918314
ENSG00000000067	HDAC729	4.0773	0.3611	0.4644	0.6495224877143464	0.9998953409918314
ENSG00000000066	ARID317	7.1177	-0.2735	-0.7772	0.44996419492450734	0.9998953409918314
ENSG00000000065	PXN22	3.9338	-0.2005	-0.2621	0.7970834192034593	0.9998953409918314
ENSG00000000064	SEC767	3.4865	0.1362	0.3182	0.7550232340726287	0.9998953409918314
ENSG00000000063	MRPS875	6.3364	-0.4504	-1.0492	0.31188009366234415	0.9998953409918314
ENSG00000000061	TUBB643	5.7918	0.0354	0.0861	0.9325863443543158	0.9998953409918314
ENSG00000000060	RPS347	2.2118	-0.3205	-0.6096	0.5518913973052362	0.9998953409918314
ENSG00000000059	CDC735	4.0558	0.2486	0.4738	0.6429621377485504	0.9998953409918314
ENSG00000000057	ARID286	7.5262	-0.2721	-0.7802	0.44827962970545776	0.9998953409918314
ENSG00000004096	KCN899	3.7883	-0.6174	-0.752	0.4644834713366458	0.9998953409918314
ENSG00000004095	ATAD83	6.2937	0.5193	0.6964	0.4976065991856271	0.9998953409918314
ENSG00000004094	SKP187	3.1858	0.0293	0.058	0.954589600887308	0.9998953409918314
ENSG00000004092	ZNF387	2.0155	0.4291	0.7228	0.4816777313584797	0.9998953409918314
ENSG00000004090	CDK4	3.1068	0.0901	0.1807	0.8591917023240161	0.9998953409918314
ENSG00000004089	PRKC884	6.2963	0.1368	0.4023	0.6935210979316115	0.9998953409918314
ENSG00000004088	PRKC610	0.9828	-0.1402	-0.255	0.8024620003607024	0.9998953409918314
ENSG00000004087	RAB135	7.1914	-0.3241	-0.9403	0.36299125520800213	0.9998953409918314
ENSG00000004086	KRT261	1.7181	0.1582	0.286	0.779068920109014	0.9998953409918314
ENSG00000004084	TIMM560	7.2864	0.2728	0.7633	0.45796423984304535	0.9998953409918314
ENSG00000004083	PRKC13	6.8715	0.5121	0.9707	0.34816124535714754	0.9998953409918314
ENSG00000004082	HDAC213	7.2118	-0.2077	-1.0356	0.31795950794589206	0.9998953409918314
ENSG00000004113	ABC147	3.8912	-0.4175	-0.7821	0.447178308442463	0.9998953409918314
ENSG00000004112	GRIN381	8.2044	0.1471	0.5463	0.5934476257024333	0.9998953409918314
ENSG00000004111	OR505	6.1187	0.04	0.1057	0.9173029393918097	0.9998953409918314
ENSG00000004109	GNA241	4.7228	-0.072	-0.1386	0.8917104352534844	0.9998953409918314
ENSG00000004107	RPS222	5.2144	0.1445	0.3572	0.7262336476141633	0.9998953409918314
ENSG00000004105	MAPK404	4.802	0.0491	0.0822	0.9356554479552553	0.9998953409918314
ENSG00000004104	RAB206	6.0217	0.2928	0.5837	0.5687252807111922	0.9998953409918314
ENSG00000004102	TOMM47	3.3365	0.7743	1.0844	0.2965013802434463	0.9998953409918314
ENSG00000004100	TLN200	5.0926	0.1393	0.335	0.7425926846558146	0.9998953409918314
ENSG00000004099	TMEM868	10.4045	-0.3179	-0.6088	0.5523760702438774	0.9998953409918314
ENSG00000004098	ANAPC364	1.3994	-0.0553	-0.1063	0.9168645693190087	0.9998953409918314
ENSG00000004097	FBXO865	7.318	0.1502	0.5312	0.6036218050767278	0.9998953409918314
ENSG00000004129	ARF326	2.9738	-0.5274	-0.9672	0.34986533941865505	0.9998953409918314
ENSG00000004128	CDC760	8.8117	0.0947	0.3737	0.7142558057284034	0.9998953409918314
ENSG00000004127	H2AF715	4.9818	-0.2511	-0.5384	0.5987309561205901	0.9998953409918314
ENSG00000004125	ANK181	2.5368	-0.6267	-0.8836	0.3918577549108383	0.9998953409918314
ENSG00000004124	HTR188	6.1128	0.2646	0.5239	0.6085233002197494	0.9998953409918314
ENSG00000004123	SCN367	8.4829	0.2496	0.8817	0.39284366807199267	0.9998953409918314
ENSG00000004121	RAB811	6.9481	0.179	0.557	0.586294252263479	0.9998953409918314
ENSG00000004120	DDX99	9.5207	-0.1373	-0.6418	0.5313983271450199	0.9998953409918314
ENSG00000004118	ANAPC821	4.5488	-0.2464	-0.5307	0.603936909612461	0.9998953409918314
ENSG00000004116	ADRB452	2.0343	-0.1022	-0.1651	0.8712347002442133	0.9998953409918314
ENSG00000004115	SKP876	7.0167	0.0286	0.0735	0.9424185803056189	0.9998953409918314
ENSG00000000056	FBXO756	4.6037	0.1398	0.3181	0.7550839586668091	0.9998953409918314
ENSG00000000053	SMARC85	5.7825	0.1807	0.5418	0.5964584583645737	0.9998953409918314
ENSG00000000051	CDC222	1.8977	-0.4476	-0.6412	0.5317286091893831	0.9998953409918314
ENSG00000000050	DUSP547	2.6062	0.3528	0.612	0.5503331334053083	0.9998953409918314
ENSG00000000049	PXN846	7.4998	-0.0869	-0.2267	0.8239090194150506	0.9998953409918314
ENSG00000000048	DYNC505	5.7046	-0.0172	-0.0525	0.9588556825567377	0.9998953409918314
ENSG00000000047	TMEM716	4.3836	0.4359	0.7949	0.43994457546305665	0.9998953409918314
ENSG00000000046	RAB598	4.8718	0.141	0.2147	0.8330986629541794	0.9998953409918314
ENSG00000000044	ARF658	5.5249	-0.0232	-0.0462	0.9637819412696496	0.9998953409918314
ENSG00000000043	CUL463	5.8425	-0.4123	-0.7706	0.4537731882594941	0.9998953409918314
ENSG00000000042	KIF221	7.7794	0.1932	0.9285	0.3688614232473395	0.9998953409918314
ENSG00000000041	CDH1	2.4191	0.5172	0.6848	0.5046723639828965	0.9998953409918314
ENSG00000000040	GRIN342	6.5053	0.1647	0.2395	0.8141770780907083	0.9998953409918314
ENSG00000000039	ARID178	8.4438	0.0769	0.2733	0.7886410325281676	0.9998953409918314
ENSG00000004146	SMARC254	2.5461	-0.5124	-0.8348	0.41785560753383444	0.9998953409918314
ENSG00000004145	CHRM335	2.0272	0.1099	0.1525	0.8809373918233174	0.9998953409918314
ENSG00000004142	GNA509	1.972	-0.3742	-0.4888	0.6325287744025088	0.9998953409918314
ENSG00000004139	DRD691	3.4543	-0.1472	-0.2704	0.7907644238910113	0.9998953409918314
ENSG00000004138	SCN159	4.079	-0.4564	-0.7107	0.48895862840102655	0.9998953409918314
ENSG00000004137	KRT138	2.5116	-0.0049	-0.0077	0.9939328792953124	0.9998953409918314
ENSG00000004136	RHO495	4.4405	0.1947	0.371	0.7161792023686322	0.9998953409918314
ENSG00000004135	MMP811	2.3626	0.5317	1.0665	0.30423237877029413	0.9998953409918314
ENSG00000004134	SNX720	2.0021	-0.1835	-0.2774	0.7855597122281356	0.9998953409918314
ENSG00000004133	CHRM768	5.5745	-0.1315	-0.1764	0.8625305330409055	0.9998953409918314
ENSG00000004131	SPTB487	2.438	-0.4812	-0.866	0.40108560357857814	0.9998953409918314
ENSG00000004162	RNF322	3.8558	-0.038	-0.0729	0.9428931251938549	0.9998953409918314
ENSG00000004159	GABR865	1.5259	0.325	0.5141	0.6151672557159064	0.9998953409918314
ENSG00000004158	PPP2R781	5.368	0.2374	0.7014	0.49455494831942937	0.9998953409918314
ENSG00000004157	ANAPC735	1.9748	0.4008	0.7722	0.4528405217615923	0.9998953409918314
ENSG00000004156	TRIM839	1.3726	-0.2304	-0.3364	0.7415860520483732	0.9998953409918314
ENSG00000004155	DNMT198	2.9416	-0.4077	-0.4816	0.6375014852168681	0.9998953409918314
ENSG00000004154	CCNB633	4.0573	0.1271	0.2301	0.821366964367884	0.9998953409918314
ENSG00000004151	TRIM154	5.7389	-0.3063	-0.4175	0.6826112382097601	0.9998953409918314
ENSG00000004149	SCN529	1.8624	-0.6282	-0.8906	0.38817412636100457	0.9998953409918314
ENSG00000004147	RPS35	2.9364	-0.8497	-0.9927	0.3377177729086611	0.9998953409918314
ENSG00000004181	PPP1R33	3.8983	0.3729	0.5984	0.5591020556923427	0.9998953409918314
ENSG00000004180	HTR255	3.8735	0.1317	0.1686	0.8685512528684199	0.9998953409918314
ENSG00000004178	OR255	1.2988	0.157	0.3276	0.7480503265320808	0.9998953409918314
ENSG00000004177	HIST1H576	6.8591	0.0742	0.2708	0.7904979781131021	0.9998953409918314
ENSG00000004176	CCNB230	4.4161	-0.0436	-0.0962	0.9247483383335664	0.9998953409918314
ENSG00000004175	TOMM262	4.9888	0.4632	0.9729	0.34713031179433507	0.9998953409918314
ENSG00000004174	RNF42	5.1178	-0.126	-0.2998	0.7687529579437211	0.9998953409918314
ENSG00000004172	MYO440	3.0183	0.1604	0.2191	0.8297416601429035	0.9998953409918314
ENSG00000004171	HDAC220	9.1487	-0.1592	-0.5657	0.5805733519802165	0.9998953409918314
ENSG00000004170	ADRB206	3.3506	0.1611	0.3451	0.7351191064541369	0.9998953409918314
ENSG00000004167	TXN	7.25	-0.1238	-0.4273	0.6756902573619199	0.9998953409918314
ENSG00000004165	DRD153	4.7456	0.2638	0.5047	0.6216167522251002	0.9998953409918314
ENSG00000000038	UGT374	4.0676	-0.5356	-0.7698	0.4541973682421291	0.9998953409918314
ENSG00000000037	ABC647	10.458	-0.0351	-0.3079	0.7627093361289295	0.9998953409918314
ENSG00000000036	ANK268	2.6335	0.2785	0.3654	0.7202894432379143	0.9998953409918314
ENSG00000000035	VCL761	4.8538	-0.0825	-0.2178	0.83069167120181	0.9998953409918314
ENSG00000000034	DNMT385	3.4777	0.5588	0.9822	0.3426862203312052	0.9998953409918314
ENSG00000000033	PPP1R676	7.9143	-0.2063	-0.6756	0.5102776181326627	0.9998953409918314
ENSG00000000032	TRIM620	2.9212	0.7035	0.7552	0.46265249098395	0.9998953409918314
ENSG00000000030	ZNF424	4.828	0.4953	0.9862	0.3407951269453966	0.9998953409918314
ENSG00000000029	PPP2R825	5.8897	-0.0256	-0.0647	0.9493582498851061	0.9998953409918314
ENSG00000000028	RPL476	11.5907	0.0354	0.0883	0.9309001383051997	0.9998953409918314
ENSG00000000027	PLC858	4.4625	0.1023	0.2621	0.7970546428284377	0.9998953409918314
ENSG00000000024	SUZ321	5.7984	-0.1774	-0.4403	0.6664191285401508	0.9998953409918314
ENSG00000000023	H2AF542	2.6291	-0.3916	-0.5247	0.6079981078831322	0.9998953409918314
ENSG00000000022	SPTB760	6.6337	-0.1998	-0.6128	0.5498623782630851	0.9998953409918314
ENSG00000004199	SUZ873	3.5821	-0.1914	-0.3263	0.7490291899061394	0.9998953409918314
ENSG00000004200	TMEM681	4.3023	-0.2859	-0.5611	0.583602595056955	0.9998953409918314
ENSG00000000002	TIMM734	2.2536	-0.0326	-0.0508	0.960170879016907	0.9998953409918314
