gene_id	gene_symbol	mean_expression	log2_fold_change	t_statistic	pvalue	padj
ENSG00000002834	PRKAA1	9.1232	-3.2291	-21.5972	1.4376280374138681e-11	5.595248321614775e-08
ENSG00000000545	CCND1	11.8313	2.9779	20.3267	3.095723859424359e-11	6.024278630439803e-08
ENSG00000002236	TLR4	10.8335	3.0189	17.5321	1.9873230771854653e-10	2.578220472135277e-07
ENSG00000000371	FOXO3	8.3647	3.2735	17.0632	2.7884318193368905e-10	2.713144160214794e-07
ENSG00000000962	MYD88	10.0083	-2.7031	-15.7727	7.417233413318386e-10	5.773574488927031e-07
ENSG00000002909	MYC	8.603	-2.2379	-15.4212	9.805645844256585e-10	6.360595604307772e-07
ENSG00000000209	NLRP3	7.5935	2.4697	14.918	1.4770949126896078e-09	8.21264771455422e-07
ENSG00000004126	STAT5A	6.0577	3.1475	13.8196	3.777924961441717e-09	1.8379604937413952e-06
ENSG00000002056	FOXP3	5.4059	-2.763	-12.3918	1.4200728162833624e-08	6.1410260010831625e-06
ENSG00000001452	SCD	8.5647	-2.6533	-12.0029	2.083610486617248e-08	8.109412013914329e-06
ENSG00000002563	ATM	8.6518	2.2186	11.5918	3.16137339592594e-08	1.0253387714119798e-05
ENSG00000001762	BMP4	9.1512	2.4038	11.6412	3.005129695168123e-08	1.0253387714119798e-05
ENSG00000002358	CD4	7.3184	-2.082	-11.4361	3.714165109116543e-08	1.1119638926678142e-05
ENSG00000000117	TWIST1	6.8055	3.2111	11.3175	4.204270967092458e-08	1.1631331323746643e-05
ENSG00000003882	BRCA2	7.9199	2.2944	11.2566	4.48278442590441e-08	1.1631331323746643e-05
ENSG00000001448	BCL2L1	14.7218	2.2632	10.9913	5.946068761534013e-08	1.3676705151528683e-05
ENSG00000000843	PDHA1	4.9843	-2.4427	-10.987	5.973894850359394e-08	1.3676705151528683e-05
ENSG00000000256	BID	6.4888	2.5009	10.9177	6.437334636194038e-08	1.3918948002259555e-05
ENSG00000003525	HEY1	6.8567	2.9139	10.7845	7.440102873617299e-08	1.4478440192059264e-05
ENSG00000003503	SLC16A1	10.0437	2.4173	10.8162	7.1870467105334e-08	1.4478440192059264e-05
ENSG00000000837	ZEB2	7.8423	-2.0238	-10.5916	9.1989059905982e-08	1.7048639102575332e-05
ENSG00000002701	NDUFA1	9.0545	2.5164	10.2794	1.3057146045537374e-07	2.309927836783248e-05
ENSG00000000062	EIF120	7.728	-1.7255	-10.2298	1.381471039657142e-07	2.337689254932868e-05
ENSG00000003353	TSC1	6.8473	-2.1941	-10.1589	1.4980406186269074e-07	2.4032830584064972e-05
ENSG00000002498	NDUFS1	8.2484	2.2521	10.1327	1.5437326942487776e-07	2.4032830584064972e-05
ENSG00000001060	AXIN2	10.7206	2.4409	10.0154	1.7673236395268807e-07	2.645547540399469e-05
ENSG00000001333	CD19	8.1532	2.3721	9.8351	2.1813590804879423e-07	3.144388718984841e-05
ENSG00000002143	TAZ	5.8257	-2.8569	-9.6333	2.770514851454755e-07	3.85101564352211e-05
ENSG00000003615	NFE2L2	4.6954	-2.8679	-9.4203	3.581432884706123e-07	4.806529926646976e-05
ENSG00000002441	TGFBR1	6.7935	-2.4429	-9.3253	4.0210941035149794e-07	5.2166994169601e-05
ENSG00000003832	GSR	6.2172	3.779	9.0652	5.548922415169457e-07	6.966582593496622e-05
ENSG00000003299	RPL630	6.078	-1.8597	-8.9451	6.453272985761714e-07	7.387099547230762e-05
ENSG00000003407	XRCC1	8.6383	2.6059	8.9461	6.444422910253248e-07	7.387099547230762e-05
ENSG00000001064	G6PD	5.5611	2.0986	8.9556	6.368192241036324e-07	7.387099547230762e-05
ENSG00000002470	LDHA	7.0481	-2.0658	-8.8863	6.951599112680917e-07	7.73017821330118e-05
ENSG00000002452	SIRT1	6.4997	-1.9381	-8.5145	1.122853555314971e-06	0.00012139294548016297
ENSG00000002379	USP194	8.0479	-1.6002	-8.4547	1.21469278702117e-06	0.00012356853309216547
ENSG00000004060	MMP9	9.427	2.7516	8.4771	1.1792854983214642e-06	0.00012356853309216547
ENSG00000003104	FLT1	8.459	2.0321	8.4401	1.2382252802144023e-06	0.00012356853309216547
ENSG00000000659	KEAP1	8.675	2.6883	8.4186	1.273896627605316e-06	0.00012395014186599725
ENSG00000002131	HNF4A	10.0353	1.6182	8.3634	1.3703112103681767e-06	0.0001300792983110474
ENSG00000003390	KRAS	6.9624	2.311	8.0316	2.1416551482855866e-06	0.00019367594535586955
ENSG00000000856	SLC457	7.5942	-2.384	-8.0154	2.1895533390694398e-06	0.00019367594535586955
ENSG00000000581	ACTA2	8.1222	2.6609	8.0482	2.0937136641798276e-06	0.00019367594535586955
ENSG00000002856	SOD2	6.9475	2.3293	7.9578	2.369492981595427e-06	0.0002004797105297696
ENSG00000001011	KIF53	10.7856	1.7394	7.9683	2.3353847017912978e-06	0.0002004797105297696
ENSG00000002491	IL10	6.3656	2.6948	7.9365	2.4396516236150222e-06	0.00020202391742786527
ENSG00000000349	CASP8	7.3122	-2.7304	-7.9107	2.528111699082945e-06	0.00020498772360064211
ENSG00000001212	TUBB851	9.1912	1.9851	7.7277	3.260518291311502e-06	0.00025897830999559927
ENSG00000000268	PALB2	6.4148	-1.7671	-7.6621	3.574906852987513e-06	0.000278270749436548
ENSG00000002263	KIF679	7.7177	1.3154	7.6465	3.654666216037914e-06	0.000278901194369011
ENSG00000004062	ID2	5.958	-1.6343	-7.5173	4.390075488594969e-06	0.0003256767806596423
ENSG00000000824	RNF51	6.1014	-1.8818	-7.5102	4.434961298808079e-06	0.0003256767806596423
ENSG00000003278	SOD1	8.032	3.047	7.4572	4.784072697724686e-06	0.0003448076099915644
ENSG00000000932	ANK809	8.3453	2.1519	7.3727	5.4030573237416446e-06	0.00038233998370913605
ENSG00000003382	COL1A1	7.3012	2.1432	7.2287	6.661802852396293e-06	0.00046299529824154236
ENSG00000001837	KRT581	5.1883	-2.153	-7.0529	8.633905514977202e-06	0.0005895291274437065
ENSG00000001434	CASP9	7.4552	-2.3285	-7.0084	9.224393346889364e-06	0.0006189886018291966
ENSG00000003169	CHEK2	4.8548	-2.5174	-6.9496	1.0072399557724598e-05	0.0006644369335366803
ENSG00000001739	SMARC18	6.4706	2.0576	6.8416	1.1853675485438071e-05	0.000765510629224742
ENSG00000002064	SMARC187	10.3285	1.5651	6.8336	1.1997982626595393e-05	0.000765510629224742
ENSG00000000229	RPL621	10.2165	-1.8853	-6.8147	1.2345818578029963e-05	0.0007749988049305261
ENSG00000000293	TET290	5.7098	2.2698	6.7491	1.3643020826867157e-05	0.0008428355088597933
ENSG00000003903	UQCRC1	7.1288	-2.61	-6.6891	1.4953763559577261e-05	0.0008968527525274508
ENSG00000001689	ABC501	8.6064	1.4121	6.688	1.4978270532961025e-05	0.0008968527525274508
ENSG00000002378	TGFB1	9.0832	1.7907	6.6509	1.5858162246226856e-05	0.0009351510221562867
ENSG00000003189	RPS385	8.3667	1.4863	6.6117	1.6845821919912697e-05	0.000978566252422391
ENSG00000003816	MSH2	8.607	1.7599	6.5731	1.7882047088946243e-05	0.0010086511198576635
ENSG00000002784	THRB	7.2158	2.0772	6.5798	1.7698538220387128e-05	0.0010086511198576635
ENSG00000002948	SMAD2	7.5769	2.1438	6.5328	1.9037682766066457e-05	0.001048013618292339
ENSG00000001866	APC	8.3272	1.5211	6.5301	1.911843959371944e-05	0.001048013618292339
ENSG00000003924	JAK1	5.3274	-2.5911	-6.515	1.957341347184898e-05	0.0010519778104479233
ENSG00000003462	ESR1	6.6892	2.1349	6.5011	2.0001633600500087e-05	0.0010519778104479233
ENSG00000000088	SIRT505	7.0379	2.1599	6.5094	1.974495863114124e-05	0.0010519778104479233
ENSG00000002392	MMP438	6.7908	1.7857	6.4679	2.1065445433705724e-05	0.0010931561817064358
ENSG00000001081	SKP377	5.6026	-1.3146	-6.4482	2.172646140428224e-05	0.00111262352349298
ENSG00000003842	MRPL474	6.9841	-1.8098	-6.3765	2.4317559431569372e-05	0.0012291420949047793
ENSG00000002276	HDAC429	5.7379	-1.7303	-6.2493	2.9750680331387534e-05	0.0014656917449336745
ENSG00000000955	CDH2	8.7473	1.7159	6.257	2.9386716778059632e-05	0.0014656917449336745
ENSG00000001814	CTGF	5.4179	-2.5433	-6.1187	3.66810320430506e-05	0.0017845322088944119
ENSG00000001307	VIM	7.9879	1.9875	6.0369	4.1871868527514095e-05	0.0019890658476328722
ENSG00000001909	WNT5A	3.6275	-2.5014	-6.0364	4.190734828003482e-05	0.0019890658476328722
ENSG00000000354	ADRB12	6.875	2.5572	5.9794	4.597730760031396e-05	0.00215594796602918
ENSG00000000732	NOTCH2	4.9699	-1.9561	-5.9208	5.0603548952393e-05	0.0023446311014608755
ENSG00000003092	RAB11FIP173	5.7722	1.871	5.9056	5.1879937921754296e-05	0.0023754908046055025
ENSG00000003166	GNA611	10.6285	-1.4155	-5.8756	5.4509050336809376e-05	0.0024384968265616334
ENSG00000003139	SDHB	6.5252	3.0268	5.8794	5.4162590545271864e-05	0.0024384968265616334
ENSG00000000832	SEC619	5.2893	-1.8076	-5.8451	5.7319451434660315e-05	0.0025065989324011004
ENSG00000003417	HNF1A	6.2526	2.9864	5.8476	5.7081014825189556e-05	0.0025065989324011004
ENSG00000002070	MAPK339	7.1102	1.9785	5.7673	6.519951197229648e-05	0.0027885329735843722
ENSG00000002252	NR3C1	7.1022	-1.5693	-5.7716	6.473309568152397e-05	0.0027885329735843722
ENSG00000003178	SLC2A1	9.0709	1.4078	5.7077	7.199353513704004e-05	0.0030456395516669545
ENSG00000000793	YAP1	8.6093	1.9557	5.6312	8.184135224351247e-05	0.003425016590663984
ENSG00000002160	ID1	4.1957	-3.4315	-5.5916	8.747822822993131e-05	0.003621970896498858
ENSG00000001498	PGR	5.9771	2.306	5.5725	9.034258486994346e-05	0.003701193055934947
ENSG00000003799	THBS1	3.9144	-2.0896	-5.5002	0.00010211623375125995	0.004139962309998997
ENSG00000003527	TLN562	12.1759	1.4328	5.458	0.00010971156843145862	0.0044020353024251235
ENSG00000001609	SLC7A11	4.6455	-2.2863	-5.4081	0.00011948134079128202	0.004745116105710915
ENSG00000001201	MRPL532	5.3845	-1.1783	-5.3509	0.00013179622503480657	0.005181322301368355
ENSG00000001234	CHRM219	9.0962	0.965	5.3323	0.00013607950693514945	0.0052962144099160165
ENSG00000002451	HDAC584	6.5768	1.5069	5.2716	0.00015109817145804596	0.005822515676383316
ENSG00000000174	CCNB746	6.2513	-1.7019	-5.2606	0.00015399697807419295	0.005876041555536853
ENSG00000002382	RPS68	9.7312	1.3104	5.2369	0.00016046798456158796	0.006063508698191265
ENSG00000002543	ZNF700	3.3532	-1.6878	-5.1854	0.00017550496466677687	0.006534151545304072
ENSG00000001101	LDHB	7.23	1.9069	5.1828	0.0001762810668697142	0.006534151545304072
ENSG00000002943	ADRB441	7.0392	1.3207	5.1564	0.00018460451186205163	0.006778120378934952
ENSG00000002129	GNA192	6.8321	-1.4889	-5.1362	0.00019123623965962446	0.006955994810796808
ENSG00000002612	ACO2	2.6166	-2.5767	-5.0938	0.00020597012528406452	0.007422553033384992
ENSG00000000348	KDR	3.5343	-1.7182	-5.0556	0.00022027879514911826	0.007865367621287781
ENSG00000001766	KMT2454	9.8201	0.9535	5.0395	0.0002266145803766672	0.00801803588023626
ENSG00000003020	SMAD4	6.0581	2.2983	4.9695	0.00025643962720937224	0.008991558820710602
ENSG00000002858	CACN792	6.7148	-1.2562	-4.9126	0.0002836772219935994	0.00985778346427758
ENSG00000003596	KCN832	7.6918	1.4937	4.8735	0.00030413270306087474	0.010428103006293165
ENSG00000003488	BRD723	5.2473	1.9001	4.8711	0.0003054480325584329	0.010428103006293165
ENSG00000003687	TNF	8.0267	-1.278	-4.8413	0.0003220942688481545	0.010900790385713195
ENSG00000002759	TSC2	6.2774	1.6075	4.8063	0.00034293993844173145	0.011407882396711273
ENSG00000003314	ARID74	4.4187	-2.3355	-4.8064	0.0003428713085661143	0.011407882396711273
ENSG00000004108	BIRC5	6.0265	2.304	4.7637	0.00037020762941505756	0.012129131690223722
ENSG00000004153	GRIN9	8.2373	-1.2338	-4.7627	0.0003708547459241066	0.012129131690223722
ENSG00000000214	BRCA1	4.0971	-2.0313	-4.7063	0.0004105372276810387	0.013315090751121689
ENSG00000001589	CCL2	5.4883	2.32	4.6921	0.0004211987414489046	0.013547979353050717
ENSG00000000207	RAB807	4.4702	-1.9685	-4.579	0.0005171091435016343	0.016496629397609514
ENSG00000002546	DHX301	6.2441	-2.0245	-4.5239	0.0005717231216206532	0.01809062105160636
ENSG00000001622	PPP2R890	11.9371	0.9604	4.502	0.0005951306120739729	0.01867942211445083
ENSG00000000300	SCN138	7.5143	-1.4462	-4.476	0.0006240948640760187	0.019277596912570354
ENSG00000000397	COPB747	5.1149	1.1513	4.4794	0.0006202687290181081	0.019277596912570354
ENSG00000000748	ZNF338	2.1665	-2.0635	-4.4446	0.000661133192899093	0.020260869187112365
ENSG00000002585	CXCL8	7.1966	2.1325	4.3996	0.0007182136514946171	0.021838183840758203
ENSG00000001280	KDM444	7.8978	0.9045	4.3771	0.000748583311615141	0.022585164719427352
ENSG00000000513	NQO1	5.6943	-1.1803	-4.3637	0.0007673813764797902	0.022974217825071874
ENSG00000003707	TRIM687	4.6622	-1.6459	-4.3173	0.0008360908984937813	0.02484019677051753
ENSG00000003955	PLC505	5.7352	1.1251	4.2982	0.0008661222165773251	0.025537482325143555
ENSG00000002624	MRPL673	6.7587	1.1194	4.2814	0.0008936383114808804	0.026028867509578512
ENSG00000003465	MAPK727	6.3143	1.2392	4.2782	0.0008988531450256962	0.026028867509578512
ENSG00000000831	RNF177	4.9085	-1.767	-4.2758	0.0009028512625367675	0.026028867509578512
ENSG00000000910	SNX45	1.438	1.5893	4.2666	0.0009185224755985001	0.02628595202227472
ENSG00000002600	JAK2	9.6814	-0.8093	-4.2551	0.0009381812736706126	0.026652565818438133
ENSG00000003378	DHX365	5.1418	-1.3849	-4.1576	0.0011250647848245186	0.03173008798939874
ENSG00000000817	CCNB672	2.1408	1.5365	4.1439	0.0011543763528472774	0.032322537879723764
ENSG00000003450	ARF433	8.996	1.1453	4.0735	0.0013169364336352227	0.03661083285505919
ENSG00000001657	SPTB516	8.5174	1.5262	4.0599	0.0013509500763141814	0.03729005458875741
ENSG00000000698	HTR743	6.4071	1.7572	3.9412	0.0016894168365080907	0.046304298082320346
ENSG00000002406	SLC548	9.3085	-1.2476	-3.9057	0.0018064349812058568	0.04916534927869367
ENSG00000000957	RPS6KB1	7.4283	1.7559	3.8655	0.0019495729363958776	0.05269262408647747
ENSG00000001737	JAG1	5.8407	2.0884	3.8609	0.0019666532665292657	0.0527876862988407
ENSG00000000074	UGT290	7.002	1.6791	3.8328	0.0020741340521565755	0.054972000421003815
ENSG00000001164	HTR301	9.253	-0.6585	-3.8322	0.0020762805914407915	0.054972000421003815
ENSG00000002048	ATAD627	6.6872	1.1639	3.8007	0.00220454119628142	0.05797347524275193
ENSG00000001778	PPP2R135	5.0622	0.9239	3.7727	0.0023249529698558817	0.060729644017980484
ENSG00000003735	PPP2R659	6.401	0.9927	3.7525	0.002416164913736838	0.06233792276840134
ENSG00000000310	VCL821	6.5347	1.5341	3.7519	0.0024185576408089935	0.06233792276840134
ENSG00000001090	SDHA	4.9479	-1.8758	-3.691	0.0027160758054324617	0.06954583575488908
ENSG00000001710	ADIPOQ	4.4042	-1.9669	-3.6657	0.0028504485067148816	0.07250944828845961
ENSG00000000877	VCL312	2.1137	-1.663	-3.6206	0.0031067493150788647	0.07800947312443188
ENSG00000003441	USP895	5.3521	1.4862	3.623	0.0030927501985105648	0.07800947312443188
ENSG00000004119	GABR69	3.1004	-1.1566	-3.5824	0.0033426429348722402	0.0833946557854023
ENSG00000000352	TOMM106	5.9968	1.8077	3.5771	0.0033766476501948276	0.08370645002903356
ENSG00000003053	SMARC305	4.4385	-1.554	-3.5522	0.003541704795810652	0.08724250041325986
ENSG00000002457	H2AF389	4.1146	-1.3737	-3.5481	0.00356946249821157	0.08737325813232345
ENSG00000002241	SIRT779	4.8837	1.3688	3.5397	0.0036269748024403514	0.08822616206936154
ENSG00000001927	HTR771	9.6009	0.6321	3.5087	0.0038494568562470813	0.09305643530753814
ENSG00000000773	BRAF	1.1088	-0.9845	-3.4975	0.003932935336555907	0.09448755759182462
ENSG00000002780	MRPL657	4.6737	1.373	3.4781	0.0040820879543107015	0.09746924121581135
ENSG00000003850	ANK320	6.7148	1.3738	3.4422	0.004373231204889792	0.10378424298433579
ENSG00000001462	ABC607	4.4176	-0.8973	-3.3439	0.005282630064331856	0.12416245188047517
ENSG00000003529	ADRB822	5.1886	0.9155	3.3395	0.005327628330945363	0.12416245188047517
ENSG00000002188	PXN63	2.445	-1.6926	-3.3419	0.005302228168245485	0.12416245188047517
ENSG00000003647	KRT271	7.5464	-1.1851	-3.3214	0.005515864475772926	0.12778419368873944
ENSG00000000643	TOMM70	1.7758	1.5153	3.3156	0.00557728305725232	0.12844251869127826
ENSG00000001035	VCL292	6.5886	0.8176	3.3117	0.005619538795464135	0.12865438230556714
ENSG00000003163	RAB11FIP122	8.2042	0.7855	3.3068	0.0056733128439968765	0.12912592742009266
ENSG00000002781	SPTB4	5.9594	-0.9833	-3.2686	0.0061058781388968865	0.13816324253829468
ENSG00000002568	VCL93	1.5188	1.5819	3.2483	0.006348730106149243	0.14282807845741535
ENSG00000003093	KDM500	6.2301	-0.6248	-3.2392	0.006461496586750277	0.1430258157641295
ENSG00000003345	EIF228	6.6303	1.3973	3.243	0.006413951976943477	0.1430258157641295
ENSG00000001148	HDAC126	4.5754	0.9407	3.2387	0.006467765563845528	0.1430258157641295
ENSG00000004019	CCNB72	2.218	1.1545	3.2254	0.006634985074526146	0.1458947000568122
ENSG00000000353	CEBPA	3.1211	-2.2039	-3.22	0.006704959622659043	0.14660507219881458
ENSG00000001004	CYP602	8.0389	0.8959	3.1934	0.007056234268147749	0.15342381995324603
ENSG00000000372	SIRT632	8.6085	0.7355	3.1674	0.007418305094589603	0.16040024126745964
ENSG00000001564	KRT743	7.4448	0.5897	3.1557	0.00758832296992337	0.1631699060715014
ENSG00000003065	GABR833	1.7326	-1.274	-3.1463	0.007727167932264838	0.1652425142438173
ENSG00000003857	GABR684	4.3696	1.0107	3.1412	0.007803443730350031	0.16556165579409876
ENSG00000000891	DNMT509	3.027	-1.6506	-3.1396	0.007827169749772397	0.16556165579409876
ENSG00000000780	BRD86	7.3156	0.8968	3.1263	0.008029216161891369	0.16891734757881735
ENSG00000001456	GNA792	6.6246	0.6997	3.1144	0.00821536488312076	0.17098502740698396
ENSG00000001449	GABR452	9.0935	0.6092	3.1146	0.008213192288406262	0.17098502740698396
ENSG00000003125	SNX213	7.2647	0.8178	3.1061	0.008347469641543863	0.17281038215366337
ENSG00000000411	EZH494	11.7569	0.4065	3.0674	0.008993571333377097	0.18422620857633507
ENSG00000001454	ARF722	2.3569	1.5218	3.068	0.008982629098511219	0.18422620857633507
ENSG00000001484	RPL670	5.5515	-1.1159	-3.0484	0.009329048104263814	0.1900976713182972
ENSG00000002548	CUL883	4.2649	-1.3942	-3.0296	0.00967154887291227	0.19591939516474002
ENSG00000003245	TRIM147	7.3359	0.8424	3.0273	0.009715427355291578	0.19591939516474002
ENSG00000002196	FBXO679	4.1077	1.2582	3.0028	0.01018366034001044	0.20430312393464245
ENSG00000000752	SPTB533	9.0588	0.4738	2.9998	0.010242604689874478	0.20443188437431523
ENSG00000002657	TLN828	7.5104	1.0351	2.9936	0.010365202690664339	0.20543574210890958
ENSG00000002250	PPP1R706	9.5307	0.6249	2.9893	0.010451253067205575	0.20543574210890958
ENSG00000002682	SMARC569	4.7827	1.6277	2.9917	0.010403470470105834	0.20543574210890958
ENSG00000003661	ABC613	4.588	-0.7221	-2.9822	0.010594778152462753	0.20636396478479221
ENSG00000001115	FBXO114	5.6293	1.4254	2.9792	0.010657542888423235	0.20636396478479221
ENSG00000002559	TUBB299	6.6538	1.0407	2.98	0.010641129090989878	0.20636396478479221
ENSG00000001326	GNA272	5.48	1.2751	2.9689	0.010869118732948822	0.20941886192394463
ENSG00000002272	ANK819	3.1659	1.7735	2.9621	0.011012897712461807	0.21114383200444017
ENSG00000003749	CDK6	6.0584	1.6631	2.9413	0.011462769572357827	0.21869166262557185
ENSG00000002830	COL618	2.8406	1.2091	2.9221	0.011893157647337905	0.22579594908994696
ENSG00000000019	GATA3	3.8077	-1.3222	-2.9191	0.011961124885709508	0.2259839711416573
ENSG00000001177	VCL715	4.6895	-1.0292	-2.9115	0.012136523801184119	0.2281900996821671
ENSG00000001668	TOMM459	4.6983	0.9346	2.909	0.012196002542267636	0.22820597064666173
ENSG00000001266	SEC722	10.0155	-0.3677	-2.9027	0.012343838556519778	0.2298670797223683
ENSG00000001075	SKP516	2.1997	1.3704	2.8837	0.01280183379375538	0.2372606529775997
ENSG00000000071	RNF636	5.4812	1.4669	2.873	0.013068166290145528	0.24104883033766064
ENSG00000002344	UGT698	3.1443	-1.4748	-2.8517	0.013613130476335973	0.24991652742405474
ENSG00000001142	SKP714	8.3498	0.8313	2.8326	0.014121299055346185	0.25026231726253007
ENSG00000002967	UBE2285	6.1359	-0.6558	-2.8456	0.013771818416704351	0.25026231726253007
ENSG00000000448	INS	1.7616	-1.2825	-2.8316	0.014146379701376314	0.25026231726253007
ENSG00000001548	SEC633	5.2531	-0.9434	-2.8434	0.013831945959190876	0.25026231726253007
ENSG00000003508	RNF113	1.5471	-1.2614	-2.8401	0.013917892676412675	0.25026231726253007
ENSG00000000377	DRD848	1.0713	1.3933	2.8422	0.013862845232075734	0.25026231726253007
ENSG00000003812	TRIM210	7.567	0.6248	2.8374	0.013990948275931465	0.25026231726253007
ENSG00000003375	ARID207	5.4038	0.8894	2.8351	0.014052477207002461	0.25026231726253007
ENSG00000000976	CCR7	6.359	1.2606	2.8163	0.014568342096580741	0.2565610291397839
ENSG00000001336	ACTN393	10.253	0.5935	2.7855	0.015451614285308604	0.26865698649762687
ENSG00000000457	EZH329	4.4897	-1.6229	-2.7855	0.015452553676827617	0.26865698649762687
ENSG00000002145	ADAM435	10.8948	0.3543	2.7852	0.015462272604179966	0.26865698649762687
ENSG00000000489	CACN451	3.2163	-1.3562	-2.7797	0.015625273770419886	0.2702825133976631
ENSG00000002098	ARF640	4.4037	-0.9843	-2.776	0.01573558190335987	0.27098621578706467
ENSG00000000890	EZH850	1.4679	-1.2346	-2.7684	0.015966198819078604	0.27374645728570013
ENSG00000000684	SIRT308	4.3439	1.0417	2.7634	0.0161197191406819	0.2751664337523419
ENSG00000003957	HDAC567	7.8413	-0.6099	-2.7509	0.016510781593266355	0.2793911389608376
ENSG00000000902	CACN607	9.0783	-0.4513	-2.7513	0.016497373646400332	0.2793911389608376
ENSG00000002127	VCL160	6.6965	-0.613	-2.7329	0.01708617657462583	0.28787618713612007
ENSG00000002059	VCL472	4.0667	-1.1334	-2.6919	0.018475359600730552	0.3099400843363936
ENSG00000003183	ARF659	1.8875	-1.4793	-2.6887	0.018589813718301016	0.3105216952430367
ENSG00000002383	OR411	4.0769	1.2086	2.6811	0.018860617455734318	0.31369881682785455
ENSG00000000575	EIF566	7.9681	-0.5344	-2.6771	0.019005578720695495	0.31476473353594414
ENSG00000001744	PPP1R889	5.8297	0.9348	2.6723	0.019181301118918182	0.31632891506283717
ENSG00000000995	CACN823	2.9495	-1.4038	-2.6688	0.019309157669265713	0.31709384661933393
ENSG00000002623	GABR22	2.197	1.5575	2.6561	0.01978005164570923	0.3233433485367544
ENSG00000001154	SEC827	6.6427	-0.8142	-2.6541	0.01985587366399905	0.3233433485367544
ENSG00000003579	CDC399	4.8775	0.8345	2.6471	0.02012419548318179	0.3249932316205126
ENSG00000001077	PPP1R769	4.1779	-1.0038	-2.6484	0.020072329525416054	0.3249932316205126
ENSG00000002930	DYNC440	2.7014	-1.6386	-2.6307	0.02075982552965903	0.3338728965348469
ENSG00000004023	SNX412	5.5138	-0.6812	-2.6222	0.021098873888031926	0.33792928877456896
ENSG00000003387	ANK564	2.6057	1.1905	2.6181	0.021261068721082653	0.3391314732067774
ENSG00000002316	KRT645	1.9543	-1.1002	-2.6156	0.02136247044977386	0.33935810200212185
ENSG00000001562	CACN266	1.4185	-0.9988	-2.6115	0.021531229622168833	0.3406485597133378
ENSG00000001722	SMARC627	7.5185	0.5915	2.5963	0.022162257891003307	0.34921258182908854
ENSG00000003331	TET256	9.8916	-0.5013	-2.5939	0.022262683517389706	0.34938050100677714
ENSG00000000299	ZNF52	11.0058	0.3965	2.59	0.02242558871359058	0.35052365973210653
ENSG00000002266	DUSP429	5.2189	-0.9658	-2.5816	0.022785884397276537	0.3537559251882128
ENSG00000001540	HTR264	6.772	-0.8653	-2.581	0.022814166809414546	0.3537559251882128
ENSG00000001168	ADAM229	6.8594	-0.7886	-2.5695	0.023315168637420402	0.35734294009544565
ENSG00000001753	OR553	5.2266	1.1598	2.5694	0.02332094213366989	0.35734294009544565
ENSG00000000225	ADAM372	3.9334	1.7284	2.5734	0.02314327559349917	0.35734294009544565
ENSG00000003826	UBE2551	10.944	-0.5636	-2.5663	0.023458777513514006	0.35777069605355705
ENSG00000003515	SLC521	5.1417	-0.8797	-2.5646	0.023532707654088027	0.35777069605355705
ENSG00000003670	TOMM419	8.667	-0.4177	-2.5604	0.023720371444419276	0.3592205667769643
ENSG00000002986	PPP2R563	6.2313	0.7218	2.54	0.024656190708738476	0.37050924416374575
ENSG00000000931	MRPL368	5.6288	0.768	2.5402	0.02464561782510779	0.37050924416374575
ENSG00000000661	PLC306	2.7835	-1.8915	-2.527	0.02526896229900456	0.37825692795279137
ENSG00000000541	ACTN195	7.8178	-0.4115	-2.5235	0.0254354052442466	0.37875396218621815
ENSG00000000866	GABR161	6.3436	-0.6231	-2.5222	0.02549679807111746	0.37875396218621815
ENSG00000002993	TET777	1.858	-1.4234	-2.5159	0.025804124940021583	0.3816387960769483
ENSG00000002540	RHO624	1.4539	1.6844	2.5142	0.025887112580759084	0.3816387960769483
ENSG00000002532	CHRM323	7.6609	0.5007	2.5019	0.026493331472569614	0.3817818877736196
ENSG00000000839	DRD805	8.7854	0.6066	2.5033	0.02642251786797921	0.3817818877736196
ENSG00000001880	RNF867	5.6745	-0.4958	-2.4943	0.02687775880009552	0.3817818877736196
ENSG00000002356	MRPL417	9.289	0.5832	2.4958	0.026799338020726746	0.3817818877736196
ENSG00000000983	PPP1R573	4.3405	-1.1948	-2.4985	0.02666158576957883	0.3817818877736196
ENSG00000001352	CDC26	5.1994	-0.8921	-2.5103	0.026076641686872428	0.3817818877736196
ENSG00000002116	TLN535	2.6801	-1.0865	-2.5	0.026589065232494016	0.3817818877736196
ENSG00000001334	MYO357	7.7758	0.5106	2.5078	0.02619905039597909	0.3817818877736196
ENSG00000003329	H2AF525	5.7155	-0.7245	-2.4975	0.02671563435987171	0.3817818877736196
ENSG00000001327	HK2	7.1696	-0.4344	-2.4965	0.026764660413280263	0.3817818877736196
ENSG00000002227	ZNF277	6.7081	-0.4977	-2.491	0.027041727927295294	0.3827142003383029
ENSG00000001694	VPS207	1.6868	-1.1192	-2.4854	0.027333067084508424	0.3840443938372086
ENSG00000002808	RNF326	7.6763	-0.448	-2.487	0.02724784949310848	0.3840443938372086
ENSG00000003461	SNX479	6.2117	-0.7212	-2.4815	0.027532443575430245	0.3840726537475789
ENSG00000003161	ATAD25	5.2934	0.8136	2.4817	0.027520121168026192	0.3840726537475789
ENSG00000002500	KRT386	2.3127	-1.5164	-2.4704	0.02811101618278183	0.3899181906899825
ENSG00000003083	KDM662	5.779	0.7965	2.4697	0.028151852924944782	0.3899181906899825
ENSG00000002259	COPB101	1.3545	-1.087	-2.4548	0.028950455694177573	0.39955735305581247
ENSG00000000339	UBE2734	4.9455	1.2237	2.4463	0.029417447378022616	0.4045678628807916
ENSG00000000921	SEC594	6.5059	-0.734	-2.4439	0.02954751743487537	0.40492583752301037
ENSG00000001597	PLC814	1.8026	1.2026	2.4384	0.029858935985100702	0.4077578205403927
ENSG00000000180	DUSP23	4.2356	1.2433	2.433	0.030161704962522545	0.4090221453454277
ENSG00000001732	CDC870	6.5604	-0.6638	-2.4341	0.030099504432137405	0.4090221453454277
ENSG00000001196	SCN725	4.1211	-0.6814	-2.4249	0.03062024754482612	0.4123667939254784
ENSG00000001507	MRPS87	4.7796	1.3677	2.4264	0.030537397028851332	0.4123667939254784
ENSG00000000287	ANK441	1.9789	1.1444	2.4038	0.031857031280280036	0.42177397708896774
ENSG00000002937	ARID346	9.0812	-0.5773	-2.4045	0.031815435282758216	0.42177397708896774
ENSG00000000338	HDAC84	4.2825	-0.8438	-2.4087	0.03156570362962562	0.42177397708896774
ENSG00000003100	CUL246	4.9246	0.8232	2.4062	0.03171340591283936	0.42177397708896774
ENSG00000002658	ANAPC628	2.48	1.0807	2.4037	0.03186062416859109	0.42177397708896774
ENSG00000004132	PXN361	6.5605	1.3643	2.3926	0.032531905561499076	0.42920059811984546
ENSG00000002267	UBE2818	3.9455	0.8642	2.3823	0.033162438352702765	0.43604125023215934
ENSG00000001203	MYO655	5.9361	-1.0167	-2.3742	0.033673314775661864	0.43932086616538013
ENSG00000000529	RNF448	3.2284	-1.2376	-2.3764	0.033533654373221054	0.43932086616538013
ENSG00000000657	DHX719	9.0539	0.4937	2.3729	0.03375049819718619	0.43932086616538013
ENSG00000002244	TOMM770	1.7769	1.5383	2.3672	0.03411580860435497	0.4425957569604986
ENSG00000002523	TIMM572	4.7802	2.0158	2.3635	0.03434723708164388	0.44264717457535757
ENSG00000000864	RAB11FIP442	3.3015	-1.2988	-2.3639	0.034326151902823225	0.44264717457535757
ENSG00000000231	CDC83	8.9164	-0.5103	-2.3476	0.035386333568650036	0.4486111083035373
ENSG00000000673	MRPL697	6.3839	-0.6302	-2.3516	0.035118464791031645	0.4486111083035373
ENSG00000002063	VCL460	9.1346	-0.4638	-2.3509	0.035165207891482184	0.4486111083035373
ENSG00000003716	CHRM462	4.227	1.3488	2.3546	0.03492608029441015	0.4486111083035373
ENSG00000003679	CYP420	5.8551	1.0953	2.3485	0.0353225357027175	0.4486111083035373
ENSG00000003628	ADRB858	7.7411	-0.5768	-2.3413	0.03580491242958566	0.4524438934284006
ENSG00000000493	USP830	4.2907	-0.8922	-2.3369	0.03609618166151128	0.4538453063229553
ENSG00000003618	KCN836	5.3975	0.7025	2.3361	0.036149035190163444	0.4538453063229553
ENSG00000002820	CHRM261	4.9231	-0.9327	-2.3343	0.03627109430900362	0.45391350177055334
ENSG00000000683	USP346	1.6037	-1.4099	-2.3288	0.03664123511295162	0.45561561360897035
ENSG00000001610	KDM609	7.8936	-0.6837	-2.3293	0.036608424381996754	0.45561561360897035
ENSG00000001895	COL580	3.0148	-1.4688	-2.3231	0.037033969090884945	0.4590325086042172
ENSG00000001340	ZNF88	4.9019	0.8804	2.3212	0.03716437075135711	0.45918644750565674
ENSG00000000439	MRPL201	3.5553	1.0935	2.3169	0.03746530010570762	0.45998406312748913
ENSG00000001396	DNMT554	5.0408	-0.8784	-2.3174	0.037426515443992434	0.45998406312748913
ENSG00000001128	CHRM539	6.3119	0.8438	2.3132	0.03772282401429991	0.46168940586055107
ENSG00000001136	SEC744	5.3457	1.1861	2.2997	0.03868299628420911	0.470849518770068
ENSG00000001646	SEC517	7.1921	-0.6973	-2.2992	0.03871321839836119	0.470849518770068
ENSG00000000975	KIF699	5.7298	-0.701	-2.2871	0.03959614312938458	0.47859686043343097
ENSG00000003360	SPTB785	9.6098	-0.417	-2.2879	0.03953959948878718	0.47859686043343097
ENSG00000000572	GRIN527	1.7646	1.0559	2.2834	0.03986625637864883	0.4803698756213661
ENSG00000002650	KRT179	1.2834	-1.144	-2.2741	0.040561589494577756	0.48055625993743417
ENSG00000000253	GNA598	7.847	-0.622	-2.277	0.040340697119236955	0.48055625993743417
ENSG00000001131	OR887	4.8518	0.5227	2.2748	0.04050653886685171	0.48055625993743417
ENSG00000002029	ZNF500	6.5926	0.6451	2.2755	0.040453158738400406	0.48055625993743417
ENSG00000003646	GRIN438	1.0357	-1.0178	-2.2716	0.0407460343729068	0.48055625993743417
ENSG00000000993	SUZ852	5.5536	0.9244	2.2725	0.04068189280509595	0.48055625993743417
ENSG00000003071	TLN818	10.1658	-0.5218	-2.2718	0.04073500161752797	0.48055625993743417
ENSG00000000098	RAB11FIP674	4.0673	-1.0512	-2.2671	0.0410905730365429	0.4817003321030872
ENSG00000000699	COPB184	7.2286	-0.5245	-2.2675	0.04105668023615425	0.4817003321030872
ENSG00000001937	SLC737	9.1386	0.5875	2.2519	0.04225786661156573	0.49241801452758627
ENSG00000001495	DHX312	3.3929	-1.0395	-2.2528	0.04218703140790463	0.49241801452758627
ENSG00000000239	MAPK713	8.8231	-0.4032	-2.2491	0.04247727507642598	0.49349717790283554
ENSG00000002296	H2AF92	3.0262	-1.1183	-2.2413	0.04309665517962412	0.4992029224973127
ENSG00000000944	PXN313	3.1106	-1.4833	-2.2344	0.04364660769864517	0.5040729886146202
ENSG00000000149	PPP2R239	4.4698	-1.2101	-2.2325	0.04379776056054638	0.5043221423125637
ENSG00000003030	KDM691	9.6575	-0.4495	-2.2296	0.04403599234519506	0.505569564033921
ENSG00000001237	COL741	2.0885	-1.2827	-2.2256	0.04435617506421954	0.5062587488268107
ENSG00000004106	MYO766	4.27	1.1919	2.2264	0.04429716892893193	0.5062587488268107
ENSG00000000445	DUSP640	8.7794	-0.4613	-2.2222	0.04463587256876874	0.5079282424387876
ENSG00000001421	HMOX1	7.0861	-0.4681	-2.2207	0.04476346021492913	0.5079282424387876
ENSG00000002462	KIF240	7.7942	-0.5913	-2.2172	0.04504628462968392	0.5096515691242146
ENSG00000003791	RNF85	2.6582	-0.8459	-2.2135	0.04535907653816442	0.5102240632558842
ENSG00000001185	CUL688	6.6249	0.4859	2.2147	0.04525911492896428	0.5102240632558842
ENSG00000002980	RHO401	5.0583	-1.3379	-2.2088	0.04575237406864165	0.5116903444688314
ENSG00000002124	KDM86	9.2666	0.5414	2.2097	0.04567473731682242	0.5116903444688314
ENSG00000003120	ABC270	10.5366	0.3629	2.2001	0.046486030818053185	0.5129245372003225
ENSG00000000244	ATAD79	4.8928	-0.8865	-2.1998	0.04651578956332992	0.5129245372003225
ENSG00000001705	DHX870	5.0743	0.7829	2.2024	0.04629694081456139	0.5129245372003225
ENSG00000001113	SUZ684	5.5613	0.5866	2.2007	0.04643890529680793	0.5129245372003225
ENSG00000002831	H2AF466	4.0117	-1.3637	-2.1997	0.04652167565049174	0.5129245372003225
ENSG00000001583	HTR213	4.4263	0.845	2.1905	0.047311187968433935	0.5201557728054941
ENSG00000002756	HTR484	6.1162	0.8819	2.1853	0.04776689731679338	0.520752841336022
ENSG00000001346	MRPS597	8.7448	0.5518	2.1864	0.047673507737191985	0.520752841336022
ENSG00000003140	CDC373	4.4914	-0.9522	-2.1857	0.04773804032517215	0.520752841336022
ENSG00000002942	MAPK39	3.2326	1.361	2.1779	0.04841921856516898	0.5263899403788762
ENSG00000002826	TLN425	1.6066	-1.56	-2.1716	0.04898467051044619	0.5310538652553108
ENSG00000002420	PPP2R847	6.8364	0.7801	2.1616	0.04989059621778808	0.5393727791100867
ENSG00000000469	GNA742	3.7162	-1.3169	-2.1559	0.05040757510895827	0.5418427448160207
ENSG00000001903	GABR478	2.6505	1.2138	2.157	0.05031060122791446	0.5418427448160207
ENSG00000000642	CUL518	8.9375	-0.4095	-2.1545	0.05053672054681796	0.5418427448160207
ENSG00000001656	SEC390	10.8674	0.3924	2.1461	0.05131883627126513	0.5437726475843998
ENSG00000003570	SMO	9.5551	-0.3756	-2.1455	0.051376750591796555	0.5437726475843998
ENSG00000001097	TUBB394	4.8659	-0.8706	-2.1458	0.051344243073212906	0.5437726475843998
ENSG00000003472	MRPS327	5.4784	0.7589	2.1436	0.05155501206542742	0.5437726475843998
ENSG00000002816	COL489	6.7017	-0.5919	-2.149	0.05104866751846513	0.5437726475843998
ENSG00000003312	DUSP715	3.3835	1.0914	2.1443	0.05149165230063996	0.5437726475843998
ENSG00000001110	KRT465	4.0656	0.7113	2.1415	0.05174973556167138	0.5443512724487163
ENSG00000002270	ARF210	8.1808	0.5289	2.1345	0.052418352808405996	0.5498981917259195
ENSG00000003622	COPB115	9.4838	-0.2412	-2.1322	0.05263528219251216	0.5506895653044551
ENSG00000000316	HDAC865	2.5578	0.878	2.1268	0.05315587404728551	0.55464520587677
ENSG00000003730	USP310	6.7618	-0.601	-2.1248	0.053347510251402025	0.5551564435787611
ENSG00000000095	BRD275	6.0077	0.796	2.1197	0.05384630545446561	0.5588528555434137
ENSG00000002670	GABR211	4.4322	-0.9816	-2.1174	0.05407851820376522	0.5597701937474846
ENSG00000001337	ADRB697	7.8247	0.4908	2.107	0.05510673388176903	0.5654362191509963
ENSG00000001800	TLN281	1.2803	-0.9239	-2.11	0.05480428250791881	0.5654362191509963
ENSG00000002530	TIMM321	4.6552	1.0189	2.106	0.05520703064680848	0.5654362191509963
ENSG00000000346	VPS453	11.0918	-0.4205	-2.1073	0.05507369286806694	0.5654362191509963
ENSG00000000476	SNX867	7.7747	-0.4822	-2.101	0.05570640973935496	0.5690534034266915
ENSG00000002883	ACACA	12.6449	0.3819	2.083	0.05756425120772187	0.579546725123464
ENSG00000003571	ADRB840	6.379	0.3492	2.0855	0.05729716780356979	0.579546725123464
ENSG00000000378	TOMM581	3.4656	-1.1609	-2.0832	0.0575358289134353	0.579546725123464
ENSG00000002298	MAPK471	6.2219	-0.6316	-2.081	0.057766969943044304	0.579546725123464
ENSG00000002609	OR178	5.504	-0.6669	-2.0853	0.05732182282213158	0.579546725123464
ENSG00000000665	ANK461	6.9538	0.5595	2.0885	0.056990525099176244	0.579546725123464
ENSG00000004130	ANK604	5.1101	0.7378	2.0809	0.057775983902339165	0.579546725123464
ENSG00000003649	DRD448	4.8791	0.6055	2.076	0.05829681084887885	0.5832678350227158
ENSG00000004009	MRPS476	5.0654	0.8909	2.0688	0.059058737860563745	0.5878685620289363
ENSG00000002030	PPP2R829	7.0219	-0.7006	-2.0689	0.05904531009992694	0.5878685620289363
ENSG00000001731	CUL657	5.4363	-0.5019	-2.0637	0.0596067620860048	0.5888058833470322
ENSG00000001907	SMARC769	4.3305	0.5872	2.0656	0.059398765540674546	0.5888058833470322
ENSG00000001220	UBE2266	3.2408	1.1538	2.0649	0.05947314422825366	0.5888058833470322
ENSG00000003453	ARID858	4.514	-0.9558	-2.0559	0.06045406402637175	0.5941596393703001
ENSG00000001703	RPS18	13.8818	-0.2397	-2.0568	0.06035708249290232	0.5941596393703001
ENSG00000002320	SLC460	6.6378	-0.5121	-2.0474	0.06137894670649797	0.6017301274097987
ENSG00000000543	ZNF480	8.3867	-0.3382	-2.0286	0.06349894024412571	0.6146008617223717
ENSG00000002342	MRPL81	8.5104	0.5091	2.0219	0.06427095342266323	0.6146008617223717
ENSG00000003784	SIRT104	2.6307	1.3541	2.031	0.06322243958120564	0.6146008617223717
ENSG00000000697	SLC474	3.7198	-0.8422	-2.0222	0.0642267510454088	0.6146008617223717
ENSG00000003184	SUZ288	1.7954	1.1579	2.025	0.06391156669594475	0.6146008617223717
ENSG00000003744	ATAD50	4.794	-0.755	-2.0247	0.06394507244740012	0.6146008617223717
ENSG00000001308	KCN126	5.4211	-0.6945	-2.0219	0.06426652857749084	0.6146008617223717
ENSG00000002684	TET341	9.7438	0.251	2.0272	0.06365975928793846	0.6146008617223717
ENSG00000003487	SCN416	4.545	0.8611	2.0236	0.06407149504205392	0.6146008617223717
ENSG00000000456	RPL710	4.723	0.7561	2.0238	0.06405186383707766	0.6146008617223717
ENSG00000001324	CDC210	1.9729	-1.374	-2.0158	0.06497492715420164	0.6198098443239038
ENSG00000002132	BRD640	9.3543	-0.5995	-2.0123	0.06538143776990939	0.622162728118551
ENSG00000003257	SKP190	7.2215	0.6277	2.0075	0.06594753737383577	0.6250475859570978
ENSG00000000408	SIRT743	3.3348	1.2351	2.007	0.06600579594767912	0.6250475859570978
ENSG00000002467	PPP2R325	5.5728	0.6364	2.0036	0.06641050807010285	0.6273536344874764
ENSG00000000727	CACN35	2.2374	0.8187	1.9996	0.0668838006609168	0.628772348242242
ENSG00000001915	RPS67	4.8232	-0.6772	-2.0007	0.06676028240295837	0.628772348242242
ENSG00000000550	ARID241	7.9849	-0.4391	-1.994	0.0675608267036479	0.6290591806952096
ENSG00000003855	PPP2R112	5.502	-0.6047	-1.9966	0.06724732244429003	0.6290591806952096
ENSG00000003016	SEC335	1.0857	-0.8777	-1.9943	0.06752756805445354	0.6290591806952096
ENSG00000000663	RAB11FIP696	4.3528	0.8379	1.9951	0.06742439092343945	0.6290591806952096
ENSG00000003895	TIMM784	9.1582	0.3464	1.9722	0.0702502147203055	0.6317492975557666
ENSG00000002073	PPP1R672	7.1077	-0.6068	-1.9882	0.06826868205621381	0.6317492975557666
ENSG00000000578	SMARC753	3.333	-1.2321	-1.9857	0.06856780692597024	0.6317492975557666
ENSG00000003700	DNMT80	4.5099	0.7428	1.9885	0.06823428513245842	0.6317492975557666
ENSG00000003395	ANAPC61	7.3097	0.5464	1.9817	0.06905914165434698	0.6317492975557666
ENSG00000003781	UBE2406	3.1927	0.8617	1.9821	0.06901351962464405	0.6317492975557666
ENSG00000000644	ABC665	7.4311	-0.5944	-1.9743	0.06998576905605344	0.6317492975557666
ENSG00000002844	ADAM307	3.9138	0.7372	1.9759	0.06978323188060068	0.6317492975557666
ENSG00000002508	TMEM393	2.0123	1.1906	1.9776	0.06956706662355794	0.6317492975557666
ENSG00000001930	OR681	9.5276	-0.358	-1.9735	0.07007885794213647	0.6317492975557666
ENSG00000001955	RHO578	4.7373	0.7376	1.9742	0.06999886276634044	0.6317492975557666
ENSG00000003143	SNX446	1.3729	-1.0874	-1.9842	0.06875300690551191	0.6317492975557666
ENSG00000002211	DRD731	6.4802	-0.7478	-1.9809	0.06916616914137558	0.6317492975557666
ENSG00000002972	SNX357	2.0167	0.8961	1.9865	0.0684798309963968	0.6317492975557666
ENSG00000001546	LEP	4.0477	-1.1451	-1.9719	0.07028454415253005	0.6317492975557666
ENSG00000000332	FBXO538	5.609	0.8303	1.97	0.07052025414354603	0.6324074403840579
ENSG00000001948	PPP1R681	1.713	1.07	1.9676	0.07082459289493112	0.6336765874645331
ENSG00000001516	GRIN536	3.7424	-1.3003	-1.9593	0.07187915325618568	0.6401685685882716
ENSG00000001486	SKP388	2.5575	1.3115	1.9604	0.07173533163656726	0.6401685685882716
ENSG00000002214	TIMM685	9.236	-0.3103	-1.9559	0.07231305843331476	0.6410989144019614
ENSG00000000796	PLC536	2.6582	-1.2371	-1.9566	0.07222060022286848	0.6410989144019614
ENSG00000002021	ABC111	1.6708	0.7622	1.9526	0.07274022709813088	0.6434203724225578
ENSG00000002507	UGT525	8.2235	0.4966	1.9488	0.07322932658456315	0.6459025303316261
ENSG00000001438	SKP890	4.2991	-0.8186	-1.9479	0.07335275395852486	0.6459025303316261
ENSG00000001033	RNF550	3.5884	-0.679	-1.9358	0.07494729647235823	0.6482108397120405
ENSG00000001029	SKP73	7.9387	0.4188	1.9405	0.07432661834754227	0.6482108397120405
ENSG00000000467	ABC135	5.7822	-0.4976	-1.9388	0.07454875059794965	0.6482108397120405
ENSG00000002170	RPS162	2.9006	1.1518	1.9362	0.07488902808039628	0.6482108397120405
ENSG00000002989	TLN184	4.7031	-0.7505	-1.9373	0.07474800684923724	0.6482108397120405
ENSG00000003539	MRPL846	6.7965	0.5607	1.9443	0.07381761217359703	0.6482108397120405
ENSG00000002090	ABC391	1.902	1.1514	1.9368	0.07481048354441437	0.6482108397120405
ENSG00000002941	SCN420	3.6117	-0.8867	-1.9409	0.07426216363044708	0.6482108397120405
ENSG00000003531	KIF69	2.881	0.9105	1.9321	0.07543875214830265	0.6487094442368703
ENSG00000000362	SCN240	2.3824	1.3767	1.9314	0.07552540676454439	0.6487094442368703
ENSG00000001953	HTR340	2.1616	1.1716	1.9331	0.07530912578438378	0.6487094442368703
ENSG00000002277	RAB11FIP418	4.3177	-1.3723	-1.9303	0.07567165665044684	0.6487094442368703
ENSG00000003795	SMARC534	8.4643	-0.5451	-1.9266	0.07618017158368412	0.6515700116475821
ENSG00000000224	HIST1H330	1.9035	-1.1567	-1.9241	0.07650757844885535	0.6515700116475821
ENSG00000003693	MRPS153	3.0765	-1.0146	-1.9247	0.07643576959050011	0.6515700116475821
ENSG00000002085	HTR778	6.2184	0.4206	1.9212	0.0769056494803925	0.6535301043180951
ENSG00000002262	KRT768	2.6706	1.1531	1.9185	0.07728127055937595	0.6548583424338268
ENSG00000003217	RPS480	4.9309	-0.558	-1.9176	0.07739846801633102	0.6548583424338268
ENSG00000003179	COL332	2.2872	0.8111	1.9103	0.0784072105527592	0.657674274722713
ENSG00000000422	TRIM895	4.472	-0.9685	-1.9129	0.07804938139276839	0.657674274722713
ENSG00000003086	VPS770	2.8062	-0.9854	-1.9124	0.07810935219614493	0.657674274722713
ENSG00000001901	ABC38	2.7974	-1.0112	-1.9105	0.07837484360958412	0.657674274722713
ENSG00000003692	DUSP495	3.1329	0.7906	1.9082	0.07869514388036757	0.6586698924352485
ENSG00000001102	ADRB108	3.4863	1.3074	1.9042	0.07925723744014297	0.6605335505718126
ENSG00000003668	ZNF749	9.9686	-0.3434	-1.9043	0.07923720877920244	0.6605335505718126
ENSG00000003950	VCL708	1.4639	0.8336	1.8992	0.07995316787776943	0.6649096781629885
ENSG00000002935	KRT80	2.2647	1.1147	1.8964	0.0803499668518777	0.6651880970161944
ENSG00000003939	SUZ52	2.3612	-1.0296	-1.8953	0.08049938173037707	0.6651880970161944
ENSG00000002915	FBXO875	8.5695	-0.4679	-1.8971	0.08024630112969944	0.6651880970161944
ENSG00000003906	GABR623	7.3105	-0.7502	-1.8934	0.08077031275257977	0.6660128331208485
ENSG00000003747	TLN29	3.5951	0.9385	1.8908	0.08114824765223012	0.6673658593661385
ENSG00000000260	TIMM841	7.425	-0.5731	-1.8891	0.08138601848263506	0.6673658593661385
ENSG00000000637	TOMM780	3.9792	0.6862	1.8858	0.08185750189177493	0.6673658593661385
ENSG00000002711	DHX595	9.7647	0.2894	1.8846	0.08203697595445628	0.6673658593661385
ENSG00000000516	RNF540	6.3384	-0.5149	-1.8852	0.08195497598671415	0.6673658593661385
ENSG00000001395	CCNB831	3.5254	0.8317	1.8847	0.08202580219282196	0.6673658593661385
ENSG00000003286	ABC749	6.3984	0.3465	1.8839	0.08213469851911108	0.6673658593661385
ENSG00000000481	RPS120	1.4315	0.6569	1.8825	0.08234302094664397	0.6676646615090382
ENSG00000001730	CDC725	5.557	-0.6332	-1.8796	0.0827618305195024	0.66966537293535
ENSG00000002335	RHO538	2.6615	1.3663	1.8715	0.08394040242542469	0.6717377942357674
ENSG00000002038	TIMP1	6.346	-0.4991	-1.8717	0.08391094184028333	0.6717377942357674
ENSG00000003194	SKP534	2.1274	1.1024	1.8722	0.08384449890349151	0.6717377942357674
ENSG00000003594	SIRT890	6.4666	0.4788	1.8704	0.08410767624723473	0.6717377942357674
ENSG00000000102	MRPL211	5.6998	-0.6223	-1.8721	0.08386292556992779	0.6717377942357674
ENSG00000001174	IDH2	2.5058	0.8196	1.8757	0.08332683972675835	0.6717377942357674
ENSG00000004024	H2AF231	3.0896	0.8751	1.8696	0.08422611602956179	0.6717377942357674
ENSG00000002023	SIRT110	2.5909	-0.8384	-1.8655	0.08483981886414915	0.6736574750406896
ENSG00000003285	TET316	6.6269	-0.4994	-1.8645	0.08498607919963479	0.6736574750406896
ENSG00000002232	ANK596	7.9823	-0.3082	-1.8654	0.08484654837067698	0.6736574750406896
ENSG00000002235	SIRT782	5.0853	0.6566	1.8629	0.08522445167881779	0.6741739144999164
ENSG00000001293	DDX60	5.7746	0.533	1.8592	0.08577921397718909	0.6771860056779309
ENSG00000001618	DHX836	2.0492	1.1348	1.8571	0.0860947928149617	0.6783014850927752
ENSG00000002373	CACN585	12.1347	-0.3177	-1.8495	0.08724645730430636	0.6794285545492689
ENSG00000003845	MAPK638	6.1601	0.4699	1.8542	0.08653258330042493	0.6794285545492689
ENSG00000003270	MAPK616	2.1504	-0.804	-1.8501	0.08716023727334825	0.6794285545492689
ENSG00000002156	ARID852	7.693	0.3686	1.8478	0.08750093694301854	0.6794285545492689
ENSG00000001607	SIRT752	5.9115	0.8252	1.8499	0.08718816165503512	0.6794285545492689
ENSG00000004046	PPP1R784	4.0695	-0.8528	-1.8506	0.0870837438728544	0.6794285545492689
ENSG00000003572	DYNC750	1.2214	-0.853	-1.8479	0.08748411661199183	0.6794285545492689
ENSG00000001403	MMP724	1.2477	-0.8596	-1.847	0.08763441273991084	0.6794285545492689
ENSG00000004093	GNA174	6.5985	-0.5963	-1.8449	0.08795051634628177	0.680523677176399
ENSG00000000759	RAB11FIP479	4.4053	-0.8263	-1.8418	0.08842397970572681	0.6815029197964921
ENSG00000001018	ATAD407	1.7584	-0.7686	-1.841	0.08855444403842089	0.6815029197964921
ENSG00000002513	OR97	9.0515	0.3773	1.8395	0.08877748723967664	0.6815029197964921
ENSG00000004091	RPL59	6.4843	0.6352	1.8404	0.08863685161772969	0.6815029197964921
ENSG00000003279	VPS747	3.8003	-0.8672	-1.836	0.08932316162695579	0.6840303160756611
ENSG00000003296	COL637	6.5702	0.5787	1.8341	0.08962188348581886	0.6840303160756611
ENSG00000001576	MT-CYB	12.7343	-0.4148	-1.8333	0.08974740834908265	0.6840303160756611
ENSG00000001601	COPB669	7.7611	0.4056	1.8329	0.08980973574374687	0.6840303160756611
ENSG00000004166	RPS646	8.1948	-0.4602	-1.8318	0.08998895434533885	0.6840566607657399
ENSG00000000755	CCNB881	1.9818	-1.3289	-1.8287	0.09046464662445902	0.6863321728311784
ENSG00000003171	H2AF177	3.6091	-0.9425	-1.8258	0.09093308954350064	0.6878256543887973
ENSG00000001958	USP518	12.7989	-0.4293	-1.8219	0.0915451410517464	0.6878256543887973
ENSG00000004074	ARF635	9.1321	0.3649	1.8228	0.09141042828952073	0.6878256543887973
ENSG00000001662	OR472	3.5021	0.742	1.824	0.09121179163568385	0.6878256543887973
ENSG00000003883	RAB240	8.5495	-0.5322	-1.8233	0.09131894850176879	0.6878256543887973
ENSG00000001759	PPP2R886	4.893	-0.8792	-1.8183	0.09212947219433629	0.6895536649622247
ENSG00000001986	PXN173	1.7684	-1.0568	-1.8187	0.09206850137393718	0.6895536649622247
ENSG00000003282	SIRT305	10.706	0.4275	1.8163	0.09244362269695901	0.6905769280932139
ENSG00000004064	EZH173	6.6602	0.9653	1.8137	0.0928626529508832	0.6923782476721022
ENSG00000003371	TOMM392	5.6035	-0.6384	-1.8082	0.09375039410820613	0.6963292631090425
ENSG00000002904	CYP117	6.8207	0.2946	1.8093	0.09358256955120739	0.6963292631090425
ENSG00000002402	KCN67	7.0455	-0.3636	-1.8034	0.09453585300882379	0.6970416365202
ENSG00000000139	ADAM88	6.4452	-0.7527	-1.8061	0.09410568659432239	0.6970416365202
ENSG00000000274	EZH51	5.5818	-0.7075	-1.8027	0.09466153829039074	0.6970416365202
ENSG00000001975	SEC210	3.2543	-1.0116	-1.8038	0.09447981518145424	0.6970416365202
ENSG00000001943	BRD431	5.6636	-0.599	-1.8022	0.09474178461438484	0.6970416365202
ENSG00000001850	ZNF586	2.7517	-1.0317	-1.8002	0.09505843005168997	0.6975579025992446
ENSG00000002900	SLC707	3.3543	1.0959	1.7996	0.09517041271330906	0.6975579025992446
ENSG00000001555	PXN347	1.8289	-1.0022	-1.7976	0.09549940839999632	0.6986535667157626
ENSG00000002348	ANGPT2	4.4035	-0.8534	-1.7947	0.09598182942324705	0.6986849250966468
ENSG00000000873	DRD663	4.2413	-0.7187	-1.7943	0.09604224946729344	0.6986849250966468
ENSG00000000569	RAB11FIP130	4.4873	-0.8688	-1.7953	0.09586931775531352	0.6986849250966468
ENSG00000000660	KMT2537	1.379	0.9633	1.7918	0.09645656436187408	0.7003898292843543
ENSG00000002580	RHO454	2.8111	-0.926	-1.7888	0.09695555304857109	0.7027020716294948
ENSG00000002247	SLC522	5.1908	0.7572	1.7872	0.09723320125080362	0.7034044967809064
ENSG00000003627	HDAC804	4.2247	0.9011	1.7784	0.0987254977244914	0.7042096558726886
ENSG00000002333	USP560	9.1282	-0.3962	-1.7824	0.09804785815606086	0.7042096558726886
ENSG00000002863	HTR315	3.7542	-1.4428	-1.7818	0.09814591118099655	0.7042096558726886
ENSG00000003655	SPTB605	4.936	0.6137	1.7787	0.0986756419252142	0.7042096558726886
ENSG00000001298	COPB877	7.0072	-0.5278	-1.7769	0.09897293981561169	0.7042096558726886
ENSG00000002468	KDM175	7.4578	0.4913	1.7836	0.09783301073377586	0.7042096558726886
ENSG00000003952	TET86	5.387	-0.4576	-1.7824	0.09803455081931231	0.7042096558726886
ENSG00000002740	H2AF363	4.8178	0.4721	1.777	0.09895046503078775	0.7042096558726886
ENSG00000001750	HTR842	2.7993	-1.4379	-1.781	0.09827421848719724	0.7042096558726886
ENSG00000002397	MAPK672	5.53	0.5955	1.774	0.09947420662119791	0.7064846937403326
ENSG00000001865	SUZ37	2.8119	-1.183	-1.7727	0.09970326319719705	0.7068216764362312
ENSG00000000584	RAB11FIP454	7.6345	-0.3602	-1.7705	0.10006718785181534	0.7081118093077551
ENSG00000000193	KIF738	3.5361	1.1513	1.7603	0.101853776443832	0.7112523042565225
ENSG00000001592	RAB255	7.9634	0.3729	1.7523	0.10326502534684044	0.7112523042565225
ENSG00000004021	MMP2	3.6187	0.6094	1.762	0.10155674226265692	0.7112523042565225
ENSG00000001922	ACTN734	3.9026	-0.7057	-1.7609	0.10175097866781391	0.7112523042565225
ENSG00000000188	RNF521	6.5833	-0.9388	-1.7489	0.10386338910222076	0.7112523042565225
ENSG00000002558	SLC155	3.2419	1.1729	1.7462	0.10434868081461315	0.7112523042565225
ENSG00000002928	SUZ707	3.4449	-1.0575	-1.7575	0.10233437884346153	0.7112523042565225
ENSG00000003853	RPS378	4.8306	-0.7433	-1.7567	0.10247548150685888	0.7112523042565225
ENSG00000002642	RNF694	3.3323	-0.9034	-1.7581	0.1022313302007371	0.7112523042565225
ENSG00000002407	KIF171	5.1282	-1.001	-1.7467	0.10426312408445583	0.7112523042565225
ENSG00000002238	VCL854	7.1046	0.4375	1.7611	0.1017013330778136	0.7112523042565225
ENSG00000002743	TMEM887	7.2018	-0.4427	-1.7523	0.10326282515631888	0.7112523042565225
ENSG00000000296	ANAPC653	6.434	-0.4601	-1.7543	0.1029126612999359	0.7112523042565225
ENSG00000000290	PPP2R767	9.51	0.4023	1.7555	0.1026893654193326	0.7112523042565225
ENSG00000002226	UBE2870	5.1835	-0.735	-1.7479	0.10404125313575666	0.7112523042565225
ENSG00000003733	FBXO121	2.1618	-0.9892	-1.7516	0.10338446538798428	0.7112523042565225
ENSG00000000076	CHRM770	6.4508	-0.4013	-1.7606	0.10179176555745588	0.7112523042565225
ENSG00000001843	PRKC825	3.8723	1.3221	1.7497	0.10371460217838624	0.7112523042565225
ENSG00000003035	SUZ734	3.9714	0.8024	1.747	0.10420551697362027	0.7112523042565225
ENSG00000002150	PPP2R395	7.3244	-0.2476	-1.7591	0.1020596417119146	0.7112523042565225
ENSG00000002465	ACTN374	6.7077	-0.4774	-1.7615	0.10163566480469619	0.7112523042565225
ENSG00000004085	OR897	3.0385	0.858	1.7435	0.10483493089900835	0.7118363493838962
ENSG00000003418	TRIM771	5.8089	-0.6517	-1.7433	0.10486757312039156	0.7118363493838962
ENSG00000002314	KIF771	7.6483	0.372	1.7427	0.1049830587220854	0.7118363493838962
ENSG00000000468	ARF386	7.476	-0.3418	-1.7411	0.10525432632867249	0.7122396534347688
ENSG00000002146	ANK189	2.4261	-1.013	-1.7403	0.10540854069332653	0.7122396534347688
ENSG00000002164	ACTN352	9.9742	-0.5684	-1.735	0.10636830509152838	0.7127697464977493
ENSG00000002686	H2AF101	2.3383	-1.2655	-1.7348	0.10640345268719019	0.7127697464977493
ENSG00000002109	KRT275	6.4734	-0.5817	-1.7329	0.10675916250268432	0.7127697464977493
ENSG00000000948	ATAD671	1.4412	0.6804	1.7365	0.10610387508850354	0.7127697464977493
ENSG00000001319	EZH363	8.3858	0.4487	1.7318	0.10695208940253997	0.7127697464977493
ENSG00000000526	CDC736	4.3843	0.9752	1.7329	0.10675109362994405	0.7127697464977493
ENSG00000001755	KRT505	5.7145	0.5716	1.7368	0.1060366222188518	0.7127697464977493
ENSG00000001792	KDM37	4.1163	0.7267	1.7323	0.10686483283042451	0.7127697464977493
ENSG00000000735	DUSP556	7.3514	-0.347	-1.7288	0.1075061227443654	0.715237315762513
ENSG00000002645	MYO510	3.053	-1.1657	-1.7246	0.10827665827843382	0.7179889605037273
ENSG00000001253	PPP2R29	5.8319	0.4649	1.723	0.10857608788568993	0.7179889605037273
ENSG00000002159	RNF290	7.1405	-0.5356	-1.7218	0.10880174164154097	0.7179889605037273
ENSG00000003935	ARF463	3.695	-0.8612	-1.7244	0.10830625831675617	0.7179889605037273
ENSG00000000090	RAB264	9.1003	-0.2874	-1.7198	0.10917695352509801	0.7179889605037273
ENSG00000002357	TOMM701	4.7637	-0.7557	-1.7194	0.10923660907124522	0.7179889605037273
ENSG00000001465	SUZ308	5.3578	-0.6399	-1.7186	0.10939554305722257	0.7179889605037273
ENSG00000000588	SEC31	11.3764	-0.288	-1.7211	0.10893002353930391	0.7179889605037273
ENSG00000001602	SUZ700	3.1223	0.8351	1.7128	0.11048698702062847	0.7202791367377132
ENSG00000001879	RAB533	3.6393	1.0497	1.7118	0.11066981597357463	0.7202791367377132
ENSG00000002848	HTR638	2.8544	0.8192	1.7155	0.10997530628804048	0.7202791367377132
ENSG00000002477	VCL90	4.7167	0.7894	1.7131	0.11041720992068549	0.7202791367377132
ENSG00000001938	CYP241	6.8105	-0.4768	-1.7133	0.11038852583920473	0.7202791367377132
ENSG00000002028	DYNC879	8.668	0.4088	1.709	0.11119367980993917	0.7224804704846132
ENSG00000002579	KIF56	0.9715	-0.7866	-1.6949	0.11389410612820829	0.725828629098557
ENSG00000004080	DDX814	6.4735	-0.4983	-1.6898	0.11489211508033577	0.725828629098557
ENSG00000003236	H2AF203	8.3701	-0.3686	-1.681	0.11661808874990043	0.725828629098557
ENSG00000003645	DHX52	2.4172	0.9968	1.6815	0.11651188276287654	0.725828629098557
ENSG00000000215	TET70	3.6157	-0.8856	-1.6908	0.11469958607216396	0.725828629098557
ENSG00000001002	DRD392	4.7466	-0.8408	-1.6967	0.11354467091103736	0.725828629098557
ENSG00000003761	HIST1H563	6.7285	-0.4349	-1.6813	0.11655851910981554	0.725828629098557
ENSG00000002280	KIF344	4.5643	0.6873	1.6858	0.11566234920717125	0.725828629098557
ENSG00000002258	EZH290	6.3808	0.5336	1.6877	0.11530875134453406	0.725828629098557
ENSG00000000972	VCL677	5.0275	0.5285	1.6924	0.11437622824919785	0.725828629098557
ENSG00000000337	SEC304	1.2104	-0.9068	-1.6812	0.1165737911246454	0.725828629098557
ENSG00000002633	DUSP41	2.0129	-0.7026	-1.7001	0.1129001308694681	0.725828629098557
ENSG00000003767	RHO242	3.9481	-0.8155	-1.6847	0.11589718227663809	0.725828629098557
ENSG00000001444	ADRB456	4.7361	0.6502	1.6889	0.11506274001955613	0.725828629098557
ENSG00000001591	BRD303	4.1894	-0.7792	-1.6928	0.11431492954712603	0.725828629098557
ENSG00000000497	DRD688	5.8367	-0.5323	-1.7041	0.11212539397244035	0.725828629098557
ENSG00000002475	PRKC574	4.7402	-0.7479	-1.6813	0.11655649768421762	0.725828629098557
ENSG00000002165	HTR281	4.8914	-0.6756	-1.6956	0.11376925266809115	0.725828629098557
ENSG00000001091	GNA122	2.6785	0.7164	1.6982	0.11325884001546213	0.725828629098557
ENSG00000003114	BRD112	7.2365	0.3161	1.6818	0.11644994105257037	0.725828629098557
ENSG00000000730	GRIN11	7.6662	-0.5334	-1.6956	0.1137645768837336	0.725828629098557
ENSG00000000789	PXN763	4.4079	-0.5999	-1.6842	0.11597917528308253	0.725828629098557
ENSG00000001341	SCN155	5.0499	-1.0955	-1.6986	0.11318829177712127	0.725828629098557
ENSG00000003047	VCL235	3.8805	-1.0176	-1.6804	0.11674427590331365	0.725828629098557
ENSG00000000434	TLN484	6.6348	0.5165	1.6917	0.11451337478176965	0.725828629098557
ENSG00000003380	ACTN699	6.6097	-0.5775	-1.7009	0.11273997354826941	0.725828629098557
ENSG00000000153	PRKC117	1.9197	-0.9295	-1.6976	0.1133827102540356	0.725828629098557
ENSG00000001805	PRKC754	4.9721	-0.6219	-1.6789	0.11702523444614649	0.7264150119049475
ENSG00000002469	GNA274	4.5136	0.6757	1.6777	0.11726772258211274	0.7267611087413739
ENSG00000001488	UBE215	7.8599	-0.3821	-1.6681	0.1191955497838003	0.7272031689383358
ENSG00000002564	CCNB887	4.1065	0.6932	1.6729	0.11822730091395292	0.7272031689383358
ENSG00000002685	TOMM391	1.5452	-0.7563	-1.6615	0.12051542753474476	0.7272031689383358
ENSG00000002690	RAB11FIP512	6.6812	0.5982	1.6706	0.11869649111271603	0.7272031689383358
ENSG00000001727	RPS852	10.1181	-0.4449	-1.6684	0.11912502609023866	0.7272031689383358
ENSG00000003108	CDC34	7.6306	0.3209	1.6631	0.12020782477566734	0.7272031689383358
ENSG00000001458	ADAM895	10.7787	-0.2974	-1.6761	0.11758521162538352	0.7272031689383358
ENSG00000003786	TLN418	5.8999	-0.529	-1.6628	0.12025293525324866	0.7272031689383358
ENSG00000002068	HDAC517	5.0213	0.6198	1.6687	0.1190642220462712	0.7272031689383358
ENSG00000001517	RAB11FIP759	6.1591	0.4995	1.6649	0.1198297252682121	0.7272031689383358
ENSG00000001835	MRPS9	5.9416	0.8814	1.6703	0.11873880712729448	0.7272031689383358
ENSG00000000111	GRIN336	10.3023	0.3094	1.6752	0.11775950370498812	0.7272031689383358
ENSG00000004065	DNMT415	2.5575	-0.8602	-1.6717	0.11847197247018498	0.7272031689383358
ENSG00000001310	GABR51	3.949	1.1295	1.6645	0.11991300637191789	0.7272031689383358
ENSG00000001692	DNMT494	7.6616	-0.4541	-1.6668	0.11944357700216789	0.7272031689383358
ENSG00000002655	ACTN271	7.1328	-0.2495	-1.6621	0.12041264569866772	0.7272031689383358
ENSG00000001900	TRIM636	5.9717	0.5376	1.6628	0.12025594030722563	0.7272031689383358
ENSG00000003122	FBXO657	4.812	-0.5487	-1.658	0.12123224853772341	0.7279770080668758
ENSG00000000429	TIMM741	7.0594	0.5233	1.6595	0.1209222420805066	0.7279770080668758
ENSG00000001945	EZH488	1.0645	-0.747	-1.6572	0.12139184949522158	0.7279770080668758
ENSG00000004048	HTR630	5.4014	0.736	1.6586	0.12111758689338979	0.7279770080668758
ENSG00000000250	RPL10	13.3009	0.3268	1.6562	0.12160203977873585	0.7281155981828307
ENSG00000002100	TLN563	5.7741	-0.663	-1.6417	0.12461978699293437	0.7293867222502917
ENSG00000002679	EIF342	3.2934	0.9494	1.6484	0.1232097276394418	0.7293867222502917
ENSG00000002737	SUZ369	3.8463	-0.7331	-1.6449	0.12394012050514804	0.7293867222502917
ENSG00000003362	GABR224	6.5899	0.6659	1.6389	0.12518764914265026	0.7293867222502917
ENSG00000003750	KRT381	3.6925	0.7421	1.6534	0.12217774851756522	0.7293867222502917
ENSG00000001026	SERPINE1	1.1073	-0.6622	-1.6483	0.12324398389481345	0.7293867222502917
ENSG00000003942	GNA543	2.4071	1.005	1.6412	0.12471534851985928	0.7293867222502917
ENSG00000002953	SUZ654	1.6448	0.7318	1.6393	0.12511003444191557	0.7293867222502917
ENSG00000002176	TLN633	4.6437	-0.886	-1.6503	0.12282371858602571	0.7293867222502917
ENSG00000001030	MYO580	4.9109	-0.4595	-1.6516	0.12254511437506146	0.7293867222502917
ENSG00000000106	HIST1H896	9.3892	-0.418	-1.6399	0.12499168107850965	0.7293867222502917
ENSG00000002204	USP855	10.067	-0.4102	-1.6393	0.12510908873193907	0.7293867222502917
ENSG00000001000	KDM736	3.6994	1.0317	1.6435	0.1242407265676738	0.7293867222502917
ENSG00000003621	TAGLN	6.2261	-0.4143	-1.648	0.1232998704336598	0.7293867222502917
ENSG00000000935	HIST1H107	6.0353	-0.4074	-1.6427	0.12440953478593454	0.7293867222502917
ENSG00000001817	UGT886	9.3557	0.3211	1.6524	0.12238298081233592	0.7293867222502917
ENSG00000003405	ANAPC529	2.7626	1.0611	1.6408	0.12479013262877821	0.7293867222502917
ENSG00000002641	UGT333	2.09	1.0253	1.6404	0.12489117269675609	0.7293867222502917
ENSG00000004078	MMP292	4.6048	-0.4875	-1.636	0.12580434269996837	0.731884158128964
ENSG00000000613	GRIN437	5.9603	0.7594	1.6311	0.12684037160467787	0.734532275836862
ENSG00000000388	CCNB720	3.7387	-0.8515	-1.6288	0.12733202332016125	0.734532275836862
ENSG00000003363	ANK13	4.9437	-0.6106	-1.6297	0.12713599888629953	0.734532275836862
ENSG00000000566	UGT612	5.8899	-0.767	-1.6261	0.1279156839251807	0.734532275836862
ENSG00000001614	SCN848	2.4389	0.6024	1.6258	0.12798028589623953	0.734532275836862
ENSG00000001711	BRD403	12.1353	0.2338	1.6254	0.12806845384152468	0.734532275836862
ENSG00000002732	RPS184	2.0298	0.7469	1.6242	0.12831396505141066	0.734532275836862
ENSG00000001314	CACN308	3.942	-0.9912	-1.6292	0.12725642542242283	0.734532275836862
ENSG00000002057	CUL34	9.6885	0.4426	1.627	0.12772011249637208	0.734532275836862
ENSG00000002454	DNMT537	4.8565	-0.6008	-1.6241	0.12833554665186694	0.734532275836862
ENSG00000000004	USP755	2.4484	1.0075	1.6299	0.12709881811896023	0.734532275836862
ENSG00000001300	UGT682	7.1778	-0.3256	-1.6206	0.1290955457703273	0.7348115434276498
ENSG00000001303	FBXO432	4.3931	0.5678	1.6186	0.12951714254660013	0.7348115434276498
ENSG00000003019	MYO104	9.6768	-0.361	-1.621	0.12901481334839568	0.7348115434276498
ENSG00000002528	ADRB27	6.4693	-0.3464	-1.6191	0.1294091073983982	0.7348115434276498
ENSG00000002001	UGT320	7.4432	-0.4848	-1.6207	0.12907958194249264	0.7348115434276498
ENSG00000000291	SPTB867	3.6124	0.884	1.6197	0.12929293330641775	0.7348115434276498
ENSG00000000001	DNMT278	4.2628	-0.903	-1.6164	0.13000605505768478	0.7365117413166072
ENSG00000001229	GRIN335	5.4624	0.3726	1.6015	0.1332836883792054	0.7391939149045509
ENSG00000000968	KRT284	1.1957	-0.6146	-1.6125	0.13084850016956365	0.7391939149045509
ENSG00000001947	UBE2591	7.3265	-0.3612	-1.5996	0.1336880772099476	0.7391939149045509
ENSG00000003017	CACN681	1.2884	-0.8582	-1.6041	0.13270838936273183	0.7391939149045509
ENSG00000004164	ZNF642	5.5446	-0.688	-1.6056	0.13237934520420927	0.7391939149045509
ENSG00000003611	SMARC332	7.2843	0.5725	1.6028	0.13298892615022762	0.7391939149045509
ENSG00000002671	PLC535	5.4034	0.6702	1.6052	0.13246164135577665	0.7391939149045509
ENSG00000003341	CYP47	10.8479	-0.3481	-1.6002	0.13357492137212748	0.7391939149045509
ENSG00000003340	SNX362	3.2956	1.1709	1.6063	0.13220725129129426	0.7391939149045509
ENSG00000001332	HTR434	5.1711	-0.6248	-1.604	0.13272872508124206	0.7391939149045509
ENSG00000003776	TLN163	3.1355	0.807	1.603	0.1329358288738264	0.7391939149045509
ENSG00000001673	SUZ746	3.0225	0.6612	1.6084	0.13175547627726933	0.7391939149045509
ENSG00000001206	KDM611	10.669	0.2583	1.6057	0.1323401092581719	0.7391939149045509
ENSG00000002152	KCN317	2.8613	0.8687	1.6032	0.13290899984122279	0.7391939149045509
ENSG00000003947	VCL602	6.9491	-0.476	-1.6093	0.1315573322907569	0.7391939149045509
ENSG00000002849	ANK247	2.0527	0.7902	1.6025	0.1330455435367708	0.7391939149045509
ENSG00000003115	HDAC368	7.7042	-0.5111	-1.5996	0.13370825182240592	0.7391939149045509
ENSG00000002583	MMP874	6.4877	0.5164	1.5974	0.1341831189946269	0.7407669491164367
ENSG00000001364	KIF376	2.1808	-0.9992	-1.5936	0.135033638851914	0.741010338541474
ENSG00000003660	SKP808	7.5107	0.3786	1.5929	0.13519958881926813	0.741010338541474
ENSG00000004140	TMEM372	3.2316	1.0446	1.5924	0.13531107581428448	0.741010338541474
ENSG00000003928	SCN802	4.5639	0.842	1.5913	0.13555995915763863	0.741010338541474
ENSG00000000490	TET447	7.7691	-0.4527	-1.592	0.13538963305495944	0.741010338541474
ENSG00000000132	ANAPC709	6.7014	0.3888	1.5924	0.1353117389950623	0.741010338541474
ENSG00000003048	MRPL627	7.1911	0.4133	1.5945	0.1348374748734508	0.741010338541474
ENSG00000004160	RNF366	6.5284	-0.3643	-1.5759	0.13905719965572555	0.7429918272160022
ENSG00000002418	FBXO389	5.149	-0.9486	-1.5721	0.13992941717192023	0.7429918272160022
ENSG00000001013	CUL103	7.0464	0.3745	1.5761	0.139014308184491	0.7429918272160022
ENSG00000001169	RAB11FIP654	6.1059	0.591	1.5617	0.14236484964114116	0.7429918272160022
ENSG00000000816	GABR324	1.6546	-0.7212	-1.5728	0.13977863707965218	0.7429918272160022
ENSG00000003094	UBE2599	1.3372	-0.8768	-1.5648	0.14163292804909147	0.7429918272160022
ENSG00000003026	ANK73	6.6757	-0.62	-1.5663	0.1412830084569345	0.7429918272160022
ENSG00000002982	ARF184	4.6546	-0.5219	-1.5655	0.14147958027285398	0.7429918272160022
ENSG00000000720	KIF859	5.4146	-0.3243	-1.58	0.13812975588502216	0.7429918272160022
ENSG00000003056	MRPS660	6.3628	-0.7239	-1.5831	0.137423192576737	0.7429918272160022
ENSG00000001363	GABR482	1.1958	-0.677	-1.5783	0.1385034414194013	0.7429918272160022
ENSG00000001365	ADRB100	5.2728	0.4922	1.562	0.14228457756802337	0.7429918272160022
ENSG00000002719	DNMT677	1.7653	0.7169	1.5653	0.14152731870106305	0.7429918272160022
ENSG00000001371	ADAM389	6.5714	0.5152	1.5617	0.14235446724175754	0.7429918272160022
ENSG00000000892	UGT881	4.6987	0.6446	1.5625	0.14217474387325177	0.7429918272160022
ENSG00000002171	PXN79	2.252	-0.9176	-1.5642	0.14177586034203013	0.7429918272160022
ENSG00000002080	SKP692	6.4981	-0.4246	-1.5778	0.138637187793128	0.7429918272160022
ENSG00000003349	TRIM426	5.4209	0.4605	1.5615	0.14241313029371472	0.7429918272160022
ENSG00000002095	EIF171	4.2993	0.7155	1.5752	0.1392288312465143	0.7429918272160022
ENSG00000003275	TRIM530	5.4349	0.5263	1.5678	0.14093581304166516	0.7429918272160022
ENSG00000003588	GNA313	5.7092	-0.7141	-1.5639	0.14184960866485224	0.7429918272160022
ENSG00000001768	ACTN535	6.4319	0.4235	1.5679	0.1409199257737171	0.7429918272160022
ENSG00000003929	DRD615	7.6099	0.3531	1.5871	0.1364971901449966	0.7429918272160022
ENSG00000003808	ARID21	6.8426	0.2004	1.5762	0.1389903383662558	0.7429918272160022
ENSG00000000366	CUL158	4.6791	0.604	1.5632	0.14200640551226196	0.7429918272160022
ENSG00000000847	RPS509	6.8038	0.4008	1.5638	0.14186537169253047	0.7429918272160022
ENSG00000003966	ACTN763	2.4792	-1.1431	-1.5681	0.14086382074364778	0.7429918272160022
ENSG00000002802	TLN651	9.1657	0.3136	1.5658	0.14141288645701736	0.7429918272160022
ENSG00000003433	FBXO887	4.7517	0.6844	1.577	0.13880128205707343	0.7429918272160022
ENSG00000003617	SPTB406	2.6363	0.7931	1.5866	0.1366184809586822	0.7429918272160022
ENSG00000001080	ADRB349	2.4941	-0.9041	-1.5805	0.1380087894574947	0.7429918272160022
ENSG00000001615	RPS832	3.7402	-0.4166	-1.5805	0.13800586996761502	0.7429918272160022
ENSG00000004101	KCN294	3.8676	0.9664	1.5814	0.13779573063388023	0.7429918272160022
ENSG00000004194	GABR308	4.6244	0.8839	1.5793	0.1382730447229208	0.7429918272160022
ENSG00000003964	KCN318	7.1889	0.3829	1.56	0.14275537051211226	0.7437803240068821
ENSG00000003688	RAB679	8.907	0.5226	1.5485	0.14550656325296	0.7444534826410929
ENSG00000001587	RAB416	3.0287	-0.8492	-1.5509	0.1449141624205698	0.7444534826410929
ENSG00000000358	ADAM771	2.4341	-0.7135	-1.5488	0.14542830901389728	0.7444534826410929
ENSG00000004161	TMEM367	3.4088	-0.7569	-1.5482	0.14556246153388278	0.7444534826410929
ENSG00000003187	CDC138	4.3592	0.5531	1.5497	0.1452151746356219	0.7444534826410929
ENSG00000003212	DUSP458	4.427	0.6236	1.5486	0.14546069365494482	0.7444534826410929
ENSG00000002622	SLC430	4.811	0.9181	1.5497	0.14519904869315353	0.7444534826410929
ENSG00000002039	CHRM740	5.8501	0.4113	1.555	0.14394464365389206	0.7444534826410929
ENSG00000003497	DNMT458	2.5302	-0.7451	-1.5585	0.14310699679232136	0.7444534826410929
ENSG00000001928	COPB172	7.0311	0.5729	1.5559	0.14372390829454829	0.7444534826410929
ENSG00000001460	VPS130	10.7323	-0.259	-1.5518	0.1447151177470054	0.7444534826410929
ENSG00000001409	MYO459	7.3579	-0.4145	-1.553	0.1444209948936608	0.7444534826410929
ENSG00000002203	PPP1R110	8.9416	-0.3204	-1.5494	0.14528303358006853	0.7444534826410929
ENSG00000000112	MYO215	2.8983	0.897	1.5575	0.14336124153590246	0.7444534826410929
ENSG00000000424	SUZ621	1.859	0.8866	1.5432	0.14675714891284988	0.7454077516853603
ENSG00000003633	KCN84	3.1094	0.9048	1.5453	0.1462525575853296	0.7454077516853603
ENSG00000002955	DDX142	6.6715	-0.6733	-1.5425	0.14693451666692406	0.7454077516853603
ENSG00000002184	KDM221	1.9713	1.0849	1.5419	0.1470897105072859	0.7454077516853603
ENSG00000001008	MRPL525	3.9788	-0.5999	-1.5426	0.14690458748238847	0.7454077516853603
ENSG00000001828	CDC563	5.7944	-0.6651	-1.5429	0.14684239193683396	0.7454077516853603
ENSG00000001278	PXN519	1.3405	-0.7915	-1.5429	0.14684228139776978	0.7454077516853603
ENSG00000002734	RHO658	3.1055	0.7356	1.5391	0.14776662333303905	0.7468931143015429
ENSG00000001873	COPB452	2.9484	-1.2322	-1.5397	0.14762587407232194	0.7468931143015429
ENSG00000002224	SNX127	6.6481	-0.3662	-1.5375	0.14815579336931178	0.7478889076437891
ENSG00000002239	RHO49	5.6878	-0.5612	-1.5362	0.14846480330259038	0.7484779979969971
ENSG00000000246	RPS736	5.5565	-0.886	-1.5349	0.1487784111024527	0.7490887141148073
ENSG00000003800	RPS297	7.7362	-0.4439	-1.5298	0.15002267105226907	0.7543775655496527
ENSG00000002861	TRIM402	4.757	-0.5405	-1.5216	0.15204482201958794	0.7547939378829545
ENSG00000003107	KCN734	7.5518	-0.4575	-1.5247	0.15128994424459422	0.7547939378829545
ENSG00000002763	TLN599	6.4626	0.3751	1.5226	0.15180894012346977	0.7547939378829545
ENSG00000003715	DRD423	2.8236	1.0042	1.523	0.15170126521538915	0.7547939378829545
ENSG00000000823	OR275	4.8716	-0.4115	-1.522	0.1519572483080949	0.7547939378829545
ENSG00000001207	HIST1H417	1.8862	0.9371	1.5263	0.15089876056188692	0.7547939378829545
ENSG00000002944	KMT2601	7.8932	-0.3596	-1.5237	0.15153545476220098	0.7547939378829545
ENSG00000001183	ANAPC680	4.1382	-0.5511	-1.524	0.1514702533424107	0.7547939378829545
ENSG00000001157	CHRM361	8.3051	0.3054	1.5268	0.15075872154230155	0.7547939378829545
ENSG00000004005	ADRB274	6.6583	0.4721	1.5265	0.15084049552512108	0.7547939378829545
ENSG00000002892	FBXO298	7.6739	0.5314	1.5182	0.15291190738008606	0.7559654079611351
ENSG00000001715	ZNF485	3.297	-0.7966	-1.5181	0.1529163721451496	0.7559654079611351
ENSG00000003772	DRD686	8.6465	0.3754	1.5176	0.1530577444690068	0.7559654079611351
ENSG00000003794	STAT3	5.2737	-0.5988	-1.5179	0.15296701168696436	0.7559654079611351
ENSG00000003069	UGT722	5.0586	0.7273	1.5113	0.1546269030421946	0.7566444386120765
ENSG00000000052	GRIN746	3.1749	-0.7787	-1.5158	0.153505872325569	0.7566444386120765
ENSG00000000861	PPP2R712	5.0207	0.5287	1.5105	0.1548395656816101	0.7566444386120765
ENSG00000003126	RPS593	2.9595	-0.6543	-1.5147	0.15378238406366113	0.7566444386120765
ENSG00000003972	SKP251	1.2254	0.7214	1.5128	0.15424754259025011	0.7566444386120765
ENSG00000003634	RELA	5.3328	0.4612	1.5098	0.155005565952194	0.7566444386120765
ENSG00000003909	HIST1H29	2.4974	-0.8264	-1.5095	0.15508694166366876	0.7566444386120765
ENSG00000004022	EZH804	3.218	-0.617	-1.5093	0.15513932734132505	0.7566444386120765
ENSG00000000496	ADRB177	2.9679	0.7937	1.5152	0.15365174485701122	0.7566444386120765
ENSG00000002134	KRT576	6.698	-0.3792	-1.513	0.15419368843351616	0.7566444386120765
ENSG00000000678	DNMT572	8.0028	-0.4626	-1.5077	0.15553356605792096	0.7576178211482207
ENSG00000000769	H2AF20	12.0546	0.2888	1.503	0.15673906506886626	0.7580551658877989
ENSG00000000196	MYO138	3.6686	1.1854	1.5031	0.15672422000890496	0.7580551658877989
ENSG00000001902	HDAC89	2.169	-0.9963	-1.502	0.15699457174479267	0.7580551658877989
ENSG00000001951	KDM453	2.6784	0.6541	1.5004	0.15739994795159268	0.7580551658877989
ENSG00000000510	PXN766	1.5256	-0.7075	-1.4983	0.15793049613156573	0.7580551658877989
ENSG00000003435	BRD831	8.139	0.3584	1.5015	0.15712700877954874	0.7580551658877989
ENSG00000004195	KRT652	7.7251	-0.4461	-1.4982	0.15796062166880906	0.7580551658877989
ENSG00000001808	VPS415	5.4411	-0.5874	-1.5019	0.15702109912296192	0.7580551658877989
ENSG00000003983	RNF288	4.6359	0.7078	1.4997	0.15757193525823782	0.7580551658877989
ENSG00000004191	ARID747	1.6827	-0.7746	-1.5062	0.1559277480101726	0.7580551658877989
ENSG00000001431	DYNC853	3.1089	0.5742	1.501	0.15723982374951512	0.7580551658877989
ENSG00000000069	COL21	11.623	0.2864	1.503	0.15674408124528044	0.7580551658877989
ENSG00000001299	HDAC614	2.7133	-0.6735	-1.4968	0.1583233642309747	0.7584010398808508
ENSG00000000011	PPP2R421	0.8617	-0.633	-1.4964	0.15842241660409345	0.7584010398808508
ENSG00000003917	MAPK107	9.9608	-0.3218	-1.4951	0.1587545687590451	0.7590574712656062
ENSG00000003759	KIF871	1.8857	0.9436	1.4934	0.1592048785057781	0.7602765486435441
ENSG00000002086	ACTN721	8.62	0.2846	1.4914	0.15972154186925772	0.7613802941658552
ENSG00000002393	SUZ418	10.3257	-0.2442	-1.491	0.15982726113399376	0.7613802941658552
ENSG00000001255	TUBB655	7.7432	-0.3339	-1.4897	0.16016300172586198	0.7620469470868642
ENSG00000003130	KDM798	7.8199	0.3557	1.4868	0.16090616682281378	0.7642397775031893
ENSG00000000798	OR84	8.0261	-0.4291	-1.4864	0.16101660265997308	0.7642397775031893
ENSG00000003330	RNF541	7.3785	-0.4377	-1.4846	0.16149510186112678	0.76557726728807
ENSG00000000982	HTR513	3.2322	0.8709	1.482	0.1621741848679759	0.7678612256765963
ENSG00000003000	ADAM183	1.7622	-0.6554	-1.4791	0.16294431565934547	0.7683116046094433
ENSG00000000251	PRKC481	6.9317	-0.3662	-1.48	0.1626835005229305	0.7683116046094433
ENSG00000003597	PPP2R383	5.6485	-0.64	-1.4786	0.1630589376689106	0.7683116046094433
ENSG00000003110	GABR193	1.0259	0.5491	1.4789	0.16298606742969104	0.7683116046094433
ENSG00000000913	HTR700	7.2847	-0.3206	-1.4753	0.16392714344245105	0.770979270369684
ENSG00000004099	TMEM868	10.4045	-0.3179	-1.4727	0.16461556363751476	0.770979270369684
ENSG00000000523	ADAM639	5.3287	0.527	1.473	0.16454283594981842	0.770979270369684
ENSG00000002547	VPS115	7.8251	-0.2968	-1.4742	0.1642163634655998	0.770979270369684
ENSG00000002435	TRIM441	3.6742	-0.7035	-1.4738	0.16433671902164515	0.770979270369684
ENSG00000003870	RAB686	4.8345	-0.4975	-1.4673	0.16606568773760688	0.7720438821080321
ENSG00000000894	KIF850	3.434	0.4467	1.4665	0.16626940290029443	0.7720438821080321
ENSG00000002884	MRPS708	4.7557	-0.4437	-1.4675	0.16601909687872582	0.7720438821080321
ENSG00000002895	CYP360	7.2523	-0.4129	-1.471	0.16507046562147742	0.7720438821080321
ENSG00000001788	RNF499	2.1844	1.0088	1.4693	0.1655384143462113	0.7720438821080321
ENSG00000000924	TET366	6.8365	-0.4446	-1.4659	0.1664298091183553	0.7720438821080321
ENSG00000001556	ARID150	4.6718	-0.7778	-1.469	0.16562402078624117	0.7720438821080321
ENSG00000002695	SUZ884	5.997	0.4161	1.4664	0.1663182482954464	0.7720438821080321
ENSG00000000199	DUSP434	5.3773	0.5306	1.465	0.16669076432934687	0.7723338747259738
ENSG00000003350	RAB11FIP257	3.7988	-0.9397	-1.4636	0.167053977334843	0.7730964087838395
ENSG00000002494	SKP282	5.5191	0.5226	1.4614	0.1676653645416923	0.7735017194201265
ENSG00000001464	KMT2853	2.5203	0.8783	1.4625	0.16734489017818774	0.7735017194201265
ENSG00000002594	UBE2368	4.1975	-0.4315	-1.4604	0.1679365243859216	0.7735017194201265
ENSG00000001290	SMARC344	2.8326	0.4789	1.4609	0.16779738955654722	0.7735017194201265
ENSG00000001585	EZH255	1.4024	0.8471	1.4562	0.16905335795397844	0.7768071654744795
ENSG00000003358	MRPL586	8.951	-0.1903	-1.4564	0.16900577449154808	0.7768071654744795
ENSG00000002952	PPP2R649	4.0388	0.9282	1.4539	0.16968361627063752	0.7778664717612734
ENSG00000001355	EIF404	7.0263	-0.3097	-1.454	0.16966968947047878	0.7778664717612734
ENSG00000003090	PRKC821	5.6211	0.4762	1.4525	0.17006199394912458	0.7786838593529328
ENSG00000004169	MMP658	6.7397	-0.4637	-1.4512	0.17042324710297604	0.7788045451992088
ENSG00000002329	TLN792	3.97	1.1537	1.4475	0.1714519324798553	0.7788045451992088
ENSG00000003230	RAB741	1.5383	-0.8362	-1.4482	0.17125945497821377	0.7788045451992088
ENSG00000002841	RHO287	2.583	-0.9808	-1.4495	0.17090375114379733	0.7788045451992088
ENSG00000000045	DNMT442	3.9534	-0.5096	-1.4477	0.17138833116931276	0.7788045451992088
ENSG00000003292	RPL309	4.34	0.8055	1.4493	0.1709361561488883	0.7788045451992088
ENSG00000001225	RAB11FIP147	3.7726	0.6822	1.4473	0.17148907894031912	0.7788045451992088
ENSG00000002597	ADAM484	2.0663	0.6132	1.4464	0.17175387614397858	0.7790980022754833
ENSG00000003337	TIMM828	7.8217	-0.3947	-1.4453	0.17205820543241626	0.779569890038375
ENSG00000000849	VPS119	2.1523	0.8287	1.4413	0.17315262583932917	0.780305778387567
ENSG00000000749	TUBB573	7.8853	-0.3552	-1.4362	0.174565628028881	0.780305778387567
ENSG00000001940	BRD551	5.2818	-0.6554	-1.4367	0.1744404988237903	0.780305778387567
ENSG00000002644	SHH	2.4137	-0.7808	-1.4395	0.17366364329556155	0.780305778387567
ENSG00000001661	DHX644	5.9487	-0.4091	-1.4353	0.17482698837460392	0.780305778387567
ENSG00000001037	SNX835	5.5164	0.4244	1.4412	0.17316898727619445	0.780305778387567
ENSG00000003724	ACTN711	8.0362	-0.3732	-1.4436	0.17251960959581475	0.780305778387567
ENSG00000001862	TUBB884	5.5994	0.5524	1.4358	0.17467372819712382	0.780305778387567
ENSG00000003720	USP647	5.9221	0.5359	1.4355	0.17477474412387103	0.780305778387567
ENSG00000002436	GRIN562	2.4276	0.6769	1.4391	0.17376733440387654	0.780305778387567
ENSG00000001512	UBE2559	1.9399	-0.6216	-1.4356	0.1747397233033788	0.780305778387567
ENSG00000003514	DRD489	2.5388	1.0403	1.4426	0.17280088673766894	0.780305778387567
ENSG00000001504	DDX250	4.4535	0.7279	1.4392	0.17374406128388814	0.780305778387567
ENSG00000001674	CCNB484	6.0678	0.3845	1.4313	0.17594556492033958	0.7816420572354914
ENSG00000003372	SMARC313	7.0884	0.3592	1.4306	0.1761305457850786	0.7816420572354914
ENSG00000004040	TCF7L2	5.6134	-0.6852	-1.4322	0.1756787517238201	0.7816420572354914
ENSG00000003641	SLC686	4.8329	0.5732	1.4326	0.1755892902955413	0.7816420572354914
ENSG00000002768	ABC839	9.9481	-0.3376	-1.4316	0.17585632009201171	0.7816420572354914
ENSG00000000133	UBE2859	3.188	-0.6309	-1.4289	0.17663223559144733	0.7820849384777167
ENSG00000003532	SIRT406	7.8647	0.4132	1.4289	0.17661478745564674	0.7820849384777167
ENSG00000002331	DNMT250	1.0985	-0.6114	-1.4278	0.17692300097061733	0.7824821815655031
ENSG00000001985	RPL240	4.111	0.5035	1.4258	0.1775008313931535	0.7832576369412171
ENSG00000001724	SNX727	6.2972	-0.4516	-1.4258	0.17749858661628318	0.7832576369412171
ENSG00000001729	PRKC757	5.3884	0.3773	1.425	0.17772102019227354	0.7833077860079607
ENSG00000003875	HTR163	6.5621	0.3778	1.4243	0.17791471809636106	0.7833077860079607
ENSG00000000450	DDX736	7.5856	-0.4383	-1.4213	0.17877639900153433	0.7846437026253688
ENSG00000003310	ABC454	5.7771	0.4896	1.4218	0.1786405899932954	0.7846437026253688
ENSG00000003893	ADRB356	6.3027	-0.4287	-1.4211	0.1788229610042914	0.7846437026253688
ENSG00000002005	SKP676	1.7522	-0.7156	-1.418	0.17970952754760064	0.7867598213894957
ENSG00000000286	KIF757	6.0504	0.6874	1.4184	0.17959469309194018	0.7867598213894957
ENSG00000000292	SLC639	10.7428	-0.3492	-1.4162	0.18023444999055863	0.7867969528767836
ENSG00000001860	BRD323	3.7103	0.6949	1.4159	0.18032448149180139	0.7867969528767836
ENSG00000001974	SKP579	4.3497	-0.7589	-1.4162	0.18022853110431572	0.7867969528767836
ENSG00000002661	ARF434	4.4042	-0.8931	-1.4133	0.18105236754815188	0.7887041492133937
ENSG00000000314	ZNF857	3.3319	0.5958	1.4129	0.18116688319547122	0.7887041492133937
ENSG00000003864	GRIN642	4.3335	0.7477	1.4122	0.18139039624266895	0.7887948851133715
ENSG00000000302	FBXO845	3.8532	0.7424	1.4093	0.18220827025390077	0.790150585665331
ENSG00000002128	MMP775	3.7429	0.6198	1.4101	0.18198275816954806	0.790150585665331
ENSG00000000638	PRKC307	9.4086	-0.3605	-1.409	0.1823112091283318	0.790150585665331
ENSG00000001166	MMP759	3.3289	0.7694	1.4059	0.18320319377517416	0.792252033525531
ENSG00000002724	PPP2R163	5.46	-0.8139	-1.4062	0.1831084406226477	0.792252033525531
ENSG00000001074	DDX661	1.8038	-0.9652	-1.4008	0.18468587356109994	0.7924061108813704
ENSG00000000658	ADAM305	5.2169	0.5394	1.3888	0.18822770427030364	0.7924061108813704
ENSG00000000607	COPB23	2.1892	-0.8883	-1.4047	0.18354204725983306	0.7924061108813704
ENSG00000001052	TUBB636	3.6485	0.5118	1.3893	0.1880823335784269	0.7924061108813704
ENSG00000000498	MRPL315	6.9874	-0.3146	-1.4005	0.18476487333146263	0.7924061108813704
ENSG00000003490	MRPL562	1.5177	-0.7102	-1.3875	0.18862376823614088	0.7924061108813704
ENSG00000003394	CUL603	5.5443	-0.5859	-1.4035	0.18389340721607597	0.7924061108813704
ENSG00000001086	VPS847	3.3849	-0.4319	-1.3938	0.18675600058844422	0.7924061108813704
ENSG00000002167	SCN757	1.7352	-0.8637	-1.3911	0.18754369644107885	0.7924061108813704
ENSG00000000604	KDM799	7.5485	0.1968	1.3895	0.18801877923752733	0.7924061108813704
ENSG00000000886	KRT92	5.5759	-0.5267	-1.3949	0.18642636065177712	0.7924061108813704
ENSG00000001685	VPS340	5.1821	0.4761	1.3921	0.1872537575050808	0.7924061108813704
ENSG00000002867	SNX326	6.4774	0.5869	1.3864	0.18893958656164225	0.7924061108813704
ENSG00000001021	KRT589	8.0421	-0.3312	-1.3922	0.18723226082128297	0.7924061108813704
ENSG00000000723	KIF578	3.2032	0.6439	1.388	0.18845628128415154	0.7924061108813704
ENSG00000004168	DHX642	7.5973	0.4209	1.3988	0.18526603292818622	0.7924061108813704
ENSG00000001848	ANAPC759	4.3629	0.6674	1.4036	0.18388384202339897	0.7924061108813704
ENSG00000000328	RPL737	3.3458	-0.7611	-1.4	0.18491560533868487	0.7924061108813704
ENSG00000003923	PLC824	6.2102	0.4572	1.3905	0.18771265826727815	0.7924061108813704
ENSG00000004004	RNF239	1.6267	0.7709	1.387	0.18875650357695303	0.7924061108813704
ENSG00000001153	ANAPC608	1.3765	0.6927	1.3919	0.1873068116326529	0.7924061108813704
ENSG00000000285	PRKC210	5.2913	-0.5749	-1.3956	0.18621735418836138	0.7924061108813704
ENSG00000001839	RAB11FIP302	5.0251	-0.3729	-1.3916	0.1873902945678399	0.7924061108813704
ENSG00000003820	SNX262	3.4169	-0.6077	-1.3915	0.18742302947878034	0.7924061108813704
ENSG00000000390	SUZ403	5.1239	-0.5236	-1.4027	0.18413661462740466	0.7924061108813704
ENSG00000002458	FBXO805	3.5029	-0.9164	-1.3967	0.18588218332779155	0.7924061108813704
ENSG00000000161	KIF535	5.4158	-0.7537	-1.3921	0.18724245815597487	0.7924061108813704
ENSG00000001761	ARF797	5.4416	0.4966	1.3987	0.18531050376747268	0.7924061108813704
ENSG00000003222	RPS320	6.0079	0.3703	1.3844	0.1895393069096344	0.7924711850093974
ENSG00000001367	RPS29	4.8337	1.0438	1.3851	0.18933994198501428	0.7924711850093974
ENSG00000002455	HTR90	3.0042	-0.7772	-1.3843	0.18956594893210404	0.7924711850093974
ENSG00000000453	RAB11FIP590	2.5976	-0.8783	-1.3832	0.18990397284906213	0.7930324703096029
ENSG00000001232	TET896	2.8719	-0.8778	-1.3784	0.191330543284774	0.7938789706442861
ENSG00000001916	ARID730	4.3891	0.4574	1.3813	0.1904575020204036	0.7938789706442861
ENSG00000004057	H2AF498	4.7187	0.7872	1.3807	0.19064853051136832	0.7938789706442861
ENSG00000000763	H2AF633	7.3845	0.3886	1.3796	0.19097872547497358	0.7938789706442861
ENSG00000003145	HDAC896	6.9532	0.4526	1.379	0.19115674868452137	0.7938789706442861
ENSG00000004143	SIRT106	4.0254	0.7113	1.38	0.1908592618950331	0.7938789706442861
ENSG00000000058	UGT418	6.1829	-0.4751	-1.3767	0.19185983186290487	0.7944586151065754
ENSG00000002078	MRPL497	2.6869	-0.8579	-1.3766	0.19187849388493858	0.7944586151065754
ENSG00000001653	PXN83	3.4009	0.8225	1.3745	0.1925162360363588	0.79625206233104
ENSG00000002153	DNMT102	1.0543	-0.6598	-1.3723	0.19318471244267593	0.797322270230005
ENSG00000000376	DRD23	6.0578	0.5727	1.3727	0.19307651085493807	0.797322270230005
ENSG00000004117	OR791	8.075	-0.4101	-1.3711	0.19353734964751532	0.7979315305382729
ENSG00000000143	ATAD65	7.732	0.4618	1.3694	0.19408148374274092	0.7984832290980419
ENSG00000003990	OR485	7.0946	0.3407	1.37	0.1938766615565028	0.7984832290980419
ENSG00000003675	CHRM482	2.6647	-0.8478	-1.3671	0.19477909151467449	0.8005071005017034
ENSG00000002700	MYO326	6.4784	0.5444	1.3655	0.1952738094119	0.8008489633626078
ENSG00000004006	SLC33	8.9987	0.2657	1.3656	0.19522736931468812	0.8008489633626078
ENSG00000003925	PRKC651	1.2971	0.6688	1.3634	0.1958958124577196	0.8025542127215207
ENSG00000000901	ARF54	2.5067	0.7347	1.3603	0.1968478866272378	0.8042447916130941
ENSG00000001707	COL537	3.2468	-0.5543	-1.3601	0.19692838807997912	0.8042447916130941
ENSG00000000446	TLN137	5.4943	-0.8581	-1.3613	0.19655312554041635	0.8042447916130941
ENSG00000003970	TUBB512	13.1636	-0.3712	-1.3579	0.19759184018528525	0.8061084297705767
ENSG00000003084	PRKC54	1.9722	0.5253	1.3545	0.19866042302080086	0.8063414710648366
ENSG00000000623	RAB11FIP505	5.7501	-0.4331	-1.3531	0.19908717064451922	0.8063414710648366
ENSG00000002566	KIF425	1.9172	-0.7792	-1.3531	0.19909742164532201	0.8063414710648366
ENSG00000002931	TLN89	8.4456	-0.3348	-1.3533	0.19902525819044678	0.8063414710648366
ENSG00000003936	MRPL299	5.9125	-0.4671	-1.3549	0.1985361429070376	0.8063414710648366
ENSG00000000136	PXN717	9.5036	0.3999	1.3531	0.19909921729016133	0.8063414710648366
ENSG00000001796	ARF410	2.7189	0.7544	1.3552	0.19841909756771045	0.8063414710648366
ENSG00000001616	ADAM715	4.4087	-0.6831	-1.3504	0.19992538985033692	0.808180737303026
ENSG00000001946	CHRM153	3.6994	-0.8963	-1.3503	0.1999686665012369	0.808180737303026
ENSG00000002631	DRD471	3.7505	-0.6099	-1.3494	0.20022767734482055	0.80838809152079
ENSG00000000934	SEC446	9.9413	-0.3709	-1.3481	0.20064204979666786	0.8084031623926454
ENSG00000004047	DRD268	1.8311	-0.8455	-1.3481	0.20064682807587242	0.8084031623926454
ENSG00000001827	RPS611	2.7176	0.6427	1.3469	0.20103505640365193	0.80862070899026
ENSG00000001789	TLN851	8.9914	-0.2592	-1.346	0.2013161540598063	0.80862070899026
ENSG00000002870	ARID517	12.2383	-0.4312	-1.3459	0.20132411793719474	0.80862070899026
ENSG00000002225	TRIM857	5.2275	0.4672	1.3414	0.20276070273968264	0.8088385158720297
ENSG00000000026	CACN47	4.7685	-0.7066	-1.3444	0.2017955381355343	0.8088385158720297
ENSG00000002425	PPP1R506	2.443	-0.8305	-1.3412	0.2028129440242163	0.8088385158720297
ENSG00000002428	HDAC294	1.2456	-0.6011	-1.342	0.2025554177612477	0.8088385158720297
ENSG00000003031	SKP513	3.0532	0.8235	1.344	0.201920719219576	0.8088385158720297
ENSG00000002212	HTR686	7.2354	0.4412	1.3405	0.20304091212923253	0.8088385158720297
ENSG00000003244	SMARC606	4.3092	-0.7412	-1.3428	0.20231965476160818	0.8088385158720297
ENSG00000001435	SKP878	1.6023	0.8895	1.3409	0.20292799487528793	0.8088385158720297
ENSG00000003745	ARID641	8.9935	-0.2291	-1.3392	0.20346610518048275	0.809611044444963
ENSG00000000524	SIRT365	4.3725	0.8722	1.3386	0.20365087680154645	0.809611044444963
ENSG00000002053	TLN876	3.4613	-0.8327	-1.3375	0.2039951655643309	0.8101522289554856
ENSG00000001809	TUBB886	7.5049	-0.4076	-1.3336	0.20522502579596952	0.8130443237777737
ENSG00000002178	FBXO18	7.1408	0.4026	1.3332	0.2053500951370893	0.8130443237777737
ENSG00000003986	SEC256	7.9935	0.417	1.3343	0.20501828249153792	0.8130443237777737
ENSG00000000501	CDC658	1.6212	0.6759	1.331	0.20607167358430542	0.8150721073070292
ENSG00000000195	SCN317	3.4686	0.9576	1.3291	0.20668202455408183	0.8158280320126639
ENSG00000004129	ARF326	2.9738	-0.5274	-1.3292	0.20664001483255917	0.8158280320126639
ENSG00000003844	TUBB508	3.0674	-0.74	-1.3226	0.20877465488803848	0.8162125868124561
ENSG00000000407	ACTN636	2.2821	-0.6982	-1.3265	0.20751940826186122	0.8162125868124561
ENSG00000002313	SNX294	7.1355	0.3199	1.3273	0.20724181086426197	0.8162125868124561
ENSG00000002992	GNA144	7.7973	0.412	1.3223	0.20885098590397916	0.8162125868124561
ENSG00000004163	SCN376	7.7945	-0.3809	-1.3245	0.2081514089617601	0.8162125868124561
ENSG00000002573	MAPK213	3.8859	0.4371	1.3223	0.20884655095899188	0.8162125868124561
ENSG00000003276	GNA706	4.1936	0.8803	1.3246	0.2081156546036419	0.8162125868124561
ENSG00000002414	RPL563	7.056	-0.5272	-1.3263	0.20755587771149545	0.8162125868124561
ENSG00000002424	DYNC179	2.0396	0.7086	1.3223	0.20887660238057715	0.8162125868124561
ENSG00000000096	EZH636	9.1975	-0.285	-1.3258	0.20774126683077293	0.8162125868124561
ENSG00000002801	DRD526	6.4262	-0.418	-1.3208	0.2093499638029122	0.8172417844743574
ENSG00000003265	MMP784	1.804	-0.9245	-1.3181	0.21024040780527314	0.8187823156809293
ENSG00000000781	GNA541	7.388	-0.3534	-1.3185	0.21008445828287592	0.8187823156809293
ENSG00000002228	MAPK413	3.0465	0.9008	1.3163	0.21079647490038314	0.8187823156809293
ENSG00000001670	EZH143	3.5719	0.6424	1.3172	0.21050543402438118	0.8187823156809293
ENSG00000003549	PLC229	9.551	-0.1542	-1.3168	0.21065849780224508	0.8187823156809293
ENSG00000002515	USP600	4.2467	-0.6177	-1.3154	0.21111534995431055	0.8192033320260983
ENSG00000000774	ABC818	7.9683	0.3168	1.3107	0.21264986089355345	0.8195173133305684
ENSG00000002625	MMP366	4.7868	0.5003	1.3087	0.21328505216979238	0.8195173133305684
ENSG00000002913	ANK667	5.399	-0.4929	-1.3109	0.21257528146887628	0.8195173133305684
ENSG00000000421	SUZ202	4.1336	-0.6571	-1.3114	0.21240448736292938	0.8195173133305684
ENSG00000000885	DNMT616	5.1158	0.3882	1.3094	0.21306620747665864	0.8195173133305684
ENSG00000002654	H2AF433	2.6645	0.7194	1.3087	0.21330191120345987	0.8195173133305684
ENSG00000003288	ADAM653	4.0497	0.4347	1.314	0.21157085435425277	0.8195173133305684
ENSG00000000443	HDAC102	2.0777	-0.6204	-1.3105	0.21269953218539867	0.8195173133305684
ENSG00000000485	KCN110	4.692	-0.5173	-1.3104	0.2127513718644335	0.8195173133305684
ENSG00000002395	CACN737	9.0978	-0.3428	-1.3104	0.21274390084529726	0.8195173133305684
ENSG00000001627	DNMT146	4.2706	0.4765	1.3069	0.21389064346215073	0.820159984585902
ENSG00000000911	COL725	4.9609	-0.7537	-1.3072	0.21380681572618987	0.820159984585902
ENSG00000000536	TIMM628	6.9874	-0.42	-1.3044	0.2147093910340813	0.8207434335264026
ENSG00000002101	RAB11FIP627	3.9961	-0.6832	-1.2987	0.21660099203938238	0.8207434335264026
ENSG00000003149	TIMM471	5.9201	-0.5373	-1.3027	0.21529445311399192	0.8207434335264026
ENSG00000003283	ZNF224	1.2088	-0.8685	-1.3	0.21618750550677013	0.8207434335264026
ENSG00000004027	KCN882	3.6734	0.4245	1.3033	0.2150764423498908	0.8207434335264026
ENSG00000000395	SUZ83	6.5289	-0.6149	-1.3008	0.21590689947443117	0.8207434335264026
ENSG00000002489	EIF868	3.5064	-0.6229	-1.3004	0.21603121490337246	0.8207434335264026
ENSG00000000030	ZNF424	4.828	0.4953	1.2991	0.2164791323766707	0.8207434335264026
ENSG00000000503	ADRB142	6.1801	0.4742	1.2969	0.21720599602574375	0.8207434335264026
ENSG00000000986	CYP163	7.5854	-0.2342	-1.2993	0.21642701546599952	0.8207434335264026
ENSG00000003102	HTR542	5.9191	0.2774	1.304	0.2148612980636937	0.8207434335264026
ENSG00000002668	MYO5	8.4885	-0.2495	-1.2982	0.21676473458509982	0.8207434335264026
ENSG00000002687	SCN584	6.5608	0.6269	1.2978	0.216915143032269	0.8207434335264026
ENSG00000001586	ARF65	1.2674	-0.7374	-1.2973	0.2170840719741196	0.8207434335264026
ENSG00000000396	MAPK269	7.0896	0.2881	1.3037	0.21493862510540038	0.8207434335264026
ENSG00000002951	EZH439	3.6176	-0.7348	-1.2941	0.21815239838894612	0.8221853368591643
ENSG00000000709	DRD839	7.4661	0.2955	1.294	0.21819523260486032	0.8221853368591643
ENSG00000003863	DDX887	6.6849	-0.3336	-1.2938	0.21825156394577416	0.8221853368591643
ENSG00000001876	PPP2R191	2.2056	-0.8587	-1.2933	0.21843258949444394	0.8221853368591643
ENSG00000002553	CUL880	1.2804	0.6037	1.2923	0.21874644689921197	0.8222968486365079
ENSG00000001124	KIF619	2.0308	-0.7097	-1.2919	0.2188847726586388	0.8222968486365079
ENSG00000001645	TOMM578	5.9063	-0.6269	-1.2902	0.21946480669824264	0.8227354925429659
ENSG00000003801	SEC496	2.1643	-0.7862	-1.2902	0.21944986645670211	0.8227354925429659
ENSG00000003753	MRPS489	2.3424	0.7342	1.2897	0.21963570831247214	0.8227354925429659
ENSG00000001198	KMT2509	1.5063	0.7814	1.2849	0.22126594260575264	0.8234765382923477
ENSG00000000082	PRKC52	7.207	-0.3518	-1.2857	0.22099084203974245	0.8234765382923477
ENSG00000002286	SMARC739	8.219	-0.2857	-1.2881	0.22016202831791115	0.8234765382923477
ENSG00000002798	COPB767	4.0566	-0.567	-1.286	0.22089302395050195	0.8234765382923477
ENSG00000000563	ARF415	1.8443	0.6515	1.287	0.2205501768341915	0.8234765382923477
ENSG00000001979	ZNF437	6.9269	0.3776	1.2849	0.22124984961234545	0.8234765382923477
ENSG00000002282	RAB11FIP517	3.6537	-0.9266	-1.2847	0.22131460921217772	0.8234765382923477
ENSG00000003507	SKP769	6.1304	-0.3623	-1.2837	0.2216608093331445	0.8239769531276011
ENSG00000001924	KMT263	6.5825	0.3365	1.28	0.2229079001953224	0.8275715748479919
ENSG00000003598	UGT473	1.7903	-0.7558	-1.2796	0.22305307862680976	0.8275715748479919
ENSG00000000414	RAB779	7.4348	0.2952	1.2779	0.22362398655744212	0.8287361113906796
ENSG00000004083	PRKC13	6.8715	0.5121	1.2774	0.22379281939147078	0.8287361113906796
ENSG00000000107	ARID635	8.6753	-0.3247	-1.276	0.224286441081476	0.8297745519858408
ENSG00000002592	ANAPC109	3.3862	-0.7096	-1.2754	0.22450094643721252	0.8297793765751483
ENSG00000000474	MRPS433	4.862	0.6635	1.2716	0.2257818916971967	0.8337221275953411
ENSG00000000270	ANK332	4.9339	0.6137	1.271	0.2260064962785631	0.8337604583091636
ENSG00000003841	MAPK25	1.3929	-0.6332	-1.2686	0.22682999893210276	0.8338899274416506
ENSG00000000978	ATAD465	3.7098	-0.6484	-1.2686	0.22682021403848898	0.8338899274416506
ENSG00000002677	SNX388	1.4636	-0.5414	-1.2699	0.22636419007402842	0.8338899274416506
ENSG00000000595	ARID515	2.1949	-0.7152	-1.2678	0.22711287849130257	0.8338899274416506
ENSG00000003177	ARF341	1.3588	-0.732	-1.268	0.22705267795071307	0.8338899274416506
ENSG00000000711	RPS343	1.9515	-0.6903	-1.2668	0.22745974792934692	0.8343428700985184
ENSG00000003059	BRD394	1.8124	0.6605	1.2656	0.2278793604611318	0.8343428700985184
ENSG00000002678	ADRB749	6.3954	-0.3629	-1.2656	0.22786793259466007	0.8343428700985184
ENSG00000000792	GRIN215	4.843	-0.4986	-1.2645	0.22825372653925685	0.8349281049725448
ENSG00000002899	TMEM742	4.2904	0.5518	1.2633	0.22867034543310466	0.8356666520428576
ENSG00000003246	ACTN796	8.1335	0.2847	1.2607	0.22956904757638583	0.83746956426503
ENSG00000000227	GABR814	3.7348	0.8077	1.2606	0.22959404549609125	0.83746956426503
ENSG00000000990	TUBB829	5.295	-0.7305	-1.2574	0.23071408482472897	0.8378717294984657
ENSG00000002819	GABR101	1.4679	-0.58	-1.2516	0.23276012591444778	0.8378717294984657
ENSG00000000926	PXN4	3.6922	-0.6778	-1.2527	0.23236905164478805	0.8378717294984657
ENSG00000002918	PPP2R561	7.5248	-0.3438	-1.2549	0.23162283228289082	0.8378717294984657
ENSG00000001302	PPP2R650	4.5887	0.4116	1.2492	0.2336212521268146	0.8378717294984657
ENSG00000000685	RHO858	6.7387	-0.3798	-1.2518	0.23268145261936587	0.8378717294984657
ENSG00000003256	ANK390	7.6704	0.2926	1.2579	0.23056236355656423	0.8378717294984657
ENSG00000001405	TET212	4.4374	0.6452	1.2559	0.23125089550082806	0.8378717294984657
ENSG00000001691	HTR560	10.8074	-0.2876	-1.2548	0.23164483878874645	0.8378717294984657
ENSG00000003963	TLN728	1.5405	-0.6338	-1.254	0.23193399043890908	0.8378717294984657
ENSG00000002283	RAB11FIP273	6.8666	0.4531	1.257	0.23087564611894773	0.8378717294984657
ENSG00000000802	KRT159	10.6791	-0.2994	-1.2488	0.2337738421553599	0.8378717294984657
ENSG00000003504	ADAM874	4.4877	-0.5709	-1.25	0.23334460076402005	0.8378717294984657
ENSG00000000379	NR5A2	5.6907	0.3658	1.2487	0.2337946295568689	0.8378717294984657
ENSG00000002394	H2AF294	2.6431	0.8936	1.2532	0.23220840373486257	0.8378717294984657
ENSG00000001804	CDC71	9.072	-0.3353	-1.2559	0.23125836650353784	0.8378717294984657
ENSG00000000512	KMT2268	2.4454	0.7188	1.2597	0.22992737279602585	0.8378717294984657
ENSG00000002716	HDAC681	2.7351	0.8244	1.2511	0.23295792779139762	0.8378717294984657
ENSG00000003719	KMT28	5.4577	0.402	1.2487	0.23378813092151499	0.8378717294984657
ENSG00000000927	VPS664	1.8986	0.5667	1.2463	0.23465234906373278	0.8390154444982617
ENSG00000002902	SLC516	7.7428	-0.403	-1.246	0.2347604879390049	0.8390154444982617
ENSG00000002881	DYNC482	2.657	-0.8203	-1.2467	0.2345050844847355	0.8390154444982617
ENSG00000001159	ANK556	12.1276	0.2301	1.245	0.23511188147719092	0.8395004061552541
ENSG00000000598	SNX779	2.7923	0.7699	1.2409	0.23657624331139784	0.8439548478166456
ENSG00000000809	ATAD283	5.2689	0.7192	1.2389	0.2372895724685999	0.844649381938597
ENSG00000000072	SUZ500	4.5833	-0.427	-1.2385	0.23742199995910201	0.844649381938597
ENSG00000003242	DDX268	7.2468	0.3317	1.2388	0.23731894505036955	0.844649381938597
ENSG00000000882	DUSP252	9.79	-0.3162	-1.2365	0.23814354871958654	0.8457197147523277
ENSG00000000103	TET674	5.5823	0.4054	1.2365	0.2381574530751673	0.8457197147523277
ENSG00000004003	SCN575	7.238	0.3059	1.2186	0.24464486341495295	0.8477038349555408
ENSG00000003885	KRT870	1.8451	-0.6224	-1.2279	0.24126142078542612	0.8477038349555408
ENSG00000001575	HDAC516	2.7283	0.5583	1.2319	0.23981791807820071	0.8477038349555408
ENSG00000000167	FBXO782	6.6477	-0.3607	-1.217	0.24525039007192675	0.8477038349555408
ENSG00000003888	MT-CO3	14.971	0.2823	1.2302	0.24040282386196193	0.8477038349555408
ENSG00000001894	ATAD141	3.6924	-0.8633	-1.223	0.24305529590901404	0.8477038349555408
ENSG00000003941	GNA548	2.8478	-0.8605	-1.2185	0.24469723855932418	0.8477038349555408
ENSG00000001784	PPP2R474	5.6461	-0.3305	-1.2221	0.24337851140501915	0.8477038349555408
ENSG00000003702	HTR444	2.8614	-0.6025	-1.2307	0.24024667002600542	0.8477038349555408
ENSG00000003429	RNF233	6.2044	-0.4277	-1.2233	0.24291816959715817	0.8477038349555408
ENSG00000002330	ABC104	7.5521	0.3603	1.222	0.24341572569315492	0.8477038349555408
ENSG00000000560	BRD508	6.8305	-0.3878	-1.2259	0.24199699688471468	0.8477038349555408
ENSG00000003530	DHX246	7.5148	0.2977	1.2178	0.24493188474657993	0.8477038349555408
ENSG00000003498	CHRM313	7.1961	0.2457	1.2182	0.24479445776857062	0.8477038349555408
ENSG00000002355	KIF90	12.285	-0.3014	-1.2324	0.23962988196043888	0.8477038349555408
ENSG00000000387	PLC629	4.1447	-0.4317	-1.2234	0.24289954622645513	0.8477038349555408
ENSG00000002004	ABC486	4.8257	0.5856	1.2175	0.2450694244847046	0.8477038349555408
ENSG00000000677	TLN748	3.9602	-0.5228	-1.2255	0.2421125610963548	0.8477038349555408
ENSG00000001420	PLC609	7.5906	0.3504	1.226	0.24193022326638206	0.8477038349555408
ENSG00000003354	PXN576	6.3816	0.3667	1.229	0.2408621651738968	0.8477038349555408
ENSG00000000704	VPS206	1.9083	-0.7132	-1.2305	0.2403261407196836	0.8477038349555408
ENSG00000002745	EIF328	5.0869	0.5452	1.2177	0.24498036226049372	0.8477038349555408
ENSG00000004122	TOMM360	2.2019	-0.9533	-1.2227	0.24316026016174816	0.8477038349555408
ENSG00000001660	GABR342	5.1516	-0.4964	-1.2197	0.24425813891939238	0.8477038349555408
ENSG00000004179	MAPK508	5.068	0.4148	1.2249	0.24235933339913912	0.8477038349555408
ENSG00000001644	SUZ218	1.5031	0.6388	1.2231	0.24299182137152026	0.8477038349555408
ENSG00000002969	MAPK879	3.9072	-0.3994	-1.2185	0.24469280831547563	0.8477038349555408
ENSG00000002851	IL6	5.7187	0.6352	1.2182	0.24480463626415033	0.8477038349555408
ENSG00000000743	VCL78	7.6695	-0.2803	-1.2331	0.2393742541058797	0.8477038349555408
ENSG00000002163	CCNB478	6.4179	0.4346	1.2299	0.240514474788454	0.8477038349555408
ENSG00000003404	MRPS835	5.0147	0.461	1.2143	0.24623806686983146	0.8490445130847974
ENSG00000001069	CDC757	6.0362	0.49	1.2141	0.24629271718210083	0.8490445130847974
ENSG00000000670	CCNB381	1.9353	-0.8647	-1.2148	0.24605935299562445	0.8490445130847974
ENSG00000003783	ARF230	2.7068	-0.7642	-1.2092	0.24811425517960645	0.8494842344970627
ENSG00000001283	SKP635	4.8346	-0.5065	-1.2092	0.24811947171858287	0.8494842344970627
ENSG00000002777	SMARC876	2.2232	0.6918	1.212	0.24708037724771117	0.8494842344970627
ENSG00000000671	DDX512	5.5686	0.3872	1.2095	0.24801321625439943	0.8494842344970627
ENSG00000003971	RPL336	8.3744	0.4073	1.2121	0.24703454219869142	0.8494842344970627
ENSG00000003680	USP198	8.0452	-0.3344	-1.2091	0.24814252713399412	0.8494842344970627
ENSG00000003393	MRPL174	4.7096	-0.5795	-1.2106	0.24761040328812367	0.8494842344970627
ENSG00000001776	FBXO877	8.6941	-0.3276	-1.2091	0.24816638607994868	0.8494842344970627
ENSG00000001649	KRT323	6.6227	-0.3075	-1.205	0.24966452732256592	0.8500911441243224
ENSG00000004141	TIMM246	8.5526	-0.2779	-1.2048	0.24976951968942726	0.8500911441243224
ENSG00000001065	GRIN141	4.9952	0.4854	1.2039	0.2500910483099561	0.8500911441243224
ENSG00000001535	RHO711	7.9968	0.2769	1.205	0.24968289450547976	0.8500911441243224
ENSG00000003782	ANK631	5.1953	0.4892	1.2066	0.24907978868497677	0.8500911441243224
ENSG00000002288	KCN686	8.6124	-0.2065	-1.2059	0.24935264193042753	0.8500911441243224
ENSG00000002419	MAPK698	3.092	0.615	1.2064	0.24916367830014996	0.8500911441243224
ENSG00000003489	CTNNB1	3.4889	0.7588	1.2041	0.25001480976755885	0.8500911441243224
ENSG00000000020	MRPS449	5.9001	0.5106	1.2015	0.25100324669504054	0.8521847064824589
ENSG00000000034	DNMT385	3.4777	0.5588	1.2011	0.2511448762423896	0.8521847064824589
ENSG00000002710	SIRT631	3.2979	0.7072	1.2004	0.2513954938574543	0.8522920401508817
ENSG00000001509	KDM521	6.4362	-0.3983	-1.1994	0.251771715492061	0.8523700572050417
ENSG00000000544	KDM705	7.8824	0.4236	1.1992	0.2518565174167004	0.8523700572050417
ENSG00000000538	HIST1H82	1.2112	-0.6802	-1.1953	0.25330797022315404	0.853935020124146
ENSG00000004026	KIF197	4.5348	0.5903	1.1955	0.2532437053233429	0.853935020124146
ENSG00000004185	RHO576	1.698	-0.7279	-1.1972	0.2525898740540771	0.853935020124146
ENSG00000003008	KDM575	4.5843	-0.4544	-1.1967	0.25278849204299353	0.853935020124146
ENSG00000002487	MMP181	7.1486	0.3314	1.195	0.2534159682023095	0.853935020124146
ENSG00000000284	DYNC780	7.9981	0.3861	1.1931	0.2541669184525123	0.8542466723809826
ENSG00000003138	SNX885	3.8227	0.5176	1.1935	0.2540136116128771	0.8542466723809826
ENSG00000001194	USP633	4.9814	0.4132	1.1934	0.25404384823877585	0.8542466723809826
ENSG00000000509	FBXO597	6.569	-0.4422	-1.19	0.2553240847779881	0.8571250520246628
ENSG00000003392	BRD93	6.939	-0.4325	-1.1896	0.2554637873454802	0.8571250520246628
ENSG00000001506	GNA769	6.2828	0.4361	1.1881	0.2560420022186757	0.8583251271620033
ENSG00000001758	VCL68	7.7613	0.437	1.1875	0.25627630167768317	0.8583712273059749
ENSG00000003581	KIF323	4.4954	0.7051	1.1848	0.25731507645632423	0.8601463619904184
ENSG00000003993	VPS501	5.4072	-0.557	-1.1844	0.25746929900278454	0.8601463619904184
ENSG00000000464	EIF175	6.8924	0.261	1.1851	0.2572074914846999	0.8601463619904184
ENSG00000003639	HDAC15	1.7894	-0.5141	-1.1781	0.2598715481478561	0.8615583051896843
ENSG00000002492	GABR823	2.0645	-0.5926	-1.1749	0.2611144836554577	0.8615583051896843
ENSG00000000441	TOMM348	4.8392	0.4631	1.1733	0.2617182097700083	0.8615583051896843
ENSG00000001200	RNF281	3.4493	-0.8935	-1.1814	0.2585907128146763	0.8615583051896843
ENSG00000004197	H2AF710	7.2165	0.3055	1.1738	0.26154799355403585	0.8615583051896843
ENSG00000001132	PRKC135	9.6789	0.288	1.1773	0.26016913426921856	0.8615583051896843
ENSG00000002371	ZNF215	4.4371	-0.5768	-1.1814	0.2585902757452362	0.8615583051896843
ENSG00000003814	GRIN119	5.3979	-0.3664	-1.1738	0.2615319100740746	0.8615583051896843
ENSG00000003728	KMT2443	4.2384	-0.7088	-1.1808	0.258825521154209	0.8615583051896843
ENSG00000000325	CYP820	5.2004	-0.3751	-1.1784	0.2597433461613419	0.8615583051896843
ENSG00000004084	TIMM560	7.2864	0.2728	1.1737	0.26156296869746953	0.8615583051896843
ENSG00000000312	SUZ848	1.055	0.5134	1.1737	0.2615812865157814	0.8615583051896843
ENSG00000003355	KDM195	1.0776	0.4823	1.1731	0.2618113694608017	0.8615583051896843
ENSG00000001014	KCN599	8.9371	0.1612	1.1793	0.25940254631704385	0.8615583051896843
ENSG00000001010	COPB727	3.4353	0.5504	1.1729	0.26187653521053356	0.8615583051896843
ENSG00000000777	HIST1H445	3.3143	-0.8267	-1.1749	0.26111437997730347	0.8615583051896843
ENSG00000001632	PTEN	4.5054	-0.5125	-1.1766	0.2604316216720084	0.8615583051896843
ENSG00000000842	GRIN140	6.1024	-0.2511	-1.1824	0.25822065539844086	0.8615583051896843
ENSG00000002869	UBE2467	5.455	0.3287	1.1722	0.2621433508135309	0.8617077038566404
ENSG00000003892	HTR439	4.8507	-0.741	-1.1715	0.26243216904445016	0.8619291155451477
ENSG00000001167	BRD631	1.9853	0.4765	1.1609	0.2665604584379289	0.8631225117326886
ENSG00000004144	SUZ370	9.3269	0.2635	1.1689	0.26343253500041686	0.8631225117326886
ENSG00000002770	DRD750	3.3861	-0.4519	-1.1669	0.2642271013334322	0.8631225117326886
ENSG00000003948	ANK167	7.7242	-0.3181	-1.1622	0.26603566178238763	0.8631225117326886
ENSG00000003830	BAK1	3.5491	-0.6743	-1.1623	0.2660046319764309	0.8631225117326886
ENSG00000001764	H2AF44	7.0809	0.4405	1.162	0.2661262176455524	0.8631225117326886
ENSG00000001105	SIRT729	8.5265	-0.3047	-1.1583	0.26757500586311517	0.8631225117326886
ENSG00000001108	TP53	3.1228	0.546	1.1606	0.26668962955397607	0.8631225117326886
ENSG00000000415	DRD280	4.7502	-0.3056	-1.1581	0.26767442745666886	0.8631225117326886
ENSG00000003023	KIF41	4.5442	-0.5705	-1.1599	0.26694629764154737	0.8631225117326886
ENSG00000003684	COPB105	6.0393	0.3036	1.1682	0.2637175947001127	0.8631225117326886
ENSG00000000829	KIF652	1.5717	-0.6714	-1.1586	0.26746466050923917	0.8631225117326886
ENSG00000003872	SUZ312	1.8689	0.5164	1.1629	0.2657574467381761	0.8631225117326886
ENSG00000001538	DUSP344	1.5739	-0.5202	-1.1609	0.26656537475458847	0.8631225117326886
ENSG00000003721	KDM507	9.7151	-0.3003	-1.1594	0.2671477477865063	0.8631225117326886
ENSG00000001544	DYNC845	5.7267	-0.5516	-1.1618	0.26619186704296677	0.8631225117326886
ENSG00000001654	RPL825	1.8782	0.5602	1.1623	0.26601399522380176	0.8631225117326886
ENSG00000000093	ANAPC121	2.2446	0.8203	1.1595	0.2671020665732506	0.8631225117326886
ENSG00000001137	PRKC195	7.1239	-0.3895	-1.1586	0.2674564537584432	0.8631225117326886
ENSG00000001191	GABR245	4.2558	-0.7167	-1.1691	0.2633687470896394	0.8631225117326886
ENSG00000000708	ABC215	6.2105	0.4646	1.1642	0.26527987332025665	0.8631225117326886
ENSG00000003428	UBE2286	3.9908	-0.7073	-1.1618	0.26619650193692496	0.8631225117326886
ENSG00000001305	RPS462	3.6051	0.7859	1.1557	0.2685850347400079	0.8641570726150963
ENSG00000003891	ACTN269	5.8098	-0.4836	-1.1565	0.2682842105293926	0.8641570726150963
ENSG00000000499	SMARC389	5.2505	0.4891	1.1556	0.26866137149647135	0.8641570726150963
ENSG00000001295	SLC61	8.5919	0.3394	1.155	0.2688889312294419	0.864174831003293
ENSG00000001277	TRIM527	1.2525	0.5366	1.1544	0.26911702289389383	0.8641942682368273
ENSG00000000194	SKP801	4.0962	0.4621	1.1533	0.2695620077233905	0.8649095911454541
ENSG00000003686	KIF845	6.2775	-0.3668	-1.1526	0.26982851063324287	0.8650515349131641
ENSG00000003518	H2AF52	4.2523	0.6058	1.1515	0.2702647878608185	0.865737081773091
ENSG00000003577	KCN355	7.3708	-0.3647	-1.1494	0.27109258498425853	0.8662498692600445
ENSG00000001432	TRIM106	2.4216	0.601	1.1499	0.27090975407014095	0.8662498692600445
ENSG00000003210	CCNB377	4.2405	0.5657	1.1503	0.27074412172715556	0.8662498692600445
ENSG00000001639	CYP332	5.1507	0.4427	1.1489	0.2713168149302413	0.8662551630094332
ENSG00000003348	ABC72	2.6565	0.6752	1.1482	0.27156128072830654	0.8663250037660402
ENSG00000003547	COPB367	1.6218	-0.7449	-1.1475	0.27185579814455463	0.8665542722183509
ENSG00000002319	CUL300	2.7468	0.8145	1.1465	0.27225559698010454	0.8671184807255048
ENSG00000000360	HDAC785	10.684	-0.285	-1.1425	0.2738529648976087	0.8679444131771117
ENSG00000002242	VPS103	4.2185	-0.9318	-1.1449	0.2728987049743961	0.8679444131771117
ENSG00000002649	TMEM76	6.5104	0.2937	1.1445	0.27305455215283236	0.8679444131771117
ENSG00000000271	VCL360	7.1136	0.3954	1.1433	0.273547420001374	0.8679444131771117
ENSG00000002842	GNA514	6.1822	-0.297	-1.1431	0.2736306619642996	0.8679444131771117
ENSG00000001775	RPL304	4.2732	-0.4268	-1.1436	0.2733979908024653	0.8679444131771117
ENSG00000003584	TLN597	6.5963	0.3734	1.1414	0.2742790820794682	0.8685876220124413
ENSG00000003214	SEC828	1.1767	0.7032	1.14	0.27487229838910293	0.8697585246588525
ENSG00000000954	OR577	3.8326	-0.71	-1.1391	0.2752364839604337	0.8702034082648319
ENSG00000002771	SPTB136	1.5314	-0.8372	-1.1274	0.27993641686247195	0.8702962527204106
ENSG00000001471	TET38	8.6581	-0.2456	-1.1306	0.2786491854444498	0.8702962527204106
ENSG00000000539	DHX638	1.6851	0.4996	1.1306	0.27864639801766566	0.8702962527204106
ENSG00000002752	SUZ203	5.5315	0.4143	1.1284	0.27956008986264463	0.8702962527204106
ENSG00000000799	ARF549	7.6133	0.3941	1.1362	0.2763741014005	0.8702962527204106
ENSG00000002949	SNX791	4.0205	-0.6574	-1.1241	0.2812874423307926	0.8702962527204106
ENSG00000001842	VCL46	7.6209	-0.3179	-1.1249	0.2809758716619692	0.8702962527204106
ENSG00000001215	ERCC1	4.275	-0.4114	-1.1332	0.2776075014980829	0.8702962527204106
ENSG00000002575	MMP884	4.1945	-0.631	-1.1219	0.2821978085645319	0.8702962527204106
ENSG00000000243	COL341	2.2868	-0.8435	-1.123	0.28173665292443045	0.8702962527204106
ENSG00000000159	RAB552	4.8164	0.5165	1.1265	0.2803148509509764	0.8702962527204106
ENSG00000003976	GRIN485	2.2317	0.7766	1.1284	0.27956151822741115	0.8702962527204106
ENSG00000004110	MMP163	4.5403	-0.6898	-1.1325	0.277887794718092	0.8702962527204106
ENSG00000004034	MRPL569	5.5024	0.4791	1.1336	0.2774511882822029	0.8702962527204106
ENSG00000000205	USP76	4.714	0.6677	1.13	0.27889990626242706	0.8702962527204106
ENSG00000003961	CDC494	6.0165	0.4359	1.1316	0.2782267650694258	0.8702962527204106
ENSG00000002773	SMAD7	1.8478	-0.7054	-1.1261	0.28050000595162117	0.8702962527204106
ENSG00000001178	ANK255	4.7884	0.494	1.1253	0.28080733547807646	0.8702962527204106
ENSG00000004148	SNX292	6.4021	0.4623	1.1224	0.28199565152747086	0.8702962527204106
ENSG00000004102	TOMM47	3.3365	0.7743	1.1346	0.27702821985561604	0.8702962527204106
ENSG00000001700	SCN455	2.1111	-0.8196	-1.1228	0.2818321189423372	0.8702962527204106
ENSG00000003397	RAB750	6.7813	-0.2882	-1.1224	0.28198756348971865	0.8702962527204106
ENSG00000003396	CYP502	6.322	0.4083	1.1278	0.2798081705086339	0.8702962527204106
ENSG00000003471	SPTB874	6.3299	-0.3866	-1.1384	0.2755023963099266	0.8702962527204106
ENSG00000000654	PXN50	4.3185	0.4918	1.1229	0.2817785536668092	0.8702962527204106
ENSG00000000674	GNA556	6.3065	-0.377	-1.1291	0.27928093182188907	0.8702962527204106
ENSG00000004096	KCN899	3.7883	-0.6174	-1.1275	0.2798923670780429	0.8702962527204106
ENSG00000001450	RAB11FIP509	4.1863	0.7459	1.1268	0.28019573980712875	0.8702962527204106
ENSG00000003365	ANAPC605	8.3855	-0.1506	-1.1369	0.27611068927098237	0.8702962527204106
ENSG00000000981	PPP2R477	2.3654	0.7417	1.1306	0.2786581170245111	0.8702962527204106
ENSG00000003773	PPP1R432	3.5295	-0.7087	-1.1289	0.2793287487035797	0.8702962527204106
ENSG00000003036	TIMM686	7.2379	-0.2812	-1.1183	0.2836951907529507	0.871021407356041
ENSG00000003945	SPTB608	1.2299	-0.5377	-1.117	0.28422332665523437	0.871021407356041
ENSG00000002843	SNX652	4.0258	-0.5155	-1.1192	0.2833241240099619	0.871021407356041
ENSG00000002626	DNMT110	4.7153	-0.6578	-1.1178	0.283904230671475	0.871021407356041
ENSG00000004055	ZNF758	3.6956	-0.684	-1.118	0.2838016006635676	0.871021407356041
ENSG00000002323	DHX650	1.3362	-0.6405	-1.1185	0.28360585193507326	0.871021407356041
ENSG00000002466	MRPL536	5.8236	-0.5174	-1.1172	0.2841175281699924	0.871021407356041
ENSG00000000784	SEC894	6.1289	0.4121	1.1173	0.2840944229755295	0.871021407356041
ENSG00000003135	EZH371	5.0769	0.4408	1.1153	0.28491625777213536	0.8717720717367538
ENSG00000004188	TET887	4.5233	-0.5761	-1.1155	0.2848366722898452	0.8717720717367538
ENSG00000002775	CDC268	8.009	-0.3036	-1.1131	0.2858333780232556	0.8738912075934884
ENSG00000001141	BRD818	5.5282	-0.4518	-1.1117	0.28638709066207696	0.8748968264182131
ENSG00000002293	KIF435	7.1071	0.3295	1.1101	0.28707640519823574	0.8756280321563743
ENSG00000000632	DDX868	5.5343	0.4264	1.1104	0.28694739926182833	0.8756280321563743
ENSG00000003263	RPL712	6.7975	-0.379	-1.1055	0.2889755106904243	0.8772953881490884
ENSG00000003968	DYNC235	10.1885	0.29	1.1081	0.2879082085504158	0.8772953881490884
ENSG00000003553	MAPK228	9.0707	0.1874	1.1069	0.28838080069434613	0.8772953881490884
ENSG00000001062	ANK120	2.7436	-0.4897	-1.1066	0.2885409042608992	0.8772953881490884
ENSG00000003797	TUBB213	3.9323	-0.5225	-1.107	0.2883635644865112	0.8772953881490884
ENSG00000000608	TUBB287	8.0119	-0.2717	-1.106	0.28875623491842956	0.8772953881490884
ENSG00000001811	CACN776	4.3296	-0.4782	-1.1048	0.28927672661969434	0.877525346846337
ENSG00000004067	SPTB713	4.8991	0.4334	1.0948	0.293466014568573	0.8787154483149151
ENSG00000003064	GABR209	9.3097	-0.2788	-1.1	0.29128914963621005	0.8787154483149151
ENSG00000003046	TMEM632	6.6516	0.3457	1.1009	0.29091345453770445	0.8787154483149151
ENSG00000000622	SUZ177	3.6239	-0.4546	-1.0971	0.2924838775580471	0.8787154483149151
ENSG00000003555	EIF890	3.2085	0.732	1.1029	0.2900807472065325	0.8787154483149151
ENSG00000003560	ARID821	8.0002	-0.2459	-1.0991	0.2916687030105798	0.8787154483149151
ENSG00000003486	TLN149	8.4216	0.2341	1.0984	0.2919428031985662	0.8787154483149151
ENSG00000001984	HTR833	3.4258	0.679	1.1017	0.29057515095972286	0.8787154483149151
ENSG00000002990	SEC770	5.2906	0.4853	1.0945	0.2935954634121437	0.8787154483149151
ENSG00000004190	TIMM639	6.8273	0.408	1.0989	0.2917335262806157	0.8787154483149151
ENSG00000000124	BRD617	8.892	-0.3066	-1.0937	0.29395876508376656	0.8787154483149151
ENSG00000002567	RPS784	1.4585	0.6739	1.0952	0.2933119014248669	0.8787154483149151
ENSG00000001245	RAB11FIP483	3.7848	-0.7887	-1.1011	0.2908179734976252	0.8787154483149151
ENSG00000000259	GNA76	7.9443	0.3074	1.0976	0.2922771919728494	0.8787154483149151
ENSG00000001521	ATAD310	4.4825	-0.3642	-1.0941	0.2937535021600045	0.8787154483149151
ENSG00000003672	ABC788	5.3954	-0.3693	-1.098	0.29214601283193836	0.8787154483149151
ENSG00000000164	PLC322	1.116	-0.5713	-1.0948	0.2934696783535038	0.8787154483149151
ENSG00000003999	GRIN350	2.6371	-0.8811	-1.0978	0.29219881274776593	0.8787154483149151
ENSG00000001156	FH	4.0108	-0.4971	-1.0952	0.29332486277475567	0.8787154483149151
ENSG00000004095	ATAD83	6.2937	0.5193	1.0924	0.29447981973690707	0.8794509436622109
ENSG00000001492	H2AF719	1.4757	-0.5844	-1.092	0.29465673960316624	0.8794509436622109
ENSG00000000084	HIST1H171	4.1855	0.5143	1.0909	0.2951267345934912	0.8795047863995924
ENSG00000003871	DDX115	6.2721	0.5513	1.0912	0.29498993764211445	0.8795047863995924
ENSG00000004043	SNX27	1.5213	0.4578	1.0901	0.2954503842623363	0.8797956354621368
ENSG00000003777	GRIN863	2.092	0.6496	1.0871	0.2967175874658641	0.8808732650016345
ENSG00000000786	PPP1R486	7.4752	-0.4088	-1.0876	0.29653261129734404	0.8808732650016345
ENSG00000003992	SPTB322	3.3144	-0.7267	-1.088	0.29637517490294013	0.8808732650016345
ENSG00000001582	PPARG	5.0769	0.3678	1.0872	0.2967092058794189	0.8808732650016345
ENSG00000002484	RAB11FIP272	7.8791	0.2584	1.0862	0.29711204097810895	0.8813719996088415
ENSG00000000740	UGT341	2.6457	0.7506	1.0843	0.29791836891014006	0.8830908543779629
ENSG00000000043	CUL463	5.8425	-0.4123	-1.0449	0.31509122366621956	0.88539395576251
ENSG00000000679	CUL856	4.2547	0.6061	1.0487	0.3134078901064508	0.88539395576251
ENSG00000002015	KDM2	5.5274	-0.354	-1.066	0.3058414930857891	0.88539395576251
ENSG00000002033	ADRB94	7.3182	-0.3841	-1.0628	0.3072021686357717	0.88539395576251
ENSG00000002648	CCNB229	7.5086	-0.2532	-1.0387	0.31786980743451587	0.88539395576251
ENSG00000003424	DUSP842	4.4505	-0.519	-1.0444	0.3153318133567111	0.88539395576251
ENSG00000000402	KDM431	4.6882	0.463	1.0684	0.3047766242000316	0.88539395576251
ENSG00000002198	EZH285	3.9411	0.5882	1.0391	0.3177218167324382	0.88539395576251
ENSG00000000435	DHX610	4.4575	0.3854	1.0453	0.3149111630638417	0.88539395576251
ENSG00000003414	KDM815	6.5099	-0.3626	-1.0699	0.3041332931933908	0.88539395576251
ENSG00000001925	DNMT535	7.7229	0.2227	1.0384	0.318030361331575	0.88539395576251
ENSG00000003610	TLN701	7.7191	0.2089	1.0501	0.31279942762349433	0.88539395576251
ENSG00000001896	H2AF150	7.8962	-0.3347	-1.0482	0.3136418426451779	0.88539395576251
ENSG00000001470	TET474	4.7655	-0.7311	-1.0464	0.3144427966200879	0.88539395576251
ENSG00000002602	CHRM526	3.8063	0.5316	1.0755	0.30168781414987567	0.88539395576251
ENSG00000001941	PXN553	1.4365	-0.505	-1.0772	0.30097149540948853	0.88539395576251
ENSG00000002412	VPS546	5.3157	-0.5702	-1.0724	0.30304070406171185	0.88539395576251
ENSG00000002405	SKP212	7.4614	-0.2864	-1.0478	0.31380054534270047	0.88539395576251
ENSG00000000739	UBE2568	3.22	-0.7615	-1.0774	0.30090715842884086	0.88539395576251
ENSG00000000676	SPTB492	5.1589	-0.4278	-1.0666	0.30557693166668437	0.88539395576251
ENSG00000003225	ARID894	5.1319	0.4324	1.0449	0.31512636710985514	0.88539395576251
ENSG00000002042	GLUT4	3.1763	-0.527	-1.0391	0.3177143640975131	0.88539395576251
ENSG00000003137	DHX154	6.4342	0.2801	1.0579	0.30936371231746407	0.88539395576251
ENSG00000000992	VPS237	3.8466	0.7702	1.0576	0.3095139226923314	0.88539395576251
ENSG00000003399	HTR521	9.1498	-0.2011	-1.0684	0.30476876593599433	0.88539395576251
ENSG00000003116	FN1	2.7668	-0.6151	-1.0543	0.3109501614170787	0.88539395576251
ENSG00000003374	CYP386	2.89	-0.7056	-1.0573	0.3096280298009166	0.88539395576251
ENSG00000000596	GABR135	4.2432	-0.567	-1.0504	0.31265205843681876	0.88539395576251
ENSG00000001638	SEC431	5.7517	-0.3669	-1.0393	0.3176231745152089	0.88539395576251
ENSG00000002136	BRD850	7.5424	-0.3377	-1.0707	0.30376035812356716	0.88539395576251
ENSG00000002448	MMP573	11.0251	0.1564	1.0406	0.3170417412393073	0.88539395576251
ENSG00000004147	RPS35	2.9364	-0.8497	-1.039	0.31775535314921055	0.88539395576251
ENSG00000001647	SEC234	8.0741	0.2156	1.0643	0.3065434217414347	0.88539395576251
ENSG00000002453	ACTN601	6.0705	-0.3208	-1.0744	0.30219541401088645	0.88539395576251
ENSG00000003698	GNA283	3.7679	-0.5276	-1.0706	0.3038191001350052	0.88539395576251
ENSG00000000342	SPTB219	11.2692	-0.2646	-1.0737	0.3024685053763103	0.88539395576251
ENSG00000003788	MMP105	5.1938	-0.5107	-1.0584	0.3091503951507698	0.88539395576251
ENSG00000002603	KRT556	8.4778	-0.2209	-1.0632	0.3070244321348959	0.88539395576251
ENSG00000001240	RHO305	8.018	0.2172	1.0632	0.3070551644821064	0.88539395576251
ENSG00000002340	GABR279	3.1634	-0.7056	-1.0526	0.3116887539605462	0.88539395576251
ENSG00000003025	GABR461	8.3211	-0.2415	-1.0792	0.3001307757850926	0.88539395576251
ENSG00000002611	MYO186	4.3763	-0.7825	-1.0512	0.3123171137687716	0.88539395576251
ENSG00000002555	SNAI2	3.6246	0.6368	1.0388	0.31783101190739493	0.88539395576251
ENSG00000003683	SKP232	8.0425	0.1927	1.0515	0.31219296862338747	0.88539395576251
ENSG00000001861	TET689	2.9906	0.6449	1.0744	0.30220268832575586	0.88539395576251
ENSG00000003703	OR752	3.228	0.585	1.0549	0.31066474220271406	0.88539395576251
ENSG00000003638	TIMM336	3.3805	0.4997	1.0759	0.3015419179130239	0.88539395576251
ENSG00000000830	MYO251	2.8897	-0.5232	-1.074	0.30233766567313386	0.88539395576251
ENSG00000002974	DNMT582	7.9614	-0.2823	-1.0797	0.29991282459586344	0.88539395576251
ENSG00000002999	GNA381	5.4998	-0.5094	-1.0517	0.31208417808878947	0.88539395576251
ENSG00000004039	SNX78	2.7206	-0.7865	-1.0626	0.307284410845857	0.88539395576251
ENSG00000000920	TMEM745	10.2455	0.2248	1.0575	0.30955795074744386	0.88539395576251
ENSG00000002846	KCN782	2.8199	-0.5629	-1.0598	0.3085500426731016	0.88539395576251
ENSG00000001745	TRIM435	7.9519	-0.2109	-1.0773	0.30092957641787704	0.88539395576251
ENSG00000000113	ADRB857	5.6206	-0.4176	-1.0401	0.31726295307787544	0.88539395576251
ENSG00000000005	GABR130	3.442	0.4389	1.0565	0.3099975789183147	0.88539395576251
ENSG00000000003	DYNC643	1.886	0.5772	1.0667	0.30550143446449674	0.88539395576251
ENSG00000004196	TRIM752	2.8073	-0.7219	-1.0583	0.3092001879265445	0.88539395576251
ENSG00000000087	CYP143	7.2807	0.2552	1.0379	0.31825954370805537	0.88539395576251
ENSG00000001802	CYP242	6.1914	-0.2884	-1.0677	0.30510256882649966	0.88539395576251
ENSG00000001695	MMP414	2.0617	-0.6608	-1.0432	0.3158538848793817	0.88539395576251
ENSG00000000158	ARF786	2.3075	0.6251	1.0488	0.31335676693224984	0.88539395576251
ENSG00000004051	SUZ132	3.6017	0.4225	1.0403	0.3171623628907001	0.88539395576251
ENSG00000000846	MAPK706	3.267	-0.6468	-1.0519	0.31199442884718703	0.88539395576251
ENSG00000002905	DYNC816	1.9575	0.5958	1.0711	0.30360757987681336	0.88539395576251
ENSG00000001301	MRPL555	7.134	0.3581	1.0685	0.30473901691316574	0.88539395576251
ENSG00000002722	FBXO29	5.0136	0.5823	1.0605	0.30823989668408847	0.88539395576251
ENSG00000000988	KMT254	7.1721	0.2456	1.0532	0.3114488395701435	0.88539395576251
ENSG00000000686	SPTB138	3.2532	-0.6908	-1.0802	0.29967958467258216	0.88539395576251
ENSG00000000593	VCL728	4.1381	0.4165	1.0663	0.3056917482793673	0.88539395576251
ENSG00000003336	PXN531	1.4486	-0.5372	-1.0787	0.3003246933136735	0.88539395576251
ENSG00000003483	ANAPC795	6.8941	-0.3158	-1.0412	0.3167512486842748	0.88539395576251
ENSG00000001978	TLN140	1.5899	-0.5854	-1.0622	0.30749141005133945	0.88539395576251
ENSG00000001503	EZH414	5.3277	-0.3653	-1.0417	0.3165223483310337	0.88539395576251
ENSG00000003760	UBE2676	4.0392	0.5343	1.0501	0.31280710161508096	0.88539395576251
ENSG00000001833	SIRT778	2.2998	-0.6149	-1.0383	0.3180501575019248	0.88539395576251
ENSG00000000880	PPP2R288	9.8061	-0.2604	-1.0414	0.31665383976694433	0.88539395576251
ENSG00000000900	DHX695	5.9455	0.3935	1.0812	0.29926991930721225	0.88539395576251
ENSG00000000301	KIF110	5.607	0.4895	1.0441	0.3154521570418467	0.88539395576251
ENSG00000000797	DRD443	5.454	-0.3357	-1.0384	0.31800006142630965	0.88539395576251
ENSG00000001338	KRT82	2.1926	-0.4239	-1.0691	0.3044556905479179	0.88539395576251
ENSG00000003541	CCNB560	1.4352	-0.5244	-1.0532	0.3114359651917562	0.88539395576251
ENSG00000002103	UBE2399	4.5842	0.4766	1.0703	0.3039355435734845	0.88539395576251
ENSG00000003351	ADAM501	7.4202	-0.214	-1.056	0.31020155006191286	0.88539395576251
ENSG00000002478	HTR776	9.938	-0.2366	-1.0491	0.3132645207685467	0.88539395576251
ENSG00000001962	ANAPC513	6.723	0.3135	1.0753	0.3017821185443288	0.88539395576251
ENSG00000000559	KRT298	6.1378	-0.3725	-1.0367	0.31879435561717395	0.8862483086157436
ENSG00000001845	HDAC402	6.5082	0.4326	1.036	0.3191080221542747	0.8863880727732452
ENSG00000000165	DUSP295	5.109	-0.3267	-1.0355	0.31930012282325015	0.8863880727732452
ENSG00000002367	CACN470	3.3445	0.7394	1.0349	0.3195796744640437	0.8865317840442324
ENSG00000002810	GRIN700	6.2194	0.2937	1.034	0.3200043602932693	0.8870776141462992
ENSG00000001419	DYNC31	4.404	-0.3745	-1.0334	0.32026764311693406	0.8871755637089733
ENSG00000000811	SKP479	1.3426	0.7506	1.0316	0.3210699908727395	0.8875031281794761
ENSG00000001005	GNA136	5.4258	-0.2746	-1.0325	0.32065735376197574	0.8875031281794761
ENSG00000000614	ABC285	1.7051	-0.7423	-1.0318	0.32098888219479726	0.8875031281794761
ENSG00000000690	PPP2R272	5.4997	-0.3506	-1.0268	0.32324209598729825	0.8884407986132805
ENSG00000004070	ADRB334	7.9659	-0.3304	-1.0284	0.3224953055362906	0.8884407986132805
ENSG00000004175	TOMM262	4.9888	0.4632	1.0261	0.3235662533734497	0.8884407986132805
ENSG00000001599	SNX10	5.6264	0.3325	1.0252	0.3239742200269917	0.8884407986132805
ENSG00000000181	PRKC521	3.1334	-0.7044	-1.0245	0.32429177628022876	0.8884407986132805
ENSG00000000032	TRIM620	2.9212	0.7035	1.0283	0.3225670306600287	0.8884407986132805
ENSG00000001474	KRT829	8.3115	0.2539	1.0285	0.32245690126098925	0.8884407986132805
ENSG00000001345	HIST1H366	5.9836	0.3561	1.0245	0.32429903426880213	0.8884407986132805
ENSG00000002173	KCN796	6.0872	-0.35	-1.0263	0.3234817156851968	0.8884407986132805
ENSG00000003723	CACN865	8.5029	0.3012	1.0289	0.32227316208981194	0.8884407986132805
ENSG00000002838	MRPL808	8.2852	-0.2764	-1.0243	0.32437676640017254	0.8884407986132805
ENSG00000004076	OR211	8.1551	-0.2303	-1.0278	0.3228057989879056	0.8884407986132805
ENSG00000004135	MMP811	2.3626	0.5317	1.0289	0.32230011550212334	0.8884407986132805
ENSG00000000086	CUL119	2.8555	-0.6826	-1.0235	0.32475238576153664	0.8888440825484534
ENSG00000001226	TET292	9.7421	-0.1887	-1.0001	0.33549580497091325	0.8890667675589511
ENSG00000004192	DHX165	7.2613	-0.3534	-1.0181	0.32719172292337606	0.8890667675589511
ENSG00000000127	CYP745	2.566	-0.5131	-0.9998	0.33564483957787317	0.8890667675589511
ENSG00000002439	KDM455	4.797	0.4125	1.0053	0.33308922265389174	0.8890667675589511
ENSG00000000126	CACN205	6.7723	-0.2683	-1.0081	0.3318059941484939	0.8890667675589511
ENSG00000002965	EIF68	4.1559	-0.4816	-1.0113	0.330321716689405	0.8890667675589511
ENSG00000003029	HTR123	4.4531	0.5368	0.9978	0.33658346818722085	0.8890667675589511
ENSG00000002360	TUBB563	7.0918	0.3579	1.0183	0.3271104962106165	0.8890667675589511
ENSG00000003657	GNA487	5.7441	-0.2169	-1.0197	0.3264770093945605	0.8890667675589511
ENSG00000000350	COPB46	8.6883	-0.2677	-1.004	0.33369983499815425	0.8890667675589511
ENSG00000000345	VPS729	6.886	0.3368	1.0024	0.3344221159403499	0.8890667675589511
ENSG00000001082	HDAC689	3.1187	0.4037	1.018	0.3272438365746788	0.8890667675589511
ENSG00000001854	BRD625	2.7163	-0.7479	-1.0121	0.3299510676977031	0.8890667675589511
ENSG00000001852	KMT2371	8.5859	0.2174	1.0011	0.3350380305871713	0.8890667675589511
ENSG00000001316	FBXO239	2.6007	-0.6135	-0.9986	0.3362098858670498	0.8890667675589511
ENSG00000001106	RHO430	7.7029	-0.3029	-0.9931	0.3387682467343074	0.8890667675589511
ENSG00000000057	ARID286	7.5262	-0.2721	-0.994	0.33837275083517615	0.8890667675589511
ENSG00000002782	SMARC174	5.1286	-0.6038	-1.0159	0.3282103173998161	0.8890667675589511
ENSG00000000868	CHRM732	6.04	-0.2318	-1.0038	0.33380825555894944	0.8890667675589511
ENSG00000002237	KCN159	1.79	0.6213	1.0004	0.3353858514629905	0.8890667675589511
ENSG00000002875	GNA285	5.5847	-0.3844	-0.9967	0.33712214805678986	0.8890667675589511
ENSG00000001276	KRT60	11.0539	-0.2028	-1.0032	0.33405665973485854	0.8890667675589511
ENSG00000002662	VPS33	9.177	0.1877	0.9983	0.33634542734375883	0.8890667675589511
ENSG00000000527	PPP1R836	5.2293	-0.4129	-0.9983	0.3363734291921827	0.8890667675589511
ENSG00000003386	PXN358	5.7622	-0.2602	-1.004	0.3336834856969221	0.8890667675589511
ENSG00000003260	ANK732	5.2413	0.5801	1.0028	0.3342747701754679	0.8890667675589511
ENSG00000003252	EZH700	3.238	-0.6988	-1.0017	0.33478873945792875	0.8890667675589511
ENSG00000000573	MRPL200	7.3732	-0.2599	-0.9949	0.33794737156341714	0.8890667675589511
ENSG00000003332	SMARC688	9.1634	-0.1897	-1.0039	0.3337310075835317	0.8890667675589511
ENSG00000000555	SLC133	5.0044	0.4648	1.0029	0.3341953019875763	0.8890667675589511
ENSG00000002026	KMT2774	10.8934	0.1587	1.0169	0.3277755537843958	0.8890667675589511
ENSG00000001624	SLC104	6.5077	-0.2647	-1.0065	0.332564273665947	0.8890667675589511
ENSG00000003105	TRIM392	6.8041	-0.3517	-1.0069	0.33233664395104967	0.8890667675589511
ENSG00000003164	ADRB47	6.414	0.3715	0.9947	0.33802773159627275	0.8890667675589511
ENSG00000004082	HDAC213	7.2118	-0.2077	-1.0155	0.3284070858209589	0.8890667675589511
ENSG00000000042	KIF221	7.7794	0.1932	0.9988	0.3361299326709516	0.8890667675589511
ENSG00000000063	MRPS875	6.3364	-0.4504	-1.0163	0.32801620402512044	0.8890667675589511
ENSG00000000989	PXN446	6.491	0.3332	1.0043	0.33358437821985587	0.8890667675589511
ENSG00000003162	ACTN229	5.6049	0.4009	0.9936	0.3385722649592129	0.8890667675589511
ENSG00000002108	PPP1R671	6.0225	-0.3974	-1.0002	0.3354864048762881	0.8890667675589511
ENSG00000000440	GRIN761	8.3234	-0.1957	-1.0129	0.3295785713948295	0.8890667675589511
ENSG00000003039	SCN867	5.6157	-0.4201	-1.0141	0.32903985595753227	0.8890667675589511
ENSG00000001063	KRT697	1.7091	0.5921	0.9981	0.3364492734717791	0.8890667675589511
ENSG00000001058	MRPL442	6.4125	0.4857	1.0185	0.3270436309224689	0.8890667675589511
ENSG00000003021	CHRM172	9.3093	0.25	0.9961	0.33740398236567026	0.8890667675589511
ENSG00000003516	TIMM573	2.4828	0.7849	1.0165	0.32792814757235	0.8890667675589511
ENSG00000002731	CHRM752	8.7984	-0.2497	-0.9985	0.33624625437339783	0.8890667675589511
ENSG00000003018	RNF687	1.54	0.4248	1.0043	0.3335752945458955	0.8890667675589511
ENSG00000003485	ACTN809	5.5052	0.4333	0.9972	0.3368516530966532	0.8890667675589511
ENSG00000000466	GABR360	4.9999	0.6553	1.0086	0.33155192964907576	0.8890667675589511
ENSG00000000394	BRD308	1.3721	-0.497	-0.9946	0.33810264749777597	0.8890667675589511
ENSG00000003592	DYNC164	8.3931	0.3176	0.9961	0.3373967318620531	0.8890667675589511
ENSG00000003605	KIF528	6.7171	-0.3061	-1.0127	0.3296824770760013	0.8890667675589511
ENSG00000001723	ACTN96	3.8191	0.5459	1.0006	0.33529366995526366	0.8890667675589511
ENSG00000002946	EIF555	12.7585	-0.1925	-1.0135	0.3293341699520722	0.8890667675589511
ENSG00000002959	ATAD584	4.9	-0.5393	-1.0225	0.32520155985641275	0.8890667675589511
ENSG00000000173	DYNC835	6.466	-0.3086	-1.0168	0.32781411427569895	0.8890667675589511
ENSG00000002544	ADRB209	6.878	-0.3245	-1.0146	0.32878942392732613	0.8890667675589511
ENSG00000002876	PXN170	6.7103	0.4262	1.016	0.3281520223616653	0.8890667675589511
ENSG00000002994	CACN275	2.9513	0.5903	1.0081	0.33179387913827496	0.8890667675589511
ENSG00000000863	FBXO605	4.9728	0.3324	1.0049	0.33329097004239117	0.8890667675589511
ENSG00000002934	DRD849	4.1069	0.4993	0.9918	0.3394155021958092	0.8901651850041032
ENSG00000002545	DUSP264	4.3192	-0.4277	-0.9909	0.33980286572488494	0.890580978721382
ENSG00000000311	BRD193	12.6615	0.2105	0.9902	0.34016862666720804	0.8909396332360522
ENSG00000001595	DYNC340	6.1183	0.3139	0.9896	0.34043025493903334	0.891025253680375
ENSG00000003474	SNX301	1.3119	-0.5533	-0.9876	0.34137703483020165	0.8917794433998727
ENSG00000000275	SCN251	4.6035	0.551	0.9871	0.3415961052274752	0.8917794433998727
ENSG00000004002	CUL260	7.5119	0.2852	0.9878	0.34128834756918747	0.8917794433998727
ENSG00000001051	IGF1	1.1867	-0.5161	-0.9868	0.3417362786779935	0.8917794433998727
ENSG00000003449	SEC75	2.7677	-0.6808	-0.9866	0.3418640620638772	0.8917794433998727
ENSG00000000845	ADAM344	3.5345	0.6952	0.9851	0.3425723882729965	0.8918339365608712
ENSG00000004146	SMARC254	2.5461	-0.5124	-0.9854	0.3424302548757717	0.8918339365608712
ENSG00000004056	SMARC514	2.2555	0.5325	0.9851	0.3425679135416131	0.8918339365608712
ENSG00000003717	MRPS418	9.0723	-0.2543	-0.9831	0.34352031433133934	0.8937039193700353
ENSG00000003667	SUZ487	5.9441	-0.4409	-0.9822	0.34394733484963813	0.8942171190613171
ENSG00000000783	CCNB110	9.6064	-0.1838	-0.9707	0.3494217206389575	0.8946098288471416
ENSG00000002300	FBXO292	3.8617	-0.5981	-0.9804	0.34477881813885103	0.8946098288471416
ENSG00000002705	RNF834	3.0139	-0.5877	-0.9791	0.34539257001263546	0.8946098288471416
ENSG00000002706	TOMM88	11.2719	0.177	0.9744	0.3476350551913744	0.8946098288471416
ENSG00000000568	ACTN267	2.7563	0.6208	0.9794	0.3452786825450469	0.8946098288471416
ENSG00000001144	PXN31	2.7763	0.5562	0.9791	0.34540014828145504	0.8946098288471416
ENSG00000003630	DHX333	7.7871	-0.1934	-0.9732	0.34822630723325143	0.8946098288471416
ENSG00000000431	SUZ761	2.9297	0.6398	0.9746	0.34755668077410107	0.8946098288471416
ENSG00000001913	RAB824	6.4613	-0.359	-0.9767	0.3465646288669677	0.8946098288471416
ENSG00000003608	SMARC539	4.5329	-0.6118	-0.9758	0.3469880398961671	0.8946098288471416
ENSG00000001754	EZH169	5.1041	-0.5234	-0.9757	0.3470084250424632	0.8946098288471416
ENSG00000002833	KRT596	3.902	0.5979	0.9742	0.3477524784648477	0.8946098288471416
ENSG00000002791	CACN741	10.0646	-0.2101	-0.9733	0.34817280812631657	0.8946098288471416
ENSG00000003979	CYP336	5.7552	-0.5161	-0.9798	0.34507565861000644	0.8946098288471416
ENSG00000002366	GNA356	5.088	-0.3705	-0.9709	0.3493166232237398	0.8946098288471416
ENSG00000003665	DHX478	6.7924	0.1735	0.9725	0.34854700754799517	0.8946098288471416
ENSG00000003564	TET129	8.1968	-0.1876	-0.9775	0.34614083770768833	0.8946098288471416
ENSG00000000950	ABC311	6.7877	-0.302	-0.9714	0.34906076537940656	0.8946098288471416
ENSG00000003602	TLN526	7.9041	-0.2542	-0.9753	0.3472276493695504	0.8946098288471416
ENSG00000001036	PPP2R647	4.497	0.4154	0.9703	0.34961499220876213	0.8946098288471416
ENSG00000000531	ARID737	3.3174	-0.3476	-0.9783	0.345781785230166	0.8946098288471416
ENSG00000001012	ANK476	7.267	-0.174	-0.9761	0.34682497491393305	0.8946098288471416
ENSG00000001152	PRKC420	3.9944	-0.5558	-0.9719	0.3488301025464	0.8946098288471416
ENSG00000001898	PLC881	5.8701	-0.4546	-0.9727	0.3484706896627209	0.8946098288471416
ENSG00000000177	ANK154	4.1207	0.4407	0.9679	0.3507731608439175	0.8963633708977272
ENSG00000000964	SIRT83	3.9426	-0.5384	-0.967	0.35120862135072517	0.8963633708977272
ENSG00000000319	COPB876	4.6142	0.4262	0.9675	0.3509373254963861	0.8963633708977272
ENSG00000001771	PPP1R51	7.7895	-0.1758	-0.9669	0.35122151608916596	0.8963633708977272
ENSG00000001100	KRT896	6.3281	0.3371	0.9664	0.3514879612130545	0.8964555341030197
ENSG00000000756	SNX633	1.6988	-0.4499	-0.9644	0.3524509009689152	0.8977348864993573
ENSG00000002168	DDX627	7.2203	0.373	0.9645	0.3523930679845998	0.8977348864993573
ENSG00000003442	CCNB420	8.4651	0.2462	0.9623	0.3534544250889482	0.8982880125509867
ENSG00000002016	HIF1A	3.4387	0.4785	0.9611	0.35405288058921214	0.8982880125509867
ENSG00000000066	ARID317	7.1177	-0.2735	-0.9626	0.35333375134322564	0.8982880125509867
ENSG00000003589	VPS870	7.1054	-0.2174	-0.9614	0.35387426734433713	0.8982880125509867
ENSG00000001103	PRKC626	8.6772	0.1844	0.9625	0.35336796795710546	0.8982880125509867
ENSG00000000945	ANK321	3.4675	-0.5608	-0.9619	0.35365943047621384	0.8982880125509867
ENSG00000000562	ZNF396	6.4229	0.2475	0.959	0.3550440762377459	0.8984600420788733
ENSG00000001236	TMEM582	6.9956	-0.327	-0.9593	0.35491194905272616	0.8984600420788733
ENSG00000002099	HTR849	3.4136	-0.5029	-0.9601	0.35450992281316573	0.8984600420788733
ENSG00000004038	ACTN727	6.4251	0.4022	0.9599	0.3546066212261477	0.8984600420788733
ENSG00000002055	USP679	8.0708	0.193	0.9546	0.35717661624296615	0.900936327008761
ENSG00000001791	PPP1R611	5.893	0.4655	0.9561	0.3564659435375158	0.900936327008761
ENSG00000000101	ADAM24	2.9678	0.4788	0.9545	0.3572258433993345	0.900936327008761
ENSG00000002353	DDX668	3.7545	-0.8196	-0.9534	0.35776547349603605	0.900936327008761
ENSG00000002837	RPS810	1.0859	0.4242	0.9529	0.3580417103458946	0.900936327008761
ENSG00000000705	ANAPC483	3.33	0.4553	0.9541	0.35743367652180114	0.900936327008761
ENSG00000001469	HTR384	5.4156	-0.644	-0.9528	0.35805196335852896	0.900936327008761
ENSG00000004149	SCN529	1.8624	-0.6282	-0.9538	0.35759921561551444	0.900936327008761
ENSG00000003512	ADRB76	9.7096	-0.1819	-0.9527	0.35810598609520894	0.900936327008761
ENSG00000001980	ACTN119	5.0411	-0.3662	-0.9523	0.35833845248761	0.9009387965644561
ENSG00000001851	PLC55	2.0576	-0.7159	-0.9513	0.35880324671114594	0.9015250072303291
ENSG00000000006	DNMT654	5.4693	-0.2511	-0.9499	0.3594816243558986	0.9017448737359449
ENSG00000001508	DDX34	4.8488	-0.517	-0.9496	0.35965192104757815	0.9017448737359449
ENSG00000003640	ACTN169	2.0498	-0.6449	-0.95	0.3594344057494435	0.9017448737359449
ENSG00000001982	ARID235	5.9001	-0.2949	-0.9492	0.3598175202754169	0.9017448737359449
ENSG00000003755	ACTN631	6.6908	-0.3343	-0.9468	0.36101458237064143	0.9024205231769662
ENSG00000003984	CCNB521	1.7945	0.5755	0.948	0.3603973914540991	0.9024205231769662
ENSG00000003934	OR363	4.9496	0.3421	0.9468	0.36099494257864506	0.9024205231769662
ENSG00000000620	RPL87	1.2838	0.4059	0.9471	0.3608547086304983	0.9024205231769662
ENSG00000003044	PPP1R139	2.914	-0.5348	-0.9428	0.36295344138437746	0.9024750063949002
ENSG00000002591	UGT884	2.2959	-0.6394	-0.9437	0.36251329606094795	0.9024750063949002
ENSG00000002636	SMARC475	8.7895	-0.3124	-0.9451	0.3618664377689459	0.9024750063949002
ENSG00000001494	SKP317	1.8609	-0.4607	-0.9411	0.36383327607776295	0.9024750063949002
ENSG00000002827	CHRM1	8.7312	0.2396	0.9423	0.36323032171042857	0.9024750063949002
ENSG00000000548	ANAPC726	6.9338	0.2973	0.9417	0.3635407222711259	0.9024750063949002
ENSG00000001107	SUZ821	1.4798	-0.4983	-0.9427	0.36304422315757334	0.9024750063949002
ENSG00000001693	OR487	5.153	-0.2391	-0.9422	0.3632594185376651	0.9024750063949002
ENSG00000003908	ZNF557	7.9254	0.2434	0.944	0.36240316074279666	0.9024750063949002
ENSG00000000047	TMEM716	4.3836	0.4359	0.9406	0.3640508119321668	0.9024750063949002
ENSG00000002660	CHRM222	10.4238	0.1519	0.9412	0.3637809644254927	0.9024750063949002
ENSG00000001832	HTR381	8.9811	-0.2437	-0.9441	0.36233858952421827	0.9024750063949002
ENSG00000001039	VPS691	1.8469	-0.5967	-0.9447	0.36205256973986544	0.9024750063949002
ENSG00000002157	MRPS95	4.8159	-0.4641	-0.9398	0.3644590486863084	0.9024962820016653
ENSG00000003328	UBE2457	6.4047	-0.2688	-0.9393	0.36472309127878033	0.9024962820016653
ENSG00000003918	TOMM365	3.8743	0.4423	0.9392	0.364755049226264	0.9024962820016653
ENSG00000002189	EIF8	3.6372	-0.5026	-0.9387	0.36498720322865386	0.9024969472464555
ENSG00000003176	PRKC423	3.8074	0.3	0.9382	0.36525289386168813	0.9025804843871048
ENSG00000003181	GCK	7.9399	-0.1879	-0.9367	0.3660115851872813	0.9038814019980321
ENSG00000001263	GABR574	5.6779	0.3823	0.9356	0.36652652467153934	0.9040197684275566
ENSG00000003098	SLC193	2.7497	0.6366	0.9356	0.36653216715793535	0.9040197684275566
ENSG00000002430	ZNF447	5.9146	-0.2944	-0.9312	0.36872277505430395	0.9043777767996892
ENSG00000003298	SMARC164	2.7758	-0.543	-0.9161	0.3762880159953852	0.9043777767996892
ENSG00000002437	SKP486	8.006	-0.2466	-0.933	0.3678123507441724	0.9043777767996892
ENSG00000000616	CACN353	3.6652	-0.3722	-0.9196	0.374544314015939	0.9043777767996892
ENSG00000002520	EIF338	3.5624	0.4079	0.9058	0.3815488976117908	0.9043777767996892
ENSG00000000425	ANK386	2.0524	-0.4658	-0.9065	0.38114568447440134	0.9043777767996892
ENSG00000001284	SMARC683	8.9656	-0.1583	-0.9153	0.37670207546571133	0.9043777767996892
ENSG00000002273	ATAD885	5.9995	0.3612	0.9268	0.37092569862878744	0.9043777767996892
ENSG00000000461	RAB570	7.0523	-0.2648	-0.9266	0.3710299921389787	0.9043777767996892
ENSG00000000967	HIST1H85	10.7145	-0.2177	-0.9066	0.3811188461445909	0.9043777767996892
ENSG00000003356	SNX61	3.4681	-0.3905	-0.9106	0.3790746545219442	0.9043777767996892
ENSG00000000571	ACTN556	5.1143	0.3478	0.9095	0.37964079989913435	0.9043777767996892
ENSG00000002351	HIST1H783	5.7034	0.3579	0.9309	0.368864150162726	0.9043777767996892
ENSG00000002401	RAB626	5.92	0.3373	0.9303	0.3691560666317144	0.9043777767996892
ENSG00000002940	SIRT338	3.4384	0.4316	0.9295	0.36955210590525545	0.9043777767996892
ENSG00000003359	H2AF551	5.2019	-0.4344	-0.9343	0.3671891754251174	0.9043777767996892
ENSG00000002352	TRIM716	5.7652	-0.3168	-0.9158	0.37645221945468155	0.9043777767996892
ENSG00000002971	OR374	4.1322	-0.6154	-0.9178	0.3754178765120111	0.9043777767996892
ENSG00000000787	VPS896	1.825	0.5901	0.9239	0.37239090361907745	0.9043777767996892
ENSG00000001697	RPL574	4.1323	0.5587	0.9158	0.3764393214328643	0.9043777767996892
ENSG00000001044	EZH130	4.8848	-0.4919	-0.9211	0.37378887084777845	0.9043777767996892
ENSG00000001417	HIST1H220	8.132	0.2571	0.9149	0.37691092904407	0.9043777767996892
ENSG00000003738	PXN866	7.4299	0.2893	0.9145	0.3771102451689392	0.9043777767996892
ENSG00000001428	ATAD152	6.6872	-0.2656	-0.9202	0.37422219658960365	0.9043777767996892
ENSG00000000281	BRD707	3.025	0.4586	0.9219	0.3733562714791647	0.9043777767996892
ENSG00000000785	CHRM460	1.5871	0.5772	0.9122	0.3782629438984243	0.9043777767996892
ENSG00000002120	PRKC707	5.7911	-0.2685	-0.9184	0.37515719310061113	0.9043777767996892
ENSG00000002088	PXN341	2.8019	-0.6403	-0.9102	0.37927843373994063	0.9043777767996892
ENSG00000003681	TMEM439	4.398	0.4109	0.9083	0.38023780321370315	0.9043777767996892
ENSG00000001774	HIST1H446	3.7586	0.4858	0.9193	0.3746788983597106	0.9043777767996892
ENSG00000000766	HIST1H668	10.304	-0.1993	-0.906	0.3814198576520843	0.9043777767996892
ENSG00000002790	KDM76	6.2065	0.4146	0.9242	0.3722162706507749	0.9043777767996892
ENSG00000003642	RAB11FIP119	7.0212	0.3635	0.9119	0.3784461055715095	0.9043777767996892
ENSG00000000937	ARF879	6.3366	-0.3368	-0.9213	0.37366120273890624	0.9043777767996892
ENSG00000002138	KCN736	8.8646	-0.2032	-0.9197	0.3744687210396571	0.9043777767996892
ENSG00000000963	TOMM641	3.9834	0.544	0.9325	0.36807879750975014	0.9043777767996892
ENSG00000001329	MRPL116	8.5583	-0.2318	-0.9257	0.37146326346223335	0.9043777767996892
ENSG00000004087	RAB135	7.1914	-0.3241	-0.9215	0.37359897019226285	0.9043777767996892
ENSG00000001756	ADRB84	1.431	0.4961	0.9115	0.3786409401531594	0.9043777767996892
ENSG00000001120	SPTB440	2.7419	0.505	0.9064	0.381241365232736	0.9043777767996892
ENSG00000002512	ABC561	2.6528	0.3917	0.9278	0.3704012480673624	0.9043777767996892
ENSG00000001265	OR723	10.4323	0.159	0.9198	0.3744254566013234	0.9043777767996892
ENSG00000001735	AR	2.3772	0.513	0.9303	0.36915451622649154	0.9043777767996892
ENSG00000002576	PXN363	6.4438	-0.2305	-0.9196	0.3745066473030203	0.9043777767996892
ENSG00000001952	MRPS422	4.0027	0.4308	0.9058	0.3815257049929621	0.9043777767996892
ENSG00000001966	H2AF8	7.2176	-0.2178	-0.9058	0.3815141981961866	0.9043777767996892
ENSG00000003862	ACTN736	3.7019	-0.3131	-0.9091	0.37982415257057867	0.9043777767996892
ENSG00000003877	RPL404	3.5637	0.4958	0.9238	0.3724369026510207	0.9043777767996892
ENSG00000001440	EZH608	1.9424	-0.7065	-0.9222	0.373216711325833	0.9043777767996892
ENSG00000003160	CUL96	6.2272	0.2608	0.9223	0.37317718421959145	0.9043777767996892
ENSG00000000844	CDC333	7.2339	0.2179	0.9289	0.3698728250686878	0.9043777767996892
ENSG00000000870	MRPL246	10.8105	-0.2035	-0.9143	0.3772153972801482	0.9043777767996892
ENSG00000001812	VCL890	2.9267	-0.3649	-0.9155	0.37660817669293	0.9043777767996892
ENSG00000003080	UGT325	2.0303	-0.5404	-0.9103	0.37924142186504706	0.9043777767996892
ENSG00000001871	MRPS658	5.7844	-0.3404	-0.9123	0.3782259771224926	0.9043777767996892
ENSG00000000168	GNA817	5.8277	0.3642	0.9277	0.3704764271935391	0.9043777767996892
ENSG00000001887	H2AF431	4.9902	-0.3958	-0.9317	0.36847044168841836	0.9043777767996892
ENSG00000000912	GNA119	2.8987	0.6836	0.9266	0.3709983148690932	0.9043777767996892
ENSG00000000862	HDAC875	7.7382	-0.2505	-0.9346	0.36703841903738443	0.9043777767996892
ENSG00000001429	ATAD239	8.2901	0.2398	0.9296	0.3695132130931459	0.9043777767996892
ENSG00000002713	CYP152	2.1075	0.4256	0.9139	0.37739588732378804	0.9043777767996892
ENSG00000000744	ADAM395	1.119	0.5517	0.9189	0.3748705308021949	0.9043777767996892
ENSG00000000746	MMP882	5.4607	0.3566	0.9083	0.38027010361027913	0.9043777767996892
ENSG00000000745	SEC820	7.5163	0.1739	0.9068	0.3810332409752285	0.9043777767996892
ENSG00000000437	RHO881	7.1959	0.2247	0.903	0.3829771973023267	0.9072107437009468
ENSG00000000012	DNMT260	7.9991	0.2696	0.8984	0.38529107789631334	0.9087975984045461
ENSG00000001479	MT-CO1	14.57	-0.1517	-0.9002	0.3843763209883513	0.9087975984045461
ENSG00000002317	TOMM575	4.5823	0.6051	0.8984	0.38529088995196437	0.9087975984045461
ENSG00000001501	MRPL140	1.3606	0.396	0.9	0.38449795770742623	0.9087975984045461
ENSG00000003284	BRD798	2.6603	0.6814	0.8981	0.385444160570777	0.9087975984045461
ENSG00000002079	TMEM73	4.8646	-0.342	-0.8975	0.38574862090552675	0.9087975984045461
ENSG00000002115	RAB362	4.4048	-0.3889	-0.8983	0.3853857806742649	0.9087975984045461
ENSG00000001442	RAB465	3.335	0.5669	0.8976	0.3857407117408721	0.9087975984045461
ENSG00000002154	TMEM574	4.656	0.457	0.8989	0.38507431645233203	0.9087975984045461
ENSG00000003506	DHX167	5.2094	0.4364	0.8906	0.38931465966291934	0.9093761479495251
ENSG00000001322	SMARC413	7.2794	0.1155	0.8895	0.38992054361676765	0.9093761479495251
ENSG00000003251	MSH6	2.0225	0.475	0.8901	0.38957056687647396	0.9093761479495251
ENSG00000001268	UGT549	2.2629	0.6307	0.8898	0.38973344874458493	0.9093761479495251
ENSG00000004125	ANK181	2.5368	-0.6267	-0.8858	0.39181191491745215	0.9093761479495251
ENSG00000000876	DYNC546	5.1479	-0.2369	-0.8902	0.3895109200938571	0.9093761479495251
ENSG00000000879	SIRT121	3.6474	-0.6877	-0.8885	0.39040049999411497	0.9093761479495251
ENSG00000001262	MYO498	3.4848	0.6322	0.8857	0.39185329861798157	0.9093761479495251
ENSG00000001502	EIF515	3.5414	-0.6191	-0.8839	0.39279904525794673	0.9093761479495251
ENSG00000003568	DYNC94	9.8382	-0.1758	-0.89	0.3896552380147692	0.9093761479495251
ENSG00000002175	H2AF304	1.8487	-0.4921	-0.8891	0.3901095615923533	0.9093761479495251
ENSG00000000953	USP68	4.1329	-0.6424	-0.8947	0.3871913082643267	0.9093761479495251
ENSG00000001104	MAPK421	4.227	-0.4356	-0.8847	0.3924070060414717	0.9093761479495251
ENSG00000002147	KDM41	5.8774	0.2798	0.8835	0.3930037720583508	0.9093761479495251
ENSG00000002549	MAPK106	7.8817	0.266	0.8926	0.3882852463647001	0.9093761479495251
ENSG00000003157	TUBB438	2.9388	0.4588	0.8881	0.39061048537026055	0.9093761479495251
ENSG00000003849	RAB11FIP304	4.8755	-0.5607	-0.888	0.39067382444883336	0.9093761479495251
ENSG00000002181	CCNB574	6.081	0.2096	0.8838	0.39286897996458614	0.9093761479495251
ENSG00000003022	CYP260	6.9766	0.235	0.885	0.39221957950272557	0.9093761479495251
ENSG00000000906	CACN722	5.0757	-0.4126	-0.8929	0.388137189263306	0.9093761479495251
ENSG00000001533	PLC360	1.3526	0.4392	0.8927	0.38822265669486333	0.9093761479495251
ENSG00000000508	MAPK270	4.5758	-0.3717	-0.8867	0.3913325891415055	0.9093761479495251
ENSG00000000533	TRIM624	5.1864	0.5406	0.8926	0.3883156325917815	0.9093761479495251
ENSG00000003732	MRPL114	3.1827	-0.4474	-0.8883	0.39053814262977127	0.9093761479495251
ENSG00000000959	EIF388	9.8751	0.1835	0.8864	0.39150613542701795	0.9093761479495251
ENSG00000000941	PRKC733	3.354	-0.4499	-0.8963	0.3863688865828593	0.9093761479495251
ENSG00000004123	SCN367	8.4829	0.2496	0.8853	0.3920819302669306	0.9093761479495251
ENSG00000000851	CCNB193	9.661	-0.2397	-0.8941	0.38750560056867467	0.9093761479495251
ENSG00000002898	EIF892	5.374	0.2873	0.8943	0.3874415501926669	0.9093761479495251
ENSG00000002022	CDC603	6.7807	-0.2769	-0.8902	0.38954790488424673	0.9093761479495251
ENSG00000001976	SLC797	3.5226	-0.4807	-0.8828	0.3934014883475143	0.9097555511874781
ENSG00000002082	HDAC8	4.7679	0.2118	0.8817	0.3939548988369992	0.9104943386422808
ENSG00000003754	TUBB408	8.0287	-0.2505	-0.8807	0.3944502279420742	0.9108315005056266
ENSG00000003567	ANK820	5.4617	0.3692	0.8805	0.39456883603609616	0.9108315005056266
ENSG00000003743	ACTN840	8.269	-0.191	-0.8797	0.3950158930621702	0.9113229732056707
ENSG00000000277	TRIM364	3.6075	0.5819	0.8789	0.39539476968686016	0.9116566609130686
ENSG00000001188	SKP682	1.5645	-0.449	-0.8781	0.3958136851692684	0.9119766802833962
ENSG00000000374	PLC99	7.727	-0.2115	-0.8777	0.39606120041433024	0.9119766802833962
ENSG00000001961	MAPK434	4.4822	0.5893	0.8773	0.39623652784152696	0.9119766802833962
ENSG00000002072	PLC726	2.0843	-0.5884	-0.8761	0.39689592464704493	0.9124152030279379
ENSG00000002630	SUZ659	5.4339	0.3863	0.8761	0.39685509366099136	0.9124152030279379
ENSG00000002739	DNMT871	2.3137	0.6211	0.8745	0.3977197657660305	0.9126023639904884
ENSG00000003304	PLC530	7.0225	-0.3018	-0.8639	0.4033168149614841	0.9126023639904884
ENSG00000000462	BRD592	6.3482	-0.3337	-0.8733	0.3983293702307762	0.9126023639904884
ENSG00000001258	KIF117	5.092	-0.309	-0.8644	0.40301095824058186	0.9126023639904884
ENSG00000002988	KMT2270	4.369	-0.3506	-0.8629	0.4038172010554435	0.9126023639904884
ENSG00000003089	OR618	2.6979	0.4171	0.8671	0.4016316141409486	0.9126023639904884
ENSG00000001795	FBXO541	9.0879	0.2191	0.8626	0.4039901484746622	0.9126023639904884
ENSG00000001248	CDC68	4.6955	0.5476	0.8737	0.39812000244357104	0.9126023639904884
ENSG00000003496	EZH733	7.7261	0.2275	0.8658	0.4023189499215776	0.9126023639904884
ENSG00000002410	MRPS827	4.9658	-0.3327	-0.8678	0.4012233638755114	0.9126023639904884
ENSG00000000580	HDAC568	3.9395	-0.4024	-0.8698	0.4002034475463785	0.9126023639904884
ENSG00000000840	TIMP2	3.5235	-0.4881	-0.8603	0.4051862786016952	0.9126023639904884
ENSG00000004025	COPB151	4.9994	0.4183	0.874	0.3979659434555788	0.9126023639904884
ENSG00000002376	RAB11FIP452	2.8347	0.2705	0.8714	0.39935411283001243	0.9126023639904884
ENSG00000001559	SMAD3	2.9431	-0.6213	-0.864	0.403225117885303	0.9126023639904884
ENSG00000000776	GNA72	7.8068	-0.2083	-0.8606	0.40506235742766417	0.9126023639904884
ENSG00000002914	SIRT838	2.1336	-0.6105	-0.866	0.40217207975822267	0.9126023639904884
ENSG00000000653	MMP284	5.387	0.3545	0.8696	0.4002720561009365	0.9126023639904884
ENSG00000001158	RAB161	5.0009	-0.324	-0.8638	0.40332895571743055	0.9126023639904884
ENSG00000001309	TLN179	6.6479	0.2995	0.8631	0.4037407645200881	0.9126023639904884
ENSG00000003300	CDC672	2.4435	-0.6545	-0.8599	0.4054186760892997	0.9126023639904884
ENSG00000001046	DDX457	1.5304	-0.5701	-0.8616	0.4045256372183418	0.9126023639904884
ENSG00000003542	TUBB506	9.0768	-0.2598	-0.8627	0.4039490071566224	0.9126023639904884
ENSG00000001914	CCL5	1.5481	-0.4809	-0.8601	0.40532228115672253	0.9126023639904884
ENSG00000000867	OR861	3.9574	-0.3298	-0.8639	0.4033026654251787	0.9126023639904884
ENSG00000000261	HDAC345	1.7031	0.4616	0.8618	0.4043916027466201	0.9126023639904884
ENSG00000000808	COL38	4.9251	-0.4546	-0.8736	0.3982125151456053	0.9126023639904884
ENSG00000000923	GABR689	5.1792	0.4127	0.8602	0.40526899643535097	0.9126023639904884
ENSG00000001399	SIRT885	2.237	-0.2771	-0.8709	0.39958916741259365	0.9126023639904884
ENSG00000001633	TLN91	4.1112	0.3748	0.8691	0.4005600645752986	0.9126023639904884
ENSG00000001325	DYNC573	4.5895	0.4308	0.8625	0.40401856146728343	0.9126023639904884
ENSG00000000925	PRKC523	6.7501	0.2209	0.8664	0.40195657257780404	0.9126023639904884
ENSG00000003237	UGT802	4.5283	-0.4785	-0.8621	0.40426419003864533	0.9126023639904884
ENSG00000002533	XIAP	3.3455	0.4569	0.8704	0.39989461144428595	0.9126023639904884
ENSG00000003152	PPP1R759	9.807	-0.1908	-0.867	0.4016556293526473	0.9126023639904884
ENSG00000002065	HDAC642	2.6734	-0.4911	-0.871	0.3995787102459789	0.9126023639904884
ENSG00000003545	H2AF582	1.3246	-0.389	-0.859	0.40592689384842207	0.9126906244125121
ENSG00000004131	SPTB487	2.438	-0.4812	-0.859	0.4059240870275409	0.9126906244125121
ENSG00000000197	VPS325	6.8913	0.3801	0.8572	0.40687052973554416	0.9129366282341249
ENSG00000000442	VCL28	2.4474	0.6049	0.8561	0.40744371100788157	0.9129366282341249
ENSG00000000373	RAB411	3.3505	0.6353	0.8568	0.4070549612750657	0.9129366282341249
ENSG00000001463	TOMM323	6.641	0.2559	0.8566	0.40720206312759266	0.9129366282341249
ENSG00000002332	TUBB232	2.7304	-0.5181	-0.8568	0.407086151422108	0.9129366282341249
ENSG00000003478	SNX339	1.9548	-0.4528	-0.8561	0.4074268717757207	0.9129366282341249
ENSG00000001623	GABR493	7.8879	0.2523	0.8539	0.4086356445444711	0.9131325048264768
ENSG00000002050	TMEM669	4.4126	0.4576	0.8549	0.4080868128849937	0.9131325048264768
ENSG00000003085	SNX689	8.2143	-0.1563	-0.8538	0.4086730301215271	0.9131325048264768
ENSG00000000234	PPP2R227	1.8353	0.4889	0.854	0.40858284634756525	0.9131325048264768
ENSG00000001430	GRIN677	1.9156	-0.4842	-0.8537	0.4087042197861569	0.9131325048264768
ENSG00000003757	VPS10	10.1938	0.2265	0.8529	0.4091493160347697	0.9136024888165941
ENSG00000004077	RPL322	2.4324	-0.6382	-0.8491	0.41117840449158716	0.9139561348389947
ENSG00000000639	MYO843	5.7035	0.298	0.8401	0.41601951580939833	0.9139561348389947
ENSG00000003192	GRIN388	10.2657	-0.2401	-0.8401	0.41605889188614253	0.9139561348389947
ENSG00000002726	MRPL486	5.0885	0.4182	0.8398	0.4162084170024264	0.9139561348389947
ENSG00000003248	RAB11FIP594	6.379	-0.3469	-0.8432	0.4143874065277835	0.9139561348389947
ENSG00000002922	RAB11FIP56	5.9586	-0.3177	-0.8436	0.4141593084973738	0.9139561348389947
ENSG00000000782	DHX419	5.1283	-0.3955	-0.8446	0.4136134611734399	0.9139561348389947
ENSG00000000417	TET681	3.4104	0.3308	0.8401	0.4160537099390993	0.9139561348389947
ENSG00000002578	CHRM783	8.176	-0.1847	-0.8457	0.41299172047774446	0.9139561348389947
ENSG00000001699	SCN37	5.8466	0.4177	0.8476	0.4120114212056425	0.9139561348389947
ENSG00000003785	UBE218	3.819	0.2822	0.8472	0.41223315899405677	0.9139561348389947
ENSG00000001734	FBXO504	5.9161	0.3968	0.8481	0.4117086152551164	0.9139561348389947
ENSG00000000760	SMARC784	4.7652	0.3967	0.8409	0.41562097579724233	0.9139561348389947
ENSG00000002482	TBX21	2.3144	0.3821	0.8461	0.41281508148062773	0.9139561348389947
ENSG00000000187	CCNB433	6.5403	-0.2806	-0.8412	0.4154208468018935	0.9139561348389947
ENSG00000002248	DRD313	4.4512	-0.4206	-0.8449	0.413434812507109	0.9139561348389947
ENSG00000003119	H2AF840	4.2124	-0.3354	-0.8511	0.4101401552328108	0.9139561348389947
ENSG00000003595	DYNC81	5.529	0.2875	0.8465	0.4125989911348058	0.9139561348389947
ENSG00000002218	KCN607	1.277	0.3515	0.84	0.4160982253603903	0.9139561348389947
ENSG00000002828	COPB40	8.1152	0.2548	0.8459	0.41290280644782895	0.9139561348389947
ENSG00000002297	CHRM793	7.0676	-0.2952	-0.8473	0.4121753643971512	0.9139561348389947
ENSG00000002396	DDX484	8.5457	0.14	0.8397	0.4162569052234921	0.9139561348389947
ENSG00000001239	KMT2877	4.6153	0.4897	0.8521	0.4095813904693607	0.9139561348389947
ENSG00000001803	HTR469	2.272	-0.5046	-0.8404	0.415864738755499	0.9139561348389947
ENSG00000001032	KRT487	8.3256	0.1637	0.8395	0.41635257632824707	0.9139561348389947
ENSG00000002862	PPP1R504	3.9685	0.4582	0.8403	0.41593194124272737	0.9139561348389947
ENSG00000004016	ZNF369	5.2385	0.3571	0.8432	0.414358327423875	0.9139561348389947
ENSG00000000484	UBE2741	2.8732	-0.4749	-0.8497	0.41086620316891365	0.9139561348389947
ENSG00000004186	TRIM287	10.2876	-0.2369	-0.8488	0.411377029228884	0.9139561348389947
ENSG00000003150	SEC224	2.467	0.4753	0.8417	0.4151882621073857	0.9139561348389947
ENSG00000004053	SNX605	5.8737	-0.2203	-0.8378	0.41726720904344927	0.9147043790189385
ENSG00000003823	PXN37	6.2944	0.2789	0.8381	0.4171327718623622	0.9147043790189385
ENSG00000001999	COL547	1.9337	-0.4904	-0.8371	0.41763352556954103	0.9147043790189385
ENSG00000003930	CD68	3.8865	-0.5291	-0.8375	0.4174550875647929	0.9147043790189385
ENSG00000000535	ANK265	7.1256	0.2119	0.836	0.4182335816133249	0.9150193580318727
ENSG00000002354	MRPL103	1.9603	-0.6645	-0.836	0.4182475431497178	0.9150193580318727
ENSG00000001931	KRT603	2.5243	-0.4934	-0.8338	0.4194689258544745	0.915400281840235
ENSG00000000278	DDX154	5.2026	-0.5047	-0.8349	0.41886295884508296	0.915400281840235
ENSG00000001557	PRKC331	8.6225	0.1895	0.8348	0.418894666525653	0.915400281840235
ENSG00000003301	CDC243	4.636	-0.28	-0.8343	0.41920541552987034	0.915400281840235
ENSG00000002919	DRD697	2.1872	0.4514	0.8335	0.41959766259069353	0.915400281840235
ENSG00000003973	HTR506	5.8605	0.3111	0.8324	0.42021947214460753	0.9157302270922802
ENSG00000003466	UBE2730	6.6426	0.2267	0.8325	0.42017221429253915	0.9157302270922802
ENSG00000000169	OR203	2.8276	-0.5627	-0.8305	0.42122221682433825	0.9167057668936505
ENSG00000001016	TRIM670	1.8002	0.3967	0.8303	0.42137374536812455	0.9167057668936505
ENSG00000001172	UBE2289	7.0437	-0.3609	-0.8308	0.4210767017214905	0.9167057668936505
ENSG00000002954	PRKC837	8.8712	-0.2026	-0.8294	0.42186504447065043	0.9167497225459361
ENSG00000003081	ABC615	9.4005	0.2378	0.8295	0.4217806150540012	0.9167497225459361
ENSG00000001199	EZH148	6.47	-0.2031	-0.8283	0.4224454155894013	0.9169869255292525
ENSG00000003079	CHRM795	3.311	-0.5471	-0.8285	0.4223265282712084	0.9169869255292525
ENSG00000001313	CCNB731	4.2584	0.3477	0.8267	0.4233059350941054	0.9178990496437112
ENSG00000003303	DRD337	5.1985	0.3186	0.8267	0.4233373057837774	0.9178990496437112
ENSG00000002471	ACTN161	10.4845	0.2026	0.8234	0.425104405740792	0.9191057316208664
ENSG00000000175	ARID518	8.75	-0.2374	-0.8196	0.4271999662132958	0.9191057316208664
ENSG00000003580	DRD376	8.038	-0.22	-0.8221	0.4258472916476742	0.9191057316208664
ENSG00000003614	HDAC545	3.7046	0.7912	0.825	0.4242277464354097	0.9191057316208664
ENSG00000001680	SKP44	7.4755	-0.1563	-0.8207	0.42663405272344757	0.9191057316208664
ENSG00000000675	ADRB166	5.7647	-0.2865	-0.821	0.4264358971720956	0.9191057316208664
ENSG00000003644	TIMM813	3.8029	-0.5082	-0.8202	0.4268950607254326	0.9191057316208664
ENSG00000000326	KCN762	6.5666	-0.3095	-0.8204	0.42675751134627526	0.9191057316208664
ENSG00000003886	PXN206	3.0042	-0.5257	-0.8202	0.42688209964178325	0.9191057316208664
ENSG00000001890	MMP894	2.7946	-0.5992	-0.8199	0.4270364304508605	0.9191057316208664
ENSG00000000128	H2AF321	4.5545	0.2368	0.8229	0.42538869224761056	0.9191057316208664
ENSG00000001219	DRD669	5.1862	-0.4022	-0.8204	0.42677989169132247	0.9191057316208664
ENSG00000003914	RPLP0	13.5449	-0.1431	-0.8229	0.4254064235482087	0.9191057316208664
ENSG00000000949	KRT857	10.2256	-0.1113	-0.8247	0.42442927863846436	0.9191057316208664
ENSG00000002043	SMARC782	1.7285	0.3984	0.8172	0.4285418010819102	0.921483254039113
ENSG00000001665	HIST1H475	4.1997	-0.4063	-0.8149	0.4298053973149488	0.922162407028545
ENSG00000002728	SMARC72	1.999	0.5007	0.8149	0.42978836134025367	0.922162407028545
ENSG00000000070	CYP159	6.2405	0.2783	0.815	0.4297666558005149	0.922162407028545
ENSG00000002910	OR655	3.5183	-0.4773	-0.8162	0.42909608126198995	0.922162407028545
ENSG00000000053	SMARC85	5.7825	0.1807	0.8144	0.43009273623904365	0.922270484541244
ENSG00000003203	SNX254	4.3761	0.3813	0.8139	0.43033183436799105	0.9222750547137781
ENSG00000001524	HTR655	2.0332	0.6479	0.8098	0.43261218911192323	0.9229093623909657
ENSG00000001190	HDAC578	3.6987	-0.4175	-0.8111	0.4319110790690568	0.9229093623909657
ENSG00000003024	DHX552	8.0703	0.1669	0.8087	0.43323351895854556	0.9229093623909657
ENSG00000001893	MRPL303	7.9522	0.2413	0.807	0.43418474885350933	0.9229093623909657
ENSG00000003517	CDC572	7.5377	-0.2361	-0.8119	0.4314849368159669	0.9229093623909657
ENSG00000000166	ANK591	2.979	-0.3957	-0.8127	0.4310443161472992	0.9229093623909657
ENSG00000000162	CUL743	5.4809	-0.274	-0.8092	0.4329828199012452	0.9229093623909657
ENSG00000002423	ARID173	2.7124	0.4572	0.8078	0.4337252906421122	0.9229093623909657
ENSG00000000416	ARF476	1.7014	-0.4775	-0.8078	0.4337265065867527	0.9229093623909657
ENSG00000001630	MAPK167	9.8635	-0.2029	-0.8116	0.4316416434988116	0.9229093623909657
ENSG00000000412	DUSP764	11.2073	0.1715	0.808	0.4336405299594577	0.9229093623909657
ENSG00000003865	PPP1R305	8.3688	-0.2054	-0.8088	0.43320380027062166	0.9229093623909657
ENSG00000003944	DUSP33	2.9592	0.5352	0.8076	0.43384931808699445	0.9229093623909657
ENSG00000000258	SIRT389	3.3766	-0.2831	-0.8108	0.4320909822226652	0.9229093623909657
ENSG00000000190	KCN347	5.6681	0.3259	0.8072	0.4340779969940032	0.9229093623909657
ENSG00000003398	KRT845	5.2721	0.3691	0.8053	0.43515114580733016	0.9239543150475336
ENSG00000003241	SEC80	4.3738	0.4016	0.8056	0.43498232253248237	0.9239543150475336
ENSG00000000736	MRPS633	3.6713	-0.3566	-0.8037	0.43600938389635213	0.9247854544060763
ENSG00000001294	SCN733	4.0279	-0.5833	-0.8033	0.43625541990995786	0.9247854544060763
ENSG00000000650	CACN144	10.6301	-0.158	-0.8035	0.43613718690057646	0.9247854544060763
ENSG00000002186	GABR621	3.9883	-0.5553	-0.8023	0.43678504403450125	0.9254041324889923
ENSG00000003204	RB1	2.2207	-0.5432	-0.8011	0.4374541536640746	0.9263175005770284
ENSG00000002368	DNMT578	1.6598	-0.489	-0.8	0.4380716270417162	0.9265106070860359
ENSG00000003775	UBE2497	6.0094	-0.3527	-0.8001	0.438044538338052	0.9265106070860359
ENSG00000001823	TMEM705	4.7749	-0.2626	-0.7997	0.4382595137835026	0.9265106070860359
ENSG00000003381	SLC83	7.0816	0.1745	0.799	0.4386311647911335	0.9267928845641106
ENSG00000001197	COPB34	6.0915	-0.2575	-0.7983	0.43902670904916763	0.9271253128699731
ENSG00000002524	KCN481	3.6355	0.4595	0.7957	0.44049687425903294	0.9271536760093825
ENSG00000000961	DNMT681	8.3834	-0.1474	-0.7945	0.44118412332203916	0.9271536760093825
ENSG00000003731	RPL56	2.3585	0.5253	0.7947	0.4410305198687742	0.9271536760093825
ENSG00000003320	EGFR	4.355	0.4225	0.7968	0.43988429947748775	0.9271536760093825
ENSG00000002399	SLC313	5.0215	0.431	0.7965	0.4400476649128	0.9271536760093825
ENSG00000000487	MMP351	5.7143	-0.2423	-0.7951	0.4408400127187202	0.9271536760093825
ENSG00000001231	GRIN572	5.8753	0.3869	0.7972	0.43965232112732533	0.9271536760093825
ENSG00000003562	MYO765	6.4554	-0.2619	-0.7958	0.44041262977992635	0.9271536760093825
ENSG00000002629	SPTB502	8.6891	-0.2367	-0.7971	0.4397150676759387	0.9271536760093825
ENSG00000002774	COL175	4.2666	-0.3807	-0.7911	0.44307869275197176	0.9272500134464142
ENSG00000001043	COL840	5.9972	-0.1956	-0.7922	0.44245927997469114	0.9272500134464142
ENSG00000004113	ABC147	3.8912	-0.4175	-0.7906	0.44337417138329316	0.9272500134464142
ENSG00000000041	CDH1	2.4191	0.5172	0.792	0.4425977029891581	0.9272500134464142
ENSG00000000444	SCN605	9.7033	0.21	0.7938	0.4415438348801388	0.9272500134464142
ENSG00000003927	SCN855	2.3582	0.456	0.7912	0.4430284734800872	0.9272500134464142
ENSG00000000633	ADAM866	3.6031	0.7817	0.7929	0.44205813348639367	0.9272500134464142
ENSG00000002275	PPP1R859	1.2342	-0.4304	-0.7921	0.4425342457425465	0.9272500134464142
ENSG00000001822	MRPS601	3.7959	0.4202	0.791	0.44314562401302215	0.9272500134464142
ENSG00000003432	ADAM777	2.1244	0.653	0.7883	0.4446780324336681	0.929113017651997
ENSG00000001221	TMEM618	4.8951	-0.4192	-0.7869	0.4454586050715895	0.929113017651997
ENSG00000003383	KCN598	5.3811	-0.2784	-0.7873	0.4452406334207446	0.929113017651997
ENSG00000003742	CUL111	10.2435	-0.1475	-0.7881	0.4447510294884838	0.929113017651997
ENSG00000001468	DHX751	8.8183	-0.1802	-0.7869	0.44545824261771927	0.929113017651997
ENSG00000003940	PPP1R466	6.7786	0.2423	0.7864	0.4457169343774826	0.929153887839937
ENSG00000001118	ANK559	8.3624	-0.2236	-0.784	0.44711862517658896	0.9315769214064691
ENSG00000003062	TIMM362	8.5082	-0.1854	-0.7832	0.4475269593681297	0.9319287992834461
ENSG00000003981	TOMM97	5.2272	-0.1546	-0.7823	0.4480818015428044	0.9320867833268812
ENSG00000000915	GABR584	2.9524	-0.3849	-0.7824	0.4480120026000075	0.9320867833268812
ENSG00000000216	SNX222	2.255	0.5313	0.7813	0.44860130327207814	0.9326689488968634
ENSG00000002260	PPP2R250	4.6808	0.326	0.779	0.4499224952794113	0.9339957113697993
ENSG00000000803	EZH397	9.05	-0.1757	-0.7789	0.44995939332435086	0.9339957113697993
ENSG00000003711	DYNC79	5.114	-0.3463	-0.7798	0.44949324834913673	0.9339957113697993
ENSG00000002995	ARF398	6.9622	-0.2421	-0.7555	0.46339913095115426	0.9350498219651232
ENSG00000001423	TMEM697	10.5444	0.1742	0.7459	0.4689946720021517	0.9350498219651232
ENSG00000001424	RNF105	2.6112	0.4183	0.7479	0.46783008993250164	0.9350498219651232
ENSG00000002027	CDC678	6.5778	0.2006	0.7457	0.4691072392078226	0.9350498219651232
ENSG00000000279	SLC696	2.3367	0.4919	0.747	0.46834684450055497	0.9350498219651232
ENSG00000000672	PXN107	5.8385	0.2552	0.7425	0.4709730897467499	0.9350498219651232
ENSG00000002036	EZH168	3.5207	-0.642	-0.7703	0.4548845975336484	0.9350498219651232
ENSG00000002011	PXN331	5.9616	-0.2679	-0.7534	0.46461309970552456	0.9350498219651232
ENSG00000003991	ATAD808	8.8616	-0.1703	-0.7579	0.4620261116505979	0.9350498219651232
ENSG00000000694	TRIM593	7.6031	0.1166	0.7713	0.45434567587326935	0.9350498219651232
ENSG00000003155	PPP2R176	9.0598	-0.1483	-0.752	0.46542990944145723	0.9350498219651232
ENSG00000003057	CHRM29	9.7854	-0.171	-0.7437	0.47031208772009936	0.9350498219651232
ENSG00000000852	CCNB769	3.6976	0.4491	0.7751	0.45214068158478293	0.9350498219651232
ENSG00000000693	TOMM651	2.909	0.5768	0.7764	0.4514047087246875	0.9350498219651232
ENSG00000001543	TOMM485	1.4218	0.4384	0.7468	0.4684894378881389	0.9350498219651232
ENSG00000001819	MRPS741	3.3148	0.5034	0.7561	0.46309934788488416	0.9350498219651232
ENSG00000003075	ACTN46	7.0794	-0.2726	-0.7336	0.47622259691071167	0.9350498219651232
ENSG00000000307	RPS854	7.238	-0.2141	-0.7375	0.47393455787024186	0.9350498219651232
ENSG00000001572	ARID356	10.2714	0.1555	0.7476	0.46801041326310566	0.9350498219651232
ENSG00000001584	ABC232	4.5667	-0.2807	-0.7361	0.4747431770980911	0.9350498219651232
ENSG00000001565	SLC263	3.9662	-0.4058	-0.735	0.47541465591426335	0.9350498219651232
ENSG00000002556	BRD794	11.6083	0.1318	0.7512	0.46592849640300604	0.9350498219651232
ENSG00000002347	H2AF222	5.5622	-0.253	-0.7703	0.4548798698290152	0.9350498219651232
ENSG00000003464	TRIM449	2.1878	-0.5154	-0.7479	0.4678077863022626	0.9350498219651232
ENSG00000000507	TLN556	1.4709	-0.3242	-0.7403	0.47225236679014737	0.9350498219651232
ENSG00000000812	HIST1H770	6.228	-0.2889	-0.759	0.46137730861202975	0.9350498219651232
ENSG00000001402	UGT471	7.6038	0.1751	0.76	0.4608022510244839	0.9350498219651232
ENSG00000000574	MYO277	8.9478	0.1382	0.7328	0.4766751474334887	0.9350498219651232
ENSG00000000146	ADAM256	1.4851	-0.4244	-0.7512	0.46590798049128856	0.9350498219651232
ENSG00000001829	USP48	3.9743	-0.2717	-0.7525	0.4651630645496727	0.9350498219651232
ENSG00000000154	TRIM616	3.1223	0.5598	0.7494	0.46696890359446297	0.9350498219651232
ENSG00000002301	ZNF306	7.0189	-0.415	-0.759	0.4613820743625524	0.9350498219651232
ENSG00000001242	DHX7	6.0336	-0.3007	-0.7711	0.4544329897761399	0.9350498219651232
ENSG00000000771	ANAPC329	5.9652	-0.149	-0.7501	0.46652958590765436	0.9350498219651232
ENSG00000003510	RNF638	2.5968	0.4917	0.7706	0.45473118844919	0.9350498219651232
ENSG00000003835	TLN290	7.9289	-0.1706	-0.7329	0.47661085880237597	0.9350498219651232
ENSG00000000617	CCNB884	7.7766	0.1399	0.7497	0.46677995605741573	0.9350498219651232
ENSG00000000625	USP631	2.1038	-0.4171	-0.7324	0.4768946291368884	0.9350498219651232
ENSG00000002503	TOMM351	5.5772	-0.2482	-0.7507	0.4662156458674124	0.9350498219651232
ENSG00000003216	DNMT618	8.1252	0.1741	0.7715	0.45418178033035894	0.9350498219651232
ENSG00000001905	FBXO8	4.8519	-0.2711	-0.7436	0.4703249688477188	0.9350498219651232
ENSG00000003302	ANK125	9.0117	-0.2501	-0.7762	0.45151311313923337	0.9350498219651232
ENSG00000003311	SPTB225	1.5936	0.412	0.7354	0.47516455025325677	0.9350498219651232
ENSG00000002309	TIMM391	3.5724	-0.4769	-0.7367	0.4743917871294785	0.9350498219651232
ENSG00000002311	HIST1H71	5.1552	0.2467	0.7504	0.4663751585316227	0.9350498219651232
ENSG00000001257	FBXO811	3.0314	-0.4669	-0.7539	0.46437389469723467	0.9350498219651232
ENSG00000001259	TUBB206	2.4388	-0.4587	-0.7714	0.45425060336891954	0.9350498219651232
ENSG00000000459	DUSP310	10.1714	-0.1604	-0.7349	0.4754710184347972	0.9350498219651232
ENSG00000002502	PLC133	5.6439	0.252	0.7356	0.4750212834839991	0.9350498219651232
ENSG00000001024	SCN161	7.8188	-0.1701	-0.7493	0.4670428027573489	0.9350498219651232
ENSG00000001250	PRKC27	6.0812	-0.2648	-0.7601	0.4607821372395249	0.9350498219651232
ENSG00000003477	KCN313	4.8956	-0.4215	-0.7436	0.47033476739380753	0.9350498219651232
ENSG00000000367	ADAM410	12.88	0.1937	0.762	0.459634771349278	0.9350498219651232
ENSG00000003946	KCN128	1.6197	0.3214	0.745	0.4695258171091593	0.9350498219651232
ENSG00000001523	PPP2R210	4.0069	-0.3278	-0.7338	0.47608509700852264	0.9350498219651232
ENSG00000001376	CCNB658	5.4709	-0.2676	-0.7358	0.47491002604728005	0.9350498219651232
ENSG00000003186	MAPK486	5.4032	0.1646	0.7378	0.47373744766045234	0.9350498219651232
ENSG00000002643	ADRB125	8.3307	-0.1368	-0.7529	0.4649054186634518	0.9350498219651232
ENSG00000001844	TIMM493	7.7153	0.2215	0.739	0.4730202277360659	0.9350498219651232
ENSG00000001391	ZNF171	4.7606	-0.18	-0.7459	0.4689772304468658	0.9350498219651232
ENSG00000002571	GABR302	1.7078	-0.5576	-0.7362	0.47470831100398647	0.9350498219651232
ENSG00000002570	UBE2647	4.8162	-0.3441	-0.7397	0.47264918941029876	0.9350498219651232
ENSG00000001560	TRIM302	4.8057	-0.3882	-0.7349	0.47545386104731013	0.9350498219651232
ENSG00000000689	CACN879	5.6723	0.3727	0.7552	0.46356430280783945	0.9350498219651232
ENSG00000003818	GNA346	2.8119	-0.3525	-0.7678	0.45630125831628066	0.9350498219651232
ENSG00000001870	SLC414	4.1419	-0.3375	-0.7464	0.4687175763439497	0.9350498219651232
ENSG00000002742	ATAD664	6.2753	0.2097	0.7758	0.45172581971645986	0.9350498219651232
ENSG00000002265	CUL423	7.9356	0.1769	0.7557	0.4633155998807651	0.9350498219651232
ENSG00000001151	BRD639	4.9663	-0.2117	-0.7331	0.47648031952902214	0.9350498219651232
ENSG00000002231	KDM608	6.1263	-0.2651	-0.7524	0.4652098106173539	0.9350498219651232
ENSG00000002194	TET882	2.5481	-0.5079	-0.741	0.47184044351873133	0.9350498219651232
ENSG00000003900	ADRB164	8.4173	-0.1297	-0.7422	0.47116448709175707	0.9350498219651232
ENSG00000001480	ATAD193	6.7907	0.1402	0.7676	0.4564403456391808	0.9350498219651232
ENSG00000003887	MMP592	4.7264	0.38	0.7425	0.4709760814559386	0.9350498219651232
ENSG00000001554	CYP465	4.5467	0.4608	0.7662	0.45722268435895674	0.9350498219651232
ENSG00000002715	PPP2R352	8.5161	-0.2639	-0.7593	0.4612044665595372	0.9350498219651232
ENSG00000000556	SPTB841	2.3143	0.4163	0.7374	0.47399376710899066	0.9350498219651232
ENSG00000002939	SMARC369	6.3279	0.2844	0.7765	0.4513729538913881	0.9350498219651232
ENSG00000003376	DDX386	9.339	-0.1987	-0.763	0.45910196363973244	0.9350498219651232
ENSG00000000413	TUBB608	8.0653	-0.1701	-0.7367	0.47438248332824007	0.9350498219651232
ENSG00000004092	ZNF387	2.0155	0.4291	0.7394	0.47280277697139617	0.9350498219651232
ENSG00000004075	DRD178	10.9907	0.1069	0.7338	0.47607803323174225	0.9350498219651232
ENSG00000003033	KMT2807	3.3681	-0.6739	-0.7355	0.47508829722493817	0.9350498219651232
ENSG00000000648	CDC195	9.5565	-0.1876	-0.7337	0.4761628395225781	0.9350498219651232
ENSG00000000647	RAB11FIP791	7.3139	-0.235	-0.7335	0.4762848285948711	0.9350498219651232
ENSG00000004157	ANAPC735	1.9748	0.4008	0.7464	0.468729477057793	0.9350498219651232
ENSG00000000007	FBXO780	6.2561	0.2087	0.761	0.4602552019409142	0.9350498219651232
ENSG00000000038	UGT374	4.0676	-0.5356	-0.7613	0.4600731279446243	0.9350498219651232
ENSG00000003006	MMP149	6.3795	0.2411	0.7483	0.46759626281956035	0.9350498219651232
ENSG00000000971	OR323	3.3252	-0.5475	-0.7703	0.45491557043393416	0.9350498219651232
ENSG00000003540	ANAPC147	1.7806	0.4309	0.7348	0.47550800843508856	0.9350498219651232
ENSG00000001687	KCN6	1.277	0.3683	0.735	0.4753841010067118	0.9350498219651232
ENSG00000000050	DUSP547	2.6062	0.3528	0.7703	0.4549056322168925	0.9350498219651232
ENSG00000001677	GNA841	1.7996	-0.3572	-0.7513	0.46587747411854996	0.9350498219651232
ENSG00000004007	ADAM408	3.5985	-0.3545	-0.7446	0.46974640607794627	0.9350498219651232
ENSG00000000889	SLC646	2.3364	-0.504	-0.7704	0.4548509826078847	0.9350498219651232
ENSG00000002481	ANAPC657	10.2617	0.1802	0.7698	0.45520198198343453	0.9350498219651232
ENSG00000002639	KCN154	6.5533	0.317	0.7745	0.45249042259066774	0.9350498219651232
ENSG00000000714	TET505	5.6196	-0.2984	-0.7632	0.45898496561152957	0.9350498219651232
ENSG00000003142	BRD406	2.5381	-0.5597	-0.7694	0.45541058202076157	0.9350498219651232
ENSG00000002207	RAB267	7.7603	-0.1682	-0.7549	0.4637811532263546	0.9350498219651232
ENSG00000000235	PLC743	5.3209	0.3755	0.7666	0.457040266514528	0.9350498219651232
ENSG00000001981	ATAD674	3.4159	-0.3846	-0.7559	0.463182509478257	0.9350498219651232
ENSG00000001942	GNA597	5.0455	-0.341	-0.7334	0.4763454139208815	0.9350498219651232
ENSG00000001933	ADRB546	6.9823	0.1931	0.7376	0.473868803468236	0.9350498219651232
ENSG00000003867	HIST1H113	2.614	0.343	0.7731	0.45326936723657096	0.9350498219651232
ENSG00000001949	COL130	2.5918	-0.3532	-0.7611	0.4601905267576957	0.9350498219651232
ENSG00000003112	SUZ254	7.8454	0.2043	0.7495	0.466909347010771	0.9350498219651232
ENSG00000001491	GRIN37	3.1106	0.4298	0.7616	0.45988939365867043	0.9350498219651232
ENSG00000002292	USP567	4.6025	-0.3272	-0.7469	0.46841415426170896	0.9350498219651232
ENSG00000003455	HTR726	1.7339	-0.4992	-0.732	0.4771621605610029	0.9351032874639593
ENSG00000000600	CHRM359	8.1971	0.247	0.7302	0.47819251131928	0.9366508576017301
ENSG00000003052	CACN181	4.4475	0.419	0.7268	0.48023592468742093	0.9373511629305127
ENSG00000000304	OR798	6.3313	0.2126	0.7273	0.47994259061733524	0.9373511629305127
ENSG00000001084	SUZ304	5.5097	-0.2766	-0.727	0.4801021869777554	0.9373511629305127
ENSG00000001882	PPP2R114	8.5145	-0.1954	-0.7276	0.4797433794480911	0.9373511629305127
ENSG00000000182	KIF747	5.0057	0.3468	0.7268	0.4802348745130923	0.9373511629305127
ENSG00000001669	GRIN620	6.4425	-0.1881	-0.7288	0.4790626795156715	0.9373511629305127
ENSG00000003764	EIF4E	2.4292	-0.5134	-0.7269	0.480146357500297	0.9373511629305127
ENSG00000004183	MMP51	7.4669	-0.1729	-0.7259	0.4807866275105316	0.9379556663012476
ENSG00000003722	PXN99	5.2688	0.3101	0.7201	0.4842215068407755	0.9388596154741581
ENSG00000002041	RAB11FIP306	5.9029	-0.2639	-0.7171	0.4860209232159134	0.9388596154741581
ENSG00000001027	MAPK810	4.8432	0.311	0.712	0.4890655867681225	0.9388596154741581
ENSG00000000393	KIF797	5.5604	-0.3397	-0.7145	0.4875476643516867	0.9388596154741581
ENSG00000002529	PLC526	4.4429	0.3978	0.7126	0.48865846710299266	0.9388596154741581
ENSG00000001970	COL3A1	5.6273	0.356	0.7192	0.4847244023580506	0.9388596154741581
ENSG00000001527	KMT2356	6.0826	0.2035	0.7213	0.48349545127124494	0.9388596154741581
ENSG00000000170	RPS9	9.3304	0.1342	0.7166	0.48627307557289545	0.9388596154741581
ENSG00000002447	RPL748	5.8477	-0.1469	-0.7206	0.4839397214303449	0.9388596154741581
ENSG00000001563	PXN626	5.9333	-0.2101	-0.7183	0.48526126036156814	0.9388596154741581
ENSG00000001003	PXN229	6.0081	-0.1769	-0.7166	0.48632109857561223	0.9388596154741581
ENSG00000002076	DYNC854	8.0061	0.1461	0.7168	0.4861508257768329	0.9388596154741581
ENSG00000001826	PXN568	1.289	-0.4004	-0.7124	0.4888259428383931	0.9388596154741581
ENSG00000002334	ARID469	3.3177	-0.3735	-0.7176	0.4857065321924121	0.9388596154741581
ENSG00000001858	TET866	5.4726	-0.2783	-0.7228	0.48261405447540195	0.9388596154741581
ENSG00000002104	RPL664	5.3913	-0.2668	-0.7117	0.48921050878252637	0.9388596154741581
ENSG00000000262	EZH84	4.8314	-0.4317	-0.7188	0.4849683606536489	0.9388596154741581
ENSG00000000156	MYO210	12.4303	0.1536	0.7205	0.483947378500584	0.9388596154741581
ENSG00000000125	PLC398	2.1889	-0.5252	-0.7244	0.48166324148194195	0.9388596154741581
ENSG00000000297	SKP13	1.6241	-0.4438	-0.7155	0.4869569776429489	0.9388596154741581
ENSG00000000163	KRT268	2.0105	0.4882	0.7128	0.48857415019372696	0.9388596154741581
ENSG00000003402	TLN613	6.9058	-0.1203	-0.7136	0.48809117768395305	0.9388596154741581
ENSG00000000186	BRD796	9.2246	0.1387	0.7166	0.486320496841946	0.9388596154741581
ENSG00000000878	KRT339	6.8115	0.1837	0.7123	0.4888541434911906	0.9388596154741581
ENSG00000001315	TET262	1.3721	0.3484	0.7226	0.4827196787531417	0.9388596154741581
ENSG00000000977	ARID143	4.5385	0.2073	0.7146	0.48746335715104827	0.9388596154741581
ENSG00000004032	VPS634	5.5933	0.2725	0.7155	0.48695293116680904	0.9388596154741581
ENSG00000003932	DNMT246	2.3903	-0.4058	-0.7192	0.4847232750761191	0.9388596154741581
ENSG00000003127	MRPS289	1.9541	0.4321	0.7208	0.4837806179089963	0.9388596154741581
ENSG00000002220	CUL43	3.6613	0.5019	0.7188	0.4849632577775411	0.9388596154741581
ENSG00000002341	SEC331	3.7705	-0.3148	-0.7221	0.4829959858187419	0.9388596154741581
ENSG00000000667	KDM22	9.3944	-0.1282	-0.7235	0.48217752305354955	0.9388596154741581
ENSG00000001380	UGT546	4.5845	-0.4361	-0.7153	0.487065275996751	0.9388596154741581
ENSG00000000294	ADRB887	3.9881	-0.2901	-0.7026	0.49468806160821854	0.9389283065737077
ENSG00000001810	EZH458	3.1219	0.3186	0.7082	0.49133532577750927	0.9389283065737077
ENSG00000002891	MAPK507	8.6341	-0.1229	-0.7102	0.49012358814852086	0.9389283065737077
ENSG00000001608	ATAD377	5.6463	-0.3733	-0.7024	0.4948182881393215	0.9389283065737077
ENSG00000002683	DNMT58	5.7532	-0.2973	-0.7023	0.49490324818232223	0.9389283065737077
ENSG00000000930	VPS579	4.423	-0.2163	-0.7032	0.4943079022399558	0.9389283065737077
ENSG00000003778	KIF215	5.6546	-0.2811	-0.7039	0.4939337026715612	0.9389283065737077
ENSG00000002598	PRKC649	4.3597	0.6183	0.7025	0.4947496170584761	0.9389283065737077
ENSG00000001374	HIST1H246	2.3438	0.4106	0.7091	0.49080752271704964	0.9389283065737077
ENSG00000000471	CUL844	7.5828	0.1341	0.7061	0.4925746006403665	0.9389283065737077
ENSG00000001381	PPP2R217	7.9111	0.1476	0.704	0.4938440135618949	0.9389283065737077
ENSG00000004104	RAB206	6.0217	0.2928	0.7069	0.4921131584908959	0.9389283065737077
ENSG00000001443	KDM580	8.7707	0.2191	0.7094	0.4906289742134401	0.9389283065737077
ENSG00000001603	ATP5F1A	2.2045	0.4342	0.7067	0.49224691525033104	0.9389283065737077
ENSG00000001068	UGT872	7.1605	-0.1975	-0.7084	0.4911849071494677	0.9389283065737077
ENSG00000004124	HTR188	6.1128	0.2646	0.7047	0.4934004026678911	0.9389283065737077
ENSG00000004138	SCN159	4.079	-0.4564	-0.7079	0.49147905380832935	0.9389283065737077
ENSG00000001289	CPT1A	1.5201	0.4291	0.702	0.49503619863546977	0.9389283065737077
ENSG00000003920	H2AF353	6.4787	0.4002	0.7045	0.4935651851698818	0.9389283065737077
ENSG00000001868	GNA201	5.8247	0.2209	0.7034	0.4942212209999658	0.9389283065737077
ENSG00000001514	CDC643	7.0316	-0.2194	-0.7096	0.49050676665269377	0.9389283065737077
ENSG00000002158	TMEM246	9.7457	-0.1763	-0.7045	0.4935349685108362	0.9389283065737077
ENSG00000000361	KDM605	5.7091	0.2209	0.7032	0.4943053763114008	0.9389283065737077
ENSG00000002200	UBE2135	1.9683	0.4461	0.711	0.4896358778740958	0.9389283065737077
ENSG00000001968	ARF898	4.0391	0.3213	0.7016	0.49529598312354806	0.9389634516886746
ENSG00000001519	TOMM467	10.4558	0.1287	0.6996	0.49647806593503563	0.9391922074119773
ENSG00000003463	ACTN157	5.3235	-0.3609	-0.7007	0.4958514335503471	0.9391922074119773
ENSG00000003159	DYNC297	12.3856	-0.1408	-0.7005	0.49594628225359805	0.9391922074119773
ENSG00000000200	KDM332	7.5126	-0.1343	-0.7	0.496242221467166	0.9391922074119773
ENSG00000001490	CCNB390	5.7811	-0.2151	-0.6994	0.4966232175883477	0.9391922074119773
ENSG00000002590	PXN680	8.6789	0.1477	0.6989	0.4969560574173393	0.9393652139234019
ENSG00000002328	PDK1	5.7813	-0.2412	-0.698	0.4974751419046699	0.9394338924274505
ENSG00000002996	DDX615	6.6422	-0.1695	-0.6982	0.49733477480834	0.9394338924274505
ENSG00000001505	KCN365	4.4793	-0.2411	-0.6972	0.49797915910549573	0.9399296252369492
ENSG00000001472	DNMT837	8.3654	-0.1033	-0.6943	0.49973659496758616	0.9400554990883737
ENSG00000001411	CACN761	4.5396	0.1699	0.6948	0.4994297231409447	0.9400554990883737
ENSG00000002526	PRKC498	6.6095	0.1534	0.6945	0.49961935492239107	0.9400554990883737
ENSG00000001067	EZH521	5.8775	0.3496	0.6944	0.49965599867477295	0.9400554990883737
ENSG00000002587	UGT849	4.4185	0.3193	0.6956	0.49892579377860913	0.9400554990883737
ENSG00000001708	EIF458	1.1965	-0.4439	-0.6963	0.49848102699980124	0.9400554990883737
ENSG00000003873	SIRT713	1.8884	0.3667	0.6954	0.4990348422439769	0.9400554990883737
ENSG00000002541	UBE2355	6.209	0.2633	0.6937	0.5000514802929279	0.9401934112560751
ENSG00000003709	DYNC850	7.4886	0.1917	0.6932	0.500391022720512	0.9403775279711407
ENSG00000000385	EZH89	3.3488	0.4226	0.6926	0.5007756188403422	0.9406460948487507
ENSG00000000033	PPP1R676	7.9143	-0.2063	-0.6859	0.5048237084581577	0.9407123232918994
ENSG00000000898	TLN287	8.8354	-0.2069	-0.6866	0.5043870384349589	0.9407123232918994
ENSG00000001663	SIRT730	2.9354	0.2987	0.6911	0.5016449285204325	0.9407123232918994
ENSG00000002873	SNX664	1.234	0.2724	0.6888	0.5030704275610394	0.9407123232918994
ENSG00000002162	VCL75	7.4453	0.2507	0.683	0.5066117753391113	0.9407123232918994
ENSG00000002788	UBE260	7.917	0.1768	0.6872	0.5040054265462915	0.9407123232918994
ENSG00000001160	HDAC268	3.909	0.5486	0.6873	0.5039750631425906	0.9407123232918994
ENSG00000003607	TUBB278	5.7273	-0.2794	-0.6889	0.5029962374283543	0.9407123232918994
ENSG00000002306	COL516	10.586	0.203	0.6832	0.5064899413763038	0.9407123232918994
ENSG00000003271	PPP2R328	8.2869	-0.1895	-0.6853	0.5051657464794777	0.9407123232918994
ENSG00000002444	PPP1R514	4.0158	-0.4642	-0.6897	0.5024947975302991	0.9407123232918994
ENSG00000002925	UGT191	12.7593	-0.1458	-0.6847	0.5055523179002858	0.9407123232918994
ENSG00000000240	SNX860	2.3699	-0.4282	-0.6861	0.5046877423121761	0.9407123232918994
ENSG00000003677	SEC429	2.345	0.4975	0.6838	0.5061299795319099	0.9407123232918994
ENSG00000002327	H2AF586	3.5696	-0.3457	-0.6844	0.5057700045399198	0.9407123232918994
ENSG00000001515	GABR119	3.8831	0.3435	0.6882	0.5034065740662491	0.9407123232918994
ENSG00000001525	CDC231	5.6216	0.3243	0.6855	0.5050597939982856	0.9407123232918994
ENSG00000003193	SKP551	2.5121	-0.314	-0.6857	0.5049690415386219	0.9407123232918994
ENSG00000002336	PRKC872	7.6418	-0.197	-0.6894	0.5026974233261039	0.9407123232918994
ENSG00000002577	PECAM1	3.4146	-0.5273	-0.689	0.5029213484863584	0.9407123232918994
ENSG00000000330	PRKC588	3.3855	0.5052	0.691	0.5017395467584659	0.9407123232918994
ENSG00000001015	TUBB251	6.244	-0.3076	-0.6903	0.5021293844639156	0.9407123232918994
ENSG00000001617	USP523	2.9839	0.456	0.6839	0.5060242953738461	0.9407123232918994
ENSG00000003780	DNMT82	8.4032	0.1989	0.6838	0.5061148421835077	0.9407123232918994
ENSG00000000184	ARF141	12.4416	-0.0807	-0.6717	0.5135529432154021	0.9413746967456567
ENSG00000001483	TET300	3.4676	0.3404	0.6812	0.5076958606858356	0.9413746967456567
ENSG00000000651	RAB749	7.0072	0.2359	0.6725	0.5130421332239586	0.9413746967456567
ENSG00000000400	GRIN705	6.7881	0.281	0.6769	0.5103378886285143	0.9413746967456567
ENSG00000004158	PPP2R781	5.368	0.2374	0.6767	0.5104689755360236	0.9413746967456567
ENSG00000004182	ANK768	5.6347	-0.2435	-0.6768	0.5103950005213744	0.9413746967456567
ENSG00000002880	USP819	4.5762	-0.2935	-0.6745	0.511805215434078	0.9413746967456567
ENSG00000001891	BRD583	6.6857	-0.1849	-0.6732	0.5126302506543376	0.9413746967456567
ENSG00000002538	CUL77	6.7056	-0.1126	-0.6773	0.5101026556487545	0.9413746967456567
ENSG00000001114	KCN612	7.3351	-0.2368	-0.6728	0.512843220143935	0.9413746967456567
ENSG00000001719	MRPL757	7.9497	-0.1506	-0.6799	0.5084789878650446	0.9413746967456567
ENSG00000003809	GABR653	10.282	0.1469	0.6768	0.5104207510325416	0.9413746967456567
ENSG00000000488	RPL255	2.1209	0.484	0.6764	0.5106492973115555	0.9413746967456567
ENSG00000000778	UGT247	6.7688	-0.2195	-0.68	0.5084416771446498	0.9413746967456567
ENSG00000001780	ATAD630	4.15	-0.4167	-0.6742	0.5119811027429538	0.9413746967456567
ENSG00000002417	PPP1R79	6.767	0.2092	0.6738	0.5122134290828999	0.9413746967456567
ENSG00000000283	ATAD163	0.8939	0.2633	0.6789	0.5090844107827965	0.9413746967456567
ENSG00000001798	DHX895	1.9679	-0.4643	-0.6778	0.5097910250302305	0.9413746967456567
ENSG00000001834	UBE241	2.6426	-0.4962	-0.6819	0.5072487864668915	0.9413746967456567
ENSG00000002051	RAB11FIP387	2.2582	-0.493	-0.6742	0.511972503990753	0.9413746967456567
ENSG00000002092	KRT632	2.5138	0.5056	0.6787	0.5092158648669498	0.9413746967456567
ENSG00000001561	UGT412	7.2515	0.1126	0.6743	0.5119268802993618	0.9413746967456567
ENSG00000002557	DHX852	2.4369	-0.3124	-0.6714	0.5137409701664375	0.9413746967456567
ENSG00000000013	HDAC271	8.6697	-0.2088	-0.672	0.5133508011508985	0.9413746967456567
ENSG00000002932	TOMM232	5.3894	-0.3434	-0.6784	0.5094136826869775	0.9413746967456567
ENSG00000001092	PRKC277	1.7326	0.5058	0.679	0.5090725255961945	0.9413746967456567
ENSG00000003425	CACN319	7.5005	0.1988	0.6751	0.5114249051640942	0.9413746967456567
ENSG00000003821	HIST1H654	5.8968	-0.178	-0.6734	0.5124683567688464	0.9413746967456567
ENSG00000001655	KCN626	2.7716	0.2885	0.6705	0.5142561351777037	0.9418752367584108
ENSG00000002673	SEC807	6.6607	0.265	0.6699	0.5146178956238385	0.9420944730799528
ENSG00000003213	PPP1R310	4.6056	-0.2415	-0.6693	0.5149899966161366	0.942332424461685
ENSG00000001659	KDM239	4.877	0.3207	0.6684	0.5155709549963283	0.9426822253388113
ENSG00000003726	HIST1H894	7.3133	-0.1349	-0.6682	0.5156655852380085	0.9426822253388113
ENSG00000003307	SPTB824	4.46	-0.2934	-0.6674	0.5162203591529544	0.9428107169513367
ENSG00000000628	KMT2543	5.4104	-0.2692	-0.6675	0.5161015335821217	0.9428107169513367
ENSG00000003082	RNF383	9.409	-0.1722	-0.6664	0.5168204336545303	0.9430216257775115
ENSG00000002882	TMEM654	4.292	-0.4221	-0.6666	0.516704021604325	0.9430216257775115
ENSG00000002504	ARID269	2.0943	0.444	0.6645	0.5179808645265479	0.9442536415631496
ENSG00000002572	SCN541	4.8324	0.3001	0.6648	0.5178097952853742	0.9442536415631496
ENSG00000003804	VPS841	2.9893	-0.3813	-0.6636	0.5185245097757021	0.9443273424913927
ENSG00000000238	VPS401	2.1392	-0.5187	-0.6626	0.5191649124186231	0.9443273424913927
ENSG00000003123	ARF309	10.7055	0.1323	0.6634	0.5186628251889605	0.9443273424913927
ENSG00000001818	NFKB1	1.8162	0.4756	0.6625	0.519234458615514	0.9443273424913927
ENSG00000002818	USP835	10.0886	-0.1735	-0.6633	0.5187521261652368	0.9443273424913927
ENSG00000002618	BRD206	3.7115	0.3519	0.661	0.5201263033832982	0.9448339217937577
ENSG00000000160	PLC648	4.4755	-0.2139	-0.6609	0.5202412883874673	0.9448339217937577
ENSG00000001377	COPB853	5.9446	-0.1885	-0.6611	0.5200998712616269	0.9448339217937577
ENSG00000004030	KMT2669	4.4672	-0.3491	-0.6568	0.5227390837322018	0.9462941272553211
ENSG00000004012	CACN767	8.5358	0.1332	0.6575	0.5223125623595757	0.9462941272553211
ENSG00000000306	HTR214	9.2315	0.1112	0.6575	0.5223530721308542	0.9462941272553211
ENSG00000003538	DRD294	3.6709	-0.3893	-0.6561	0.5232335462110614	0.9462941272553211
ENSG00000002243	KCN474	3.3283	0.4371	0.6576	0.5222397861746662	0.9462941272553211
ENSG00000003202	RPL36	8.6778	-0.123	-0.6561	0.5232322326069894	0.9462941272553211
ENSG00000002169	USP629	10.0385	0.1678	0.6565	0.5229767850031816	0.9462941272553211
ENSG00000001983	EIF742	5.1355	0.2515	0.6587	0.5215956469936981	0.9462941272553211
ENSG00000003551	TRIM405	6.4653	-0.236	-0.6582	0.5218958626426741	0.9462941272553211
ENSG00000001995	KCN314	3.3166	-0.4159	-0.6547	0.5240939446072898	0.9474099546732799
ENSG00000001704	ZNF727	5.911	0.2232	0.653	0.5251224849331323	0.9479483818922777
ENSG00000003768	KRT228	5.4195	0.2785	0.6533	0.5249747355895913	0.9479483818922777
ENSG00000000138	SPTB396	5.1644	0.1891	0.6535	0.524837133990675	0.9479483818922777
ENSG00000001994	PPP1R78	1.8326	-0.4545	-0.6521	0.5256852834605388	0.9483760146847531
ENSG00000003573	TIMM738	3.8035	0.3317	0.6519	0.5258467214002305	0.9483760146847531
ENSG00000001366	COPB341	7.1724	0.1993	0.6514	0.526142297832066	0.9484695799733214
ENSG00000000120	SPTB777	7.2394	-0.2073	-0.6498	0.527109510556603	0.9497732477251384
ENSG00000003118	PXN106	6.5346	-0.1224	-0.648	0.5282389514155807	0.9511672961383935
ENSG00000003011	GNA66	2.9413	0.3268	0.6474	0.5286163570265532	0.9511672961383935
ENSG00000003327	PLC14	4.4367	0.2694	0.6474	0.5286152056345443	0.9511672961383935
ENSG00000001184	ADRB197	5.8985	-0.2463	-0.6469	0.5289513997060742	0.9513303362551021
ENSG00000000589	VCL633	1.0234	-0.3304	-0.6451	0.5300785182240466	0.9515985207232422
ENSG00000003813	CACN726	3.6893	-0.4719	-0.6455	0.5298343489255224	0.9515985207232422
ENSG00000002113	TIMM340	3.7787	-0.4524	-0.6452	0.5300049563242797	0.9515985207232422
ENSG00000003228	MAPK378	9.5527	0.1415	0.6459	0.5295768207482923	0.9515985207232422
ENSG00000000996	KMT2805	4.7656	0.3394	0.6432	0.5312496295645944	0.953261207130199
ENSG00000000751	RPS365	8.5044	0.1889	0.6417	0.5322279937187591	0.9545766597020324
ENSG00000001129	TET606	7.5701	-0.1996	-0.6406	0.5329129075771155	0.9549249706676489
ENSG00000000051	CDC222	1.8977	-0.4476	-0.6407	0.5328680130908243	0.9549249706676489
ENSG00000001531	VCL347	5.7095	-0.2805	-0.6399	0.5333745781389859	0.9550637481729264
ENSG00000002287	KDM36	8.3681	0.1495	0.6397	0.5334811378540447	0.9550637481729264
ENSG00000002142	SNX621	4.6902	0.3329	0.6392	0.5337760719660687	0.9551524009618112
ENSG00000000322	ANAPC565	7.1763	0.2287	0.6387	0.5341053134670701	0.9553023345651823
ENSG00000003710	H2AF403	6.0674	-0.2603	-0.6378	0.5347071240330332	0.955939424316291
ENSG00000000742	PRKC372	2.256	0.3224	0.6365	0.5354863465646138	0.9568929572219821
ENSG00000001736	TOMM696	5.2705	-0.2262	-0.6353	0.5362514042649	0.9578203145474947
ENSG00000001634	MT-CO2	14.7537	-0.1577	-0.6349	0.5365231354692457	0.9578660748836257
ENSG00000003833	MMP749	5.4475	0.2487	0.6338	0.537225494656189	0.9586802499779401
ENSG00000000483	TUBB91	8.2736	0.154	0.6316	0.5386154430321978	0.9598383722149408
ENSG00000002693	DNMT23	3.6712	0.3159	0.6314	0.5387233641045399	0.9598383722149408
ENSG00000003727	TLN537	5.8367	-0.1899	-0.6303	0.539436951879564	0.9598383722149408
ENSG00000003599	RNF262	1.9062	-0.42	-0.6298	0.5397577833288039	0.9598383722149408
ENSG00000002887	VCL404	1.7268	0.4914	0.6298	0.5397313917517113	0.9598383722149408
ENSG00000001076	HIST1H66	2.5417	-0.3948	-0.6294	0.5399989617291481	0.9598383722149408
ENSG00000002617	TUBB850	6.7034	0.2021	0.6292	0.5400940480860021	0.9598383722149408
ENSG00000001790	GNA810	4.4162	0.4186	0.6308	0.5390770822102142	0.9598383722149408
ENSG00000000242	GNA659	9.2246	-0.2094	-0.632	0.5383287306662197	0.9598383722149408
ENSG00000001605	SIRT367	6.1816	-0.2212	-0.6284	0.5406092252532753	0.9603154288844122
ENSG00000000060	RPS347	2.2118	-0.3205	-0.6264	0.5419073162951618	0.9613050478672606
ENSG00000002666	MT-ATP6	14.4186	0.1233	0.6266	0.541779906433941	0.9613050478672606
ENSG00000002463	GNA584	8.7811	-0.1556	-0.627	0.5415078700482963	0.9613050478672606
ENSG00000001709	EIF34	7.1866	0.1586	0.6256	0.5424234780630415	0.961344342723751
ENSG00000002963	MYO764	2.215	-0.4342	-0.6258	0.54228065097903	0.961344342723751
ENSG00000000150	RHO731	3.0485	-0.336	-0.625	0.5427893820767387	0.9615004143103878
ENSG00000003651	CCNB326	9.161	0.1581	0.6241	0.5433296121862947	0.9615004143103878
ENSG00000001267	GNA167	10.3052	0.1518	0.6235	0.5437467656467532	0.9615004143103878
ENSG00000002581	SIRT636	5.8206	-0.2914	-0.6245	0.5430869238575398	0.9615004143103878
ENSG00000002608	RNF38	2.9344	0.3988	0.6238	0.5435362821176383	0.9615004143103878
ENSG00000002987	MT-ND4	14.4625	0.1155	0.6211	0.5452804654428709	0.9615632800746211
ENSG00000002024	HTR154	4.9311	-0.4077	-0.6222	0.5445931940897317	0.9615632800746211
ENSG00000000309	ANAPC228	4.5387	-0.2526	-0.6225	0.5443679232020102	0.9615632800746211
ENSG00000002209	DYNC367	4.0215	0.278	0.6205	0.5456709561661276	0.9615632800746211
ENSG00000001285	GNA151	8.0101	0.2426	0.6216	0.5449479158710815	0.9615632800746211
ENSG00000003446	ABC433	4.8773	-0.1581	-0.6203	0.5457588092715411	0.9615632800746211
ENSG00000004028	USP762	7.3475	0.2056	0.6221	0.5446208071609213	0.9615632800746211
ENSG00000000123	CDC730	2.7537	-0.4413	-0.6206	0.5456016217975612	0.9615632800746211
ENSG00000004198	EIF824	2.9214	0.4041	0.6195	0.5463062141031472	0.962092210538212
ENSG00000004120	DDX99	9.5207	-0.1373	-0.6186	0.5468550424125558	0.9624822064819645
ENSG00000003907	DNMT875	3.2877	-0.5375	-0.6184	0.5470222612379511	0.9624822064819645
ENSG00000003470	TET324	2.9989	-0.4163	-0.6169	0.5479524386033313	0.9636831861925735
ENSG00000000821	EIF1	5.7642	-0.2108	-0.5803	0.5716663499200797	0.9636969222103584
ENSG00000000515	TOMM136	6.2645	-0.2086	-0.5831	0.5697716534210515	0.9636969222103584
ENSG00000002372	DRD254	2.9456	-0.247	-0.5733	0.576219449582289	0.9636969222103584
ENSG00000003415	BRD765	6.8753	-0.1909	-0.5899	0.5653417910674781	0.9636969222103584
ENSG00000003457	DUSP761	7.9013	-0.1324	-0.5766	0.5740611071878732	0.9636969222103584
ENSG00000004142	GNA509	1.972	-0.3742	-0.5692	0.5789326200857716	0.9636969222103584
ENSG00000001720	ANAPC492	4.1611	-0.208	-0.6019	0.5576023627749772	0.9636969222103584
ENSG00000003460	COL415	3.8587	0.3195	0.6039	0.5563098020350772	0.9636969222103584
ENSG00000000594	ADRB892	3.4537	-0.3529	-0.594	0.5626965045659817	0.9636969222103584
ENSG00000003338	SNX766	4.3165	0.2664	0.5756	0.5746876899906425	0.9636969222103584
ENSG00000003342	IDH1	1.2887	-0.315	-0.6153	0.5489954446001049	0.9636969222103584
ENSG00000001193	SPTB298	3.7549	-0.3265	-0.5871	0.5672099784803575	0.9636969222103584
ENSG00000001666	SKP449	3.2059	0.5532	0.6051	0.555553150702931	0.9636969222103584
ENSG00000001712	CUL318	2.7983	-0.3121	-0.5749	0.5752055432826696	0.9636969222103584
ENSG00000003528	CUL896	6.057	-0.1575	-0.5917	0.5642237744385084	0.9636969222103584
ENSG00000001175	SMARC303	7.5024	0.1827	0.5869	0.5673027206224361	0.9636969222103584
ENSG00000000994	CYP707	9.9136	0.1324	0.6011	0.5581236184972335	0.9636969222103584
ENSG00000002694	VPS201	7.2728	0.1217	0.6084	0.5533978698627076	0.9636969222103584
ENSG00000000097	KIF220	3.8113	0.4055	0.5744	0.575529560582412	0.9636969222103584
ENSG00000004066	HIST1H291	6.8525	0.2214	0.6125	0.5507646898904637	0.9636969222103584
ENSG00000000470	TUBB494	3.7529	-0.3066	-0.5733	0.5762306417940867	0.9636969222103584
ENSG00000001273	CCNB551	5.8628	-0.1327	-0.5792	0.5723733569112577	0.9636969222103584
ENSG00000002308	MCL1	1.8475	0.2521	0.6101	0.5523197816232904	0.9636969222103584
ENSG00000002307	TMEM60	2.1049	-0.4791	-0.5758	0.5745691829246828	0.9636969222103584
ENSG00000000586	ARF343	2.7887	0.3325	0.5939	0.5627441479182247	0.9636969222103584
ENSG00000002321	RNF895	4.6099	0.2593	0.5975	0.560414230516213	0.9636969222103584
ENSG00000002322	SCN742	10.0863	-0.1729	-0.6031	0.5568216961273709	0.9636969222103584
ENSG00000002324	ACTN515	5.7196	-0.2342	-0.5709	0.5777788138663943	0.9636969222103584
ENSG00000002429	SPTB471	6.0781	0.1693	0.5851	0.5684772488377287	0.9636969222103584
ENSG00000000583	TLN757	3.6493	-0.2839	-0.5701	0.5783114582222062	0.9636969222103584
ENSG00000003322	RPS628	5.7321	-0.2815	-0.5874	0.5670082248536614	0.9636969222103584
ENSG00000003467	ANK503	1.6798	-0.2961	-0.5854	0.5683311526567151	0.9636969222103584
ENSG00000002729	ACTN567	4.5185	0.4105	0.5703	0.5782243153735693	0.9636969222103584
ENSG00000002975	PPP1R198	8.3336	0.1227	0.5792	0.5723800198542691	0.9636969222103584
ENSG00000002981	EZH370	1.9634	0.3164	0.6002	0.5587129121158485	0.9636969222103584
ENSG00000000432	HTR135	8.0346	-0.161	-0.5921	0.5639558447492746	0.9636969222103584
ENSG00000002205	TRIM389	4.9432	0.3066	0.6009	0.5582581435397305	0.9636969222103584
ENSG00000001328	ADRB263	6.0983	-0.2723	-0.5814	0.5709297674825786	0.9636969222103584
ENSG00000000423	EZH545	7.2009	-0.1805	-0.6029	0.5569458050501525	0.9636969222103584
ENSG00000000420	SMARC558	6.6548	0.1524	0.5814	0.570926553428426	0.9636969222103584
ENSG00000003240	DRD817	5.1804	-0.2204	-0.6058	0.5550868431270136	0.9636969222103584
ENSG00000000401	RPS27	14.1328	-0.1167	-0.6042	0.5560983901646765	0.9636969222103584
ENSG00000003231	UBE2215	6.1937	-0.142	-0.5795	0.5721260338228282	0.9636969222103584
ENSG00000001126	RAB11FIP67	6.9955	0.1918	0.5883	0.5664115442387274	0.9636969222103584
ENSG00000003600	SNX12	6.1256	-0.2036	-0.5908	0.5647702663407665	0.9636969222103584
ENSG00000000943	ADRB286	6.5865	0.2645	0.6033	0.5566787470427585	0.9636969222103584
ENSG00000000652	GABR58	3.5454	0.3882	0.613	0.5504487893208423	0.9636969222103584
ENSG00000002536	ZNF818	4.0507	0.2818	0.6114	0.5514969266923226	0.9636969222103584
ENSG00000001022	KDM827	4.499	-0.2646	-0.6087	0.5532193717347937	0.9636969222103584
ENSG00000001368	DUSP421	3.2782	0.2967	0.5818	0.5706797094964795	0.9636969222103584
ENSG00000000662	ATAD159	3.5308	0.3695	0.5967	0.5609731285476678	0.9636969222103584
ENSG00000002923	MMP695	4.3527	0.2767	0.6154	0.5488959666897452	0.9636969222103584
ENSG00000002926	BRD123	1.2035	-0.3163	-0.5893	0.5657819354635811	0.9636969222103584
ENSG00000001147	EIF199	4.8297	0.2805	0.6153	0.54900500262936	0.9636969222103584
ENSG00000000454	KDM816	1.6288	-0.3793	-0.6031	0.5568286974885892	0.9636969222103584
ENSG00000001143	CUL875	4.2004	-0.2483	-0.6073	0.5541043778725266	0.9636969222103584
ENSG00000002261	UGT515	3.1742	0.3833	0.5934	0.5630952193742185	0.9636969222103584
ENSG00000002245	CDC41	9.6437	0.0886	0.6066	0.5545316219520368	0.9636969222103584
ENSG00000003264	DRD650	7.4612	-0.1605	-0.6089	0.5531052644477539	0.9636969222103584
ENSG00000000779	ANK179	7.0807	0.1159	0.5941	0.5626321620549121	0.9636969222103584
ENSG00000000115	ACTN22	4.8791	0.3586	0.5725	0.5767324945327432	0.9636969222103584
ENSG00000003058	RPS710	4.0707	0.3279	0.5901	0.5652590858966975	0.9636969222103584
ENSG00000002689	OR854	3.2598	0.3116	0.5846	0.56879855816928	0.9636969222103584
ENSG00000000621	ARID832	4.4278	0.3027	0.596	0.5614177630317598	0.9636969222103584
ENSG00000001362	VCL102	2.3959	0.2708	0.5861	0.5678710398678641	0.9636969222103584
ENSG00000003067	KIF674	1.5509	-0.3437	-0.5761	0.574388083134787	0.9636969222103584
ENSG00000003635	DNMT354	4.1825	0.2229	0.6028	0.5570265016624854	0.9636969222103584
ENSG00000003578	PRKC510	6.6212	-0.179	-0.57	0.5784143862645101	0.9636969222103584
ENSG00000001311	TMEM11	2.5596	-0.4296	-0.5701	0.5783240068121589	0.9636969222103584
ENSG00000002222	BRD366	4.1419	0.1882	0.5923	0.5638121800863514	0.9636969222103584
ENSG00000004011	KMT2871	6.184	0.1764	0.5688	0.579159070156739	0.9636969222103584
ENSG00000001530	DYNC511	2.2841	-0.343	-0.6158	0.5486462157055219	0.9636969222103584
ENSG00000002637	KCN68	3.0166	-0.3821	-0.5701	0.5783603227028795	0.9636969222103584
ENSG00000001867	CACN882	4.4361	0.3581	0.5877	0.5668302354128096	0.9636969222103584
ENSG00000003878	TLN705	3.3416	-0.3799	-0.5807	0.5713927674947303	0.9636969222103584
ENSG00000000210	DHX158	5.337	0.3257	0.5731	0.5763547439835406	0.9636969222103584
ENSG00000001960	HTR758	2.9702	0.342	0.5692	0.5789190655266618	0.9636969222103584
ENSG00000001957	SMARC644	7.6001	-0.1756	-0.6032	0.5567257624167339	0.9636969222103584
ENSG00000001636	PPP2R78	5.187	-0.4738	-0.5954	0.5618278496149964	0.9636969222103584
ENSG00000000201	ADRB72	9.2315	0.149	0.5922	0.5638956169577207	0.9636969222103584
ENSG00000002859	PRKC122	6.4249	-0.1683	-0.5994	0.5592331119117157	0.9636969222103584
ENSG00000002855	TLN776	3.4357	0.2845	0.5786	0.5727544731679097	0.9636969222103584
ENSG00000004127	H2AF715	4.9818	-0.2511	-0.59	0.5653370484613309	0.9636969222103584
ENSG00000004171	HDAC220	9.1487	-0.1592	-0.5763	0.574250078575455	0.9636969222103584
ENSG00000004181	PPP1R33	3.8983	0.3729	0.577	0.5738113971861708	0.9636969222103584
ENSG00000000022	SPTB760	6.6337	-0.1998	-0.6087	0.5531798632081404	0.9636969222103584
ENSG00000000176	EIF668	3.0757	-0.2677	-0.6054	0.5553126931787673	0.9636969222103584
ENSG00000003958	SUZ68	8.2586	0.179	0.5901	0.5652231149891346	0.9636969222103584
ENSG00000003367	CUL55	8.2206	-0.0865	-0.5833	0.5696971329920835	0.9636969222103584
ENSG00000003385	HIST1H562	4.6538	0.2425	0.5699	0.5784326633829933	0.9636969222103584
ENSG00000000788	ZNF766	1.5892	0.3772	0.6033	0.5566971342179428	0.9636969222103584
ENSG00000002970	PPP1R857	5.7853	-0.294	-0.6108	0.5518405430233713	0.9636969222103584
ENSG00000003401	COPB457	3.2815	-0.3724	-0.5823	0.570341341646094	0.9636969222103584
ENSG00000002779	HIST1H786	4.723	-0.3222	-0.569	0.5790835724746626	0.9636969222103584
ENSG00000002595	CHRM96	2.9127	-0.3539	-0.6025	0.5571949739477728	0.9636969222103584
ENSG00000000252	SLC807	5.753	0.2897	0.593	0.5633652665239133	0.9636969222103584
ENSG00000003763	ADRB363	6.4165	0.206	0.6143	0.5496351745426113	0.9636969222103584
ENSG00000000692	DDX833	6.5842	-0.1221	-0.589	0.5659809849673174	0.9636969222103584
ENSG00000003095	ZNF656	3.1691	0.3721	0.5899	0.5653774847687453	0.9636969222103584
ENSG00000001031	TMEM791	2.6424	0.3924	0.5945	0.5623626174334131	0.9636969222103584
ENSG00000001838	VCL8	2.4218	0.3186	0.6082	0.5535510269440078	0.9636969222103584
ENSG00000000681	SUZ252	6.8833	0.1993	0.5781	0.5730896347021139	0.9636969222103584
ENSG00000000308	SUZ4	2.9204	0.4909	0.5845	0.5688778920891404	0.9636969222103584
ENSG00000000305	SCN870	6.6697	-0.1599	-0.5883	0.5664286081813484	0.9636969222103584
ENSG00000003173	CUL170	5.3811	0.3875	0.6133	0.5502792683283277	0.9636969222103584
ENSG00000001820	FBXO265	7.8805	0.1545	0.5744	0.575481690725504	0.9636969222103584
ENSG00000002815	RNF184	4.891	-0.2205	-0.5824	0.5702381704205004	0.9636969222103584
ENSG00000002812	PPP2R384	3.8256	0.2899	0.6046	0.5558291592051281	0.9636969222103584
ENSG00000002889	PXN575	8.2532	-0.1079	-0.5733	0.5762565110730606	0.9636969222103584
ENSG00000003798	GABR347	3.3423	0.4416	0.5821	0.5704566602255234	0.9636969222103584
ENSG00000000265	RNF768	8.6395	0.2139	0.6077	0.553824708675591	0.9636969222103584
ENSG00000001089	ARID101	3.5047	-0.3112	-0.5971	0.5606701982519064	0.9636969222103584
ENSG00000003810	SMARC21	5.7	-0.2574	-0.5708	0.5778999070868545	0.9636969222103584
ENSG00000002599	PPP2R613	2.629	0.1913	0.5695	0.5787090100123692	0.9636969222103584
ENSG00000002000	GABR521	8.5447	-0.1396	-0.5795	0.5721360264621378	0.9636969222103584
ENSG00000002121	RHO238	9.1289	0.1535	0.5856	0.5681913244429918	0.9636969222103584
ENSG00000000810	EIF27	7.4548	0.1628	0.577	0.5737889377064749	0.9636969222103584
ENSG00000001397	BRD96	8.7578	0.1463	0.6141	0.5497471577640944	0.9636969222103584
ENSG00000001386	RAB11FIP795	6.1355	0.1634	0.6066	0.5545736521367374	0.9636969222103584
ENSG00000001111	COL455	6.7021	-0.1903	-0.5734	0.5761624543408227	0.9636969222103584
ENSG00000003770	RNF680	3.3136	-0.3126	-0.6087	0.553239160812578	0.9636969222103584
ENSG00000003718	ABC729	1.5193	-0.3249	-0.6133	0.5502573351311482	0.9636969222103584
ENSG00000002749	PPP1R826	5.6901	-0.1747	-0.5884	0.5663790838752201	0.9636969222103584
ENSG00000002554	KDM141	7.6134	0.1272	0.596	0.561378410477249	0.9636969222103584
ENSG00000001006	TIMM43	4.9039	0.2804	0.5822	0.5704075836331016	0.9636969222103584
ENSG00000000331	DUSP40	8.9995	-0.1103	-0.577	0.5737648101761825	0.9636969222103584
ENSG00000002221	COL29	6.0968	-0.3143	-0.5682	0.5795496140529708	0.9639346572197276
ENSG00000002962	VCL482	3.5795	0.245	0.5678	0.5798310831272091	0.9639908481551037
ENSG00000004068	SKP896	2.5967	-0.2859	-0.5674	0.5801053410100738	0.9640350073489358
ENSG00000002878	RAB11FIP327	7.3257	0.1634	0.5665	0.5806891285443572	0.9641817782826955
ENSG00000000552	EZH184	1.2395	0.3274	0.5668	0.5804935257678929	0.9641817782826955
ENSG00000001751	TIMM244	1.443	0.3563	0.562	0.5836435012129775	0.9648881108465316
ENSG00000000447	TRIM724	4.7427	-0.3101	-0.5609	0.5844185882038433	0.9648881108465316
ENSG00000002472	PLC466	3.9756	0.3122	0.5579	0.5864195538772481	0.9648881108465316
ENSG00000000630	ARID519	1.674	-0.3488	-0.5614	0.5840507200846332	0.9648881108465316
ENSG00000002499	KMT2557	1.5223	0.3525	0.5609	0.5843768876361413	0.9648881108465316
ENSG00000002640	UBE2736	3.6256	0.3127	0.5597	0.5851709608105593	0.9648881108465316
ENSG00000003740	SNAI1	3.3164	0.3426	0.5626	0.5832875527285855	0.9648881108465316
ENSG00000001621	AKT1	7.3444	-0.1937	-0.5626	0.5832582850633665	0.9648881108465316
ENSG00000004118	ANAPC821	4.5488	-0.2464	-0.5582	0.5861677077277991	0.9648881108465316
ENSG00000000458	KIF339	12.499	-0.1632	-0.5592	0.585546857531076	0.9648881108465316
ENSG00000002738	MRPL560	4.1169	-0.2971	-0.5614	0.5840446806890205	0.9648881108465316
ENSG00000001260	OR85	3.912	-0.351	-0.5617	0.5838755224323793	0.9648881108465316
ENSG00000000099	PPP2R445	4.5156	-0.4213	-0.559	0.5856612513955439	0.9648881108465316
ENSG00000002485	BRD735	3.3053	0.2489	0.5581	0.5862677004945263	0.9648881108465316
ENSG00000001165	MRPS320	3.1235	0.2896	0.5642	0.5822121522910635	0.9648881108465316
ENSG00000000327	GRIN264	6.2925	0.1608	0.565	0.5817140721339394	0.9648881108465316
ENSG00000003725	CYP614	9.9069	-0.117	-0.5592	0.5855602785686167	0.9648881108465316
ENSG00000000859	SIRT812	7.6092	-0.1515	-0.5579	0.5863909532300459	0.9648881108465316
ENSG00000001520	HTR229	4.2754	0.3708	0.5576	0.5865686717016685	0.9648881108465316
ENSG00000001992	RPS302	3.9126	0.231	0.5634	0.582726182343496	0.9648881108465316
ENSG00000003856	ANK487	4.7724	0.2147	0.5639	0.582446480143435	0.9648881108465316
ENSG00000001728	UGT554	12.1103	-0.1062	-0.5612	0.5841875850460767	0.9648881108465316
ENSG00000004133	CHRM768	5.5745	-0.1315	-0.5475	0.5932973767201117	0.9649450021707794
ENSG00000001388	TLN521	7.2511	0.1415	0.5512	0.5908591953632194	0.9649450021707794
ENSG00000000280	TRIM685	3.6828	0.3113	0.5488	0.5924696314373177	0.9649450021707794
ENSG00000002885	HTR707	5.7572	-0.1678	-0.5541	0.5889131287204981	0.9649450021707794
ENSG00000002542	SCN442	9.9734	-0.1055	-0.5559	0.5877120314066633	0.9649450021707794
ENSG00000000904	SMARC471	10.5432	0.1018	0.5527	0.5898711267159296	0.9649450021707794
ENSG00000003357	VCL496	3.4179	0.255	0.5505	0.5912987543424612	0.9649450021707794
ENSG00000003544	MRPL506	2.3392	0.4176	0.5554	0.5880327643960459	0.9649450021707794
ENSG00000002432	MMP196	7.461	0.1475	0.5527	0.5898537361578554	0.9649450021707794
ENSG00000000585	PRKC566	7.9129	-0.1123	-0.5562	0.5875293273614398	0.9649450021707794
ENSG00000002445	GABR102	4.7423	-0.1995	-0.5531	0.5895938992287927	0.9649450021707794
ENSG00000004121	RAB811	6.9481	0.179	0.5515	0.5906323500705264	0.9649450021707794
ENSG00000000826	SKP147	3.4437	-0.2919	-0.5496	0.5919037517891026	0.9649450021707794
ENSG00000004200	TMEM681	4.3023	-0.2859	-0.5478	0.5931224464678961	0.9649450021707794
ENSG00000003494	SNX29	2.2914	-0.3785	-0.5518	0.5904583092598796	0.9649450021707794
ENSG00000001216	SLC323	5.415	-0.2433	-0.5482	0.5928398049445432	0.9649450021707794
ENSG00000001910	RPL40	9.0267	-0.141	-0.5476	0.5932682734337089	0.9649450021707794
ENSG00000002589	GNA678	1.7829	-0.381	-0.5475	0.5932961412874713	0.9649450021707794
ENSG00000003811	TLN394	3.4611	0.2814	0.5539	0.5890202552298457	0.9649450021707794
ENSG00000003151	KDM414	5.3932	-0.2249	-0.557	0.5869704569433005	0.9649450021707794
ENSG00000000137	KMT2856	4.115	-0.2042	-0.5483	0.5928046665751794	0.9649450021707794
ENSG00000001353	RPS290	3.9887	0.2298	0.552	0.5903333388094257	0.9649450021707794
ENSG00000003616	PPP2R718	7.5532	-0.1553	-0.5479	0.5930541101669927	0.9649450021707794
ENSG00000003534	UBE2536	2.5776	0.3124	0.5488	0.5924320915454747	0.9649450021707794
ENSG00000001746	ARF716	1.1665	-0.2667	-0.5503	0.5914354396991829	0.9649450021707794
ENSG00000003664	EIF576	3.7977	-0.2306	-0.5522	0.5901769178931424	0.9649450021707794
ENSG00000002480	ADAM217	6.5938	0.2423	0.5508	0.5911139512681872	0.9649450021707794
ENSG00000000717	DHX830	5.0328	0.192	0.5471	0.5935605386864311	0.964969764648116
ENSG00000001642	ARF87	5.9204	-0.2182	-0.5368	0.6004846841025769	0.965026841367588
ENSG00000000540	DHX392	12.2461	0.1339	0.5351	0.6016200665700996	0.965026841367588
ENSG00000001218	VEGFA	1.1646	0.2352	0.5391	0.598932831300311	0.965026841367588
ENSG00000000018	RAB11FIP69	2.1285	0.4049	0.5362	0.6008722659121386	0.965026841367588
ENSG00000003326	KCN375	4.7627	-0.2254	-0.5391	0.598953920270544	0.965026841367588
ENSG00000004155	DNMT198	2.9416	-0.4077	-0.5334	0.6027357490957295	0.965026841367588
ENSG00000004159	GABR865	1.5259	0.325	0.532	0.6037310619418554	0.965026841367588
ENSG00000002345	DRD208	7.0819	0.1472	0.5392	0.5988543857783218	0.965026841367588
ENSG00000004151	TRIM154	5.7389	-0.3063	-0.5339	0.6024268284353025	0.965026841367588
ENSG00000003420	RPS681	3.4247	-0.326	-0.5409	0.5977334619782488	0.965026841367588
ENSG00000000609	MYO419	5.5693	0.2082	0.5333	0.6028387659521837	0.965026841367588
ENSG00000003648	KIF852	5.1254	0.2147	0.5361	0.600934476000949	0.965026841367588
ENSG00000001360	DUSP50	1.4595	-0.3125	-0.5297	0.6052493627385104	0.965026841367588
ENSG00000000391	TRIM478	4.2533	0.2512	0.5329	0.6030601165387458	0.965026841367588
ENSG00000002229	MRPL376	7.8895	0.0954	0.5456	0.594561771727566	0.965026841367588
ENSG00000003041	USP52	4.6438	0.2219	0.5297	0.6052184599371572	0.965026841367588
ENSG00000003262	H2AF386	5.7765	0.2394	0.5417	0.5971797274685426	0.965026841367588
ENSG00000004052	TMEM229	3.2794	0.3148	0.5369	0.6003815006661117	0.965026841367588
ENSG00000004044	SNX873	6.1812	0.1726	0.5367	0.6005679803383297	0.965026841367588
ENSG00000001288	DYNC719	8.089	-0.0995	-0.5418	0.5971430263952356	0.965026841367588
ENSG00000002464	ANK274	5.1325	-0.2292	-0.5319	0.6037881158614237	0.965026841367588
ENSG00000001569	BRD427	5.8871	-0.1953	-0.5358	0.6011313764004285	0.965026841367588
ENSG00000004061	DRD301	8.775	-0.1173	-0.5321	0.6036400577286818	0.965026841367588
ENSG00000003255	PPP1R720	6.4467	-0.1515	-0.5364	0.6007261549185312	0.965026841367588
ENSG00000002476	OR790	3.0511	0.3213	0.5399	0.5983641553796442	0.965026841367588
ENSG00000002973	DHX559	2.5175	-0.3003	-0.5303	0.604857840530742	0.965026841367588
ENSG00000002107	DYNC453	7.5147	-0.1798	-0.5432	0.5961638295766797	0.965026841367588
ENSG00000002032	ATAD523	9.173	0.1854	0.5395	0.5986613563357743	0.965026841367588
ENSG00000000129	TRIM266	7.0716	0.1478	0.5352	0.6015418212621524	0.965026841367588
ENSG00000001830	COPB511	1.1664	-0.2432	-0.5313	0.6041913342560689	0.965026841367588
ENSG00000000857	IRS1	2.394	-0.3462	-0.5426	0.596617949377936	0.965026841367588
ENSG00000002747	RPS203	7.6278	0.1138	0.5352	0.6015604537760191	0.965026841367588
ENSG00000001393	ARF224	4.549	0.2223	0.5321	0.6036254261884437	0.965026841367588
ENSG00000002106	RPL592	4.7562	0.2596	0.5435	0.5959686296625709	0.965026841367588
ENSG00000002877	FOXO1	6.3008	-0.2387	-0.5454	0.5946942754980618	0.965026841367588
ENSG00000001116	BRD13	8.6154	-0.1698	-0.5452	0.594869823236191	0.965026841367588
ENSG00000002664	USP480	9.7583	0.1355	0.5446	0.5952343641520617	0.965026841367588
ENSG00000002886	MRPS640	6.4043	0.2191	0.5423	0.5967531720805267	0.965026841367588
ENSG00000001864	ADRB99	2.424	0.3958	0.5438	0.5957615829378013	0.965026841367588
ENSG00000000222	SEC615	4.5159	-0.2115	-0.5394	0.5987127146558303	0.965026841367588
ENSG00000001073	ZNF837	3.9237	0.2827	0.5391	0.5989613107178595	0.965026841367588
ENSG00000001500	HTR536	3.2098	-0.4242	-0.5457	0.5945116777191919	0.965026841367588
ENSG00000000722	RAB169	5.4132	-0.2057	-0.5304	0.6047569471255299	0.965026841367588
ENSG00000001681	TET354	3.2219	0.2549	0.5301	0.6049847404379147	0.965026841367588
ENSG00000001919	CCNB862	3.7697	0.3177	0.5376	0.5999426277465192	0.965026841367588
ENSG00000002772	ANK542	3.7807	0.3629	0.5317	0.6039168153264757	0.965026841367588
ENSG00000003851	DYNC651	3.807	-0.2323	-0.5326	0.6032781298313217	0.965026841367588
ENSG00000000023	H2AF542	2.6291	-0.3916	-0.5255	0.608087581126222	0.9654242064695229
ENSG00000002903	VCL280	6.7288	-0.1264	-0.5266	0.6073471226463742	0.9654242064695229
ENSG00000001497	ZNF692	9.4583	-0.1151	-0.5249	0.6084752257116495	0.9654242064695229
ENSG00000001070	DRD505	5.724	0.2242	0.5252	0.6082686261874104	0.9654242064695229
ENSG00000003678	DUSP137	8.1442	-0.1288	-0.5257	0.6079320202246754	0.9654242064695229
ENSG00000002800	TMEM177	5.2671	-0.2366	-0.5274	0.6068215000734826	0.9654242064695229
ENSG00000002459	CUL253	8.6561	-0.1519	-0.5268	0.6071866277954208	0.9654242064695229
ENSG00000003287	OR301	3.5102	-0.4041	-0.5261	0.6077023955560614	0.9654242064695229
ENSG00000003015	BRD425	1.5864	-0.3479	-0.5258	0.6078899473026775	0.9654242064695229
ENSG00000003032	DRD80	6.9208	-0.1171	-0.5253	0.6082486930077218	0.9654242064695229
ENSG00000004112	GRIN381	8.2044	0.1471	0.5278	0.6065378418025975	0.9654242064695229
ENSG00000002380	DRD328	3.1632	-0.3132	-0.5271	0.6069743462111701	0.9654242064695229
ENSG00000001950	SEC678	1.802	0.2965	0.5245	0.6087500353329361	0.9654666412044773
ENSG00000001939	DYNC246	9.9877	-0.1614	-0.5239	0.6091622960484018	0.9657269475439428
ENSG00000000706	ARF390	8.8914	-0.1158	-0.5202	0.6116426078455732	0.9668934548142903
ENSG00000001906	ATAD802	1.4525	0.2207	0.5215	0.610771463733377	0.9668934548142903
ENSG00000001726	COL644	8.4707	0.0983	0.5221	0.610374978220463	0.9668934548142903
ENSG00000001274	VPS492	4.9402	-0.2115	-0.5199	0.6118445737377713	0.9668934548142903
ENSG00000000198	SCN600	2.8396	-0.3819	-0.5207	0.6113407611003843	0.9668934548142903
ENSG00000002718	RHO535	6.7331	-0.1555	-0.5192	0.6123486418732385	0.9668934548142903
ENSG00000001349	MRPL143	6.5323	0.1617	0.52	0.6118157254875288	0.9668934548142903
ENSG00000002255	EIF754	4.7396	0.3293	0.5218	0.610561713696933	0.9668934548142903
ENSG00000004097	FBXO865	7.318	0.1502	0.5197	0.6120381838208269	0.9668934548142903
ENSG00000001282	ARID310	1.5142	0.3211	0.5191	0.6123824167824321	0.9668934548142903
ENSG00000000114	ABC30	8.2147	-0.1412	-0.518	0.6131665052205968	0.9669949305494536
ENSG00000002552	ADAM99	1.5135	0.3031	0.5177	0.6133930452598618	0.9669949305494536
ENSG00000000463	BRD695	1.8703	0.2688	0.5172	0.6136889718543552	0.9669949305494536
ENSG00000001713	FBXO396	5.4557	-0.2726	-0.5176	0.6134417961672656	0.9669949305494536
ENSG00000003060	PPP2R836	3.3793	-0.2844	-0.518	0.6131678595858401	0.9669949305494536
ENSG00000003427	CUL760	5.7508	0.2222	0.5163	0.6142980100747524	0.967171462463971
ENSG00000003153	COL102	2.9942	0.3252	0.5164	0.6142384803927241	0.967171462463971
ENSG00000001415	ARF519	2.2229	0.2889	0.5079	0.6200369281244847	0.9672397026215527
ENSG00000003662	DDX525	6.161	-0.2001	-0.5129	0.6166014041688623	0.9672397026215527
ENSG00000001330	VPS141	7.4764	0.1534	0.5117	0.61746301010025	0.9672397026215527
ENSG00000001304	CHRM163	7.3543	0.2017	0.5087	0.6194885425483292	0.9672397026215527
ENSG00000001566	KRT756	6.1625	0.2134	0.5096	0.6188886884600812	0.9672397026215527
ENSG00000003054	CACN119	6.6056	-0.119	-0.5148	0.6153293764567009	0.9672397026215527
ENSG00000000517	DRD655	4.786	0.2777	0.5051	0.621952361099168	0.9672397026215527
ENSG00000003480	KDM324	1.8132	-0.3993	-0.5093	0.6191096332042763	0.9672397026215527
ENSG00000001698	RAB805	4.0893	0.2722	0.5043	0.6225217466957869	0.9672397026215527
ENSG00000001211	DUSP724	4.0728	-0.2668	-0.5135	0.616236814247229	0.9672397026215527
ENSG00000002916	ADRB817	5.9677	0.1053	0.5151	0.6151425674724698	0.9672397026215527
ENSG00000001176	EIF569	10.8223	0.0912	0.5043	0.6224737518237242	0.9672397026215527
ENSG00000000611	COL681	2.4773	-0.295	-0.5137	0.6160580961605024	0.9672397026215527
ENSG00000003543	PLC217	7.4728	0.0906	0.5043	0.6225103588542469	0.9672397026215527
ENSG00000000473	GNA564	3.3209	0.229	0.5084	0.6196832070380597	0.9672397026215527
ENSG00000002291	OR204	1.5232	0.311	0.5083	0.6197726451634106	0.9672397026215527
ENSG00000004069	ACTN637	8.2551	-0.1319	-0.5072	0.6204917097624372	0.9672397026215527
ENSG00000000991	RAB11FIP398	5.1713	0.1841	0.5067	0.6208165513050384	0.9672397026215527
ENSG00000001801	VPS312	5.7077	0.43	0.5132	0.6163909955774206	0.9672397026215527
ENSG00000001541	PXN168	2.2495	-0.3551	-0.5125	0.6169118317325006	0.9672397026215527
ENSG00000003969	ADAM899	2.3807	0.3577	0.5086	0.6195670936490464	0.9672397026215527
ENSG00000002174	ATAD877	5.6479	-0.175	-0.5042	0.622542511579391	0.9672397026215527
ENSG00000001785	SKP130	2.799	0.2747	0.5051	0.6219681770007504	0.9672397026215527
ENSG00000000733	DYNC276	5.4475	0.1407	0.5082	0.6198581873415179	0.9672397026215527
ENSG00000002052	TMEM702	4.0308	-0.3705	-0.5116	0.617494941502577	0.9672397026215527
ENSG00000002013	TET277	8.1537	0.1507	0.505	0.6219814423532486	0.9672397026215527
ENSG00000001094	MYO619	4.0341	-0.3217	-0.5112	0.6178047781436657	0.9672397026215527
ENSG00000001917	UBE2125	6.4132	-0.1649	-0.5126	0.616823693586954	0.9672397026215527
ENSG00000001056	UBE2149	4.8999	0.2011	0.5099	0.6186662618577938	0.9672397026215527
ENSG00000001640	TLN636	8.341	-0.1298	-0.5153	0.6150138520687214	0.9672397026215527
ENSG00000003106	SUZ239	6.1545	0.2066	0.5052	0.6218578693534224	0.9672397026215527
ENSG00000002614	ABC815	4.6006	0.2503	0.5064	0.6210392952307624	0.9672397026215527
ENSG00000004035	DUSP853	5.2698	0.2114	0.5081	0.6198893559986509	0.9672397026215527
ENSG00000000276	PTCH1	4.6467	0.3383	0.5038	0.6228644316844014	0.9673536983701878
ENSG00000002411	RAB11FIP826	4.0416	0.3064	0.5033	0.6231429799834838	0.9674002704809409
ENSG00000001306	UBE2415	4.7174	-0.1831	-0.4986	0.6264097381304388	0.9674229184730012
ENSG00000000946	PPP1R118	5.0905	-0.1361	-0.4986	0.6263580800404099	0.9674229184730012
ENSG00000003521	CCNB715	3.9489	0.3027	0.4948	0.6289724850262144	0.9674229184730012
ENSG00000001335	SIRT80	8.3775	-0.1132	-0.5025	0.6237351727788435	0.9674229184730012
ENSG00000000078	EIF91	2.6927	0.286	0.4941	0.6294722726782009	0.9674229184730012
ENSG00000003519	KIF764	7.2091	0.1382	0.5	0.6254148504591368	0.9674229184730012
ENSG00000001738	DUSP815	2.5616	-0.2119	-0.4987	0.6263458911363127	0.9674229184730012
ENSG00000000067	HDAC729	4.0773	0.3611	0.496	0.6282009094720364	0.9674229184730012
ENSG00000001247	MYO695	4.8214	-0.1543	-0.496	0.6281601410649811	0.9674229184730012
ENSG00000000504	CYP683	4.9925	0.0985	0.495	0.6288604862101196	0.9674229184730012
ENSG00000001779	MMP327	3.7709	0.1629	0.4933	0.6300567450660826	0.9674229184730012
ENSG00000000157	TRIM213	5.5234	0.1997	0.5016	0.6243126717761182	0.9674229184730012
ENSG00000001007	RAD51	4.0865	0.2248	0.4957	0.628358375633628	0.9674229184730012
ENSG00000003522	TLN150	2.2058	-0.3166	-0.4951	0.6287747558236516	0.9674229184730012
ENSG00000000024	SUZ321	5.7984	-0.1774	-0.4955	0.628516592177621	0.9674229184730012
ENSG00000002620	COL63	6.438	-0.1161	-0.4938	0.6296963083959646	0.9674229184730012
ENSG00000001078	ARF819	5.6004	-0.1269	-0.4931	0.6301752486418959	0.9674229184730012
ENSG00000001457	CUL17	8.6445	0.135	0.4975	0.627153829174077	0.9674229184730012
ENSG00000003843	EZH772	3.2377	0.3057	0.4985	0.6264604047891283	0.9674229184730012
ENSG00000000897	TUBB584	10.8685	-0.101	-0.4932	0.6300989456002742	0.9674229184730012
ENSG00000000947	CCNB125	6.6579	-0.1353	-0.4995	0.6257742852230278	0.9674229184730012
ENSG00000002968	STAT1	6.1187	0.2768	0.4991	0.626064738008417	0.9674229184730012
ENSG00000000237	FBXO293	12.1041	-0.0994	-0.498	0.6267904237270079	0.9674229184730012
ENSG00000003211	RAB374	11.5932	-0.1021	-0.4992	0.6259946043203721	0.9674229184730012
ENSG00000000315	RPS794	5.8558	0.1514	0.5023	0.6238384535833613	0.9674229184730012
ENSG00000000248	ATAD158	4.4699	-0.2521	-0.4928	0.6303660126535281	0.9674229184730012
ENSG00000002561	RPL643	2.1724	0.2861	0.4953	0.628641863704843	0.9674229184730012
ENSG00000000036	ANK268	2.6335	0.2785	0.494	0.6295380993297116	0.9674229184730012
ENSG00000000295	PXN69	5.3694	0.1408	0.5008	0.6248796662015159	0.9674229184730012
ENSG00000000179	VCL884	2.5115	0.3118	0.4866	0.6346235670346847	0.9684429219448922
ENSG00000001881	DHX10	6.8581	-0.152	-0.4868	0.6345294458771614	0.9684429219448922
ENSG00000004165	DRD153	4.7456	0.2638	0.4864	0.63476307653685	0.9684429219448922
ENSG00000002130	TRIM833	7.0645	-0.1031	-0.487	0.6343517390360784	0.9684429219448922
ENSG00000002817	H2AF287	3.7251	-0.3628	-0.4897	0.632489780726902	0.9684429219448922
ENSG00000001425	RNF323	1.6855	-0.3298	-0.489	0.633011047165037	0.9684429219448922
ENSG00000003858	SLC283	8.1823	0.1058	0.4914	0.6313161100892191	0.9684429219448922
ENSG00000001370	TMEM661	5.7398	0.1854	0.49	0.632327051999018	0.9684429219448922
ENSG00000001040	SPTB660	4.7214	0.1707	0.4886	0.6332612918811911	0.9684429219448922
ENSG00000002303	SUZ820	4.0504	0.1875	0.4879	0.6337678358256251	0.9684429219448922
ENSG00000001269	UBE289	2.3327	0.265	0.4894	0.6327270176037441	0.9684429219448922
ENSG00000002720	SCN249	2.2869	-0.3542	-0.4889	0.6330318371500052	0.9684429219448922
ENSG00000001204	DNMT71	1.9263	0.3576	0.4887	0.6332131322147954	0.9684429219448922
ENSG00000003444	DRD623	1.9921	-0.2735	-0.4877	0.6339080178966894	0.9684429219448922
ENSG00000000520	GABR151	8.4067	-0.0852	-0.487	0.6343381811032094	0.9684429219448922
ENSG00000002388	ADRB684	5.2785	0.1277	0.4859	0.6351309683008217	0.9686245018130087
ENSG00000002938	H2AF638	4.2054	-0.2496	-0.4849	0.6358211347070823	0.9692972410027281
ENSG00000004167	TXN	7.25	-0.1238	-0.4666	0.6485355453982735	0.9701980943576293
ENSG00000001658	TMEM121	6.6621	-0.1463	-0.4696	0.6464532565300124	0.9701980943576293
ENSG00000002725	SNX164	5.2855	-0.2933	-0.4574	0.6549010675874161	0.9701980943576293
ENSG00000001020	HES1	8.7243	0.1013	0.4564	0.6556452291614379	0.9701980943576293
ENSG00000003027	H2AF29	3.8205	0.3589	0.4679	0.6476131958115487	0.9701980943576293
ENSG00000002619	ANK147	2.5446	-0.2753	-0.4801	0.6391388991864819	0.9701980943576293
ENSG00000000731	TLN431	5.2568	0.2563	0.473	0.6440639710978815	0.9701980943576293
ENSG00000002653	SLC286	7.3991	-0.1624	-0.4809	0.6385632770229255	0.9701980943576293
ENSG00000003124	HIST1H225	3.9532	-0.3616	-0.4588	0.6539795624472831	0.9701980943576293
ENSG00000000716	COPB297	1.7525	-0.3054	-0.4674	0.6479415524721925	0.9701980943576293
ENSG00000003233	ARID534	4.528	0.2589	0.4776	0.6408390476879294	0.9701980943576293
ENSG00000002517	TMEM381	5.4709	0.1459	0.457	0.6552237448329199	0.9701980943576293
ENSG00000000635	BRD310	1.4087	-0.2844	-0.4723	0.6445539989501572	0.9701980943576293
ENSG00000003190	MYO797	2.7718	-0.2374	-0.4653	0.6494297901812329	0.9701980943576293
ENSG00000000827	RNF715	1.5781	-0.2551	-0.4792	0.6397729193977906	0.9701980943576293
ENSG00000003182	COPB862	5.7398	-0.1384	-0.4738	0.643508934823861	0.9701980943576293
ENSG00000003227	H2AF517	8.4051	0.0894	0.4554	0.6563170118386565	0.9701980943576293
ENSG00000002522	VPS262	2.5337	0.1905	0.4777	0.6408050905256273	0.9701980943576293
ENSG00000003524	SCN577	4.1075	-0.3141	-0.481	0.638519010642207	0.9701980943576293
ENSG00000000449	SMARC25	7.0583	-0.1013	-0.4596	0.6534144243995827	0.9701980943576293
ENSG00000000472	ADRB476	7.205	0.1529	0.477	0.6413045993987253	0.9701980943576293
ENSG00000000480	CHRM647	10.026	-0.1085	-0.4617	0.651929733028451	0.9701980943576293
ENSG00000001249	KDM549	2.9615	0.2298	0.4825	0.6374811275825462	0.9701980943576293
ENSG00000002278	GNA768	8.293	0.1325	0.4793	0.6396594002393472	0.9701980943576293
ENSG00000003426	CCNB499	1.6711	0.279	0.4622	0.6515791470915036	0.9701980943576293
ENSG00000001213	FBXO58	5.182	-0.2963	-0.4633	0.650818888521012	0.9701980943576293
ENSG00000000530	KMT2307	7.4386	-0.1195	-0.4644	0.6500462793159396	0.9701980943576293
ENSG00000000537	PPP2R521	7.1073	-0.1366	-0.4586	0.6540970042830425	0.9701980943576293
ENSG00000003309	DHX694	6.5932	-0.1909	-0.4657	0.6491576836267704	0.9701980943576293
ENSG00000003305	MRPL71	6.509	0.1991	0.48	0.6392191488835719	0.9701980943576293
ENSG00000000634	CASP1	2.2405	0.3256	0.4614	0.6521065798089756	0.9701980943576293
ENSG00000002497	UBE2637	6.4298	-0.1551	-0.4665	0.6485481882275723	0.9701980943576293
ENSG00000000364	ABC50	2.58	0.2246	0.4601	0.6530377372987779	0.9701980943576293
ENSG00000003674	PRKC351	2.8476	0.1959	0.469	0.6468685971077013	0.9701980943576293
ENSG00000000404	VCL355	4.1233	-0.3127	-0.4578	0.6546336918342386	0.9701980943576293
ENSG00000002793	OR269	5.5097	-0.2495	-0.4607	0.6526327196935915	0.9701980943576293
ENSG00000002924	CACN467	1.115	-0.2474	-0.4607	0.652654757212443	0.9701980943576293
ENSG00000003623	DUSP444	6.8637	-0.1076	-0.4604	0.6528333855398093	0.9701980943576293
ENSG00000001343	ANAPC459	2.5692	-0.3365	-0.4639	0.6503685596896032	0.9701980943576293
ENSG00000000375	UGT180	1.9772	-0.3374	-0.4836	0.6367354750781596	0.9701980943576293
ENSG00000003694	CUL680	3.6186	-0.2611	-0.4746	0.6429403454290779	0.9701980943576293
ENSG00000000321	RAB829	2.9726	-0.3461	-0.462	0.651694080297107	0.9701980943576293
ENSG00000002139	EZH112	7.3199	-0.1191	-0.4555	0.6562870037816405	0.9701980943576293
ENSG00000003691	EIF159	8.3163	0.1355	0.479	0.6398651765949146	0.9701980943576293
ENSG00000002117	SUZ705	3.0491	-0.2855	-0.4732	0.6439075328774484	0.9701980943576293
ENSG00000002102	EZH172	4.1617	-0.1567	-0.4672	0.6480982347558486	0.9701980943576293
ENSG00000002193	CCNB706	6.1509	-0.2062	-0.4766	0.6415878603356868	0.9701980943576293
ENSG00000000430	RAB11FIP480	3.8754	0.2258	0.4796	0.6394994171901673	0.9701980943576293
ENSG00000001921	TRIM842	5.2883	0.2315	0.4567	0.655390554883438	0.9701980943576293
ENSG00000003960	KRT689	2.6265	0.258	0.4677	0.6477515828599052	0.9701980943576293
ENSG00000004018	SUZ646	4.6956	-0.3141	-0.4789	0.6399388865226528	0.9701980943576293
ENSG00000001473	PPP2R442	4.7161	-0.2271	-0.4628	0.6511786249564064	0.9701980943576293
ENSG00000001959	SNX850	2.0475	0.2929	0.4717	0.6449855652012686	0.9701980943576293
ENSG00000001973	BRD102	3.5631	0.2373	0.4563	0.6556967100670661	0.9701980943576293
ENSG00000001963	PPP2R577	6.1314	0.1954	0.4681	0.647475526322264	0.9701980943576293
ENSG00000001453	SMARC273	6.5925	-0.0951	-0.476	0.6419555889974571	0.9701980943576293
ENSG00000003839	TMEM515	2.0301	-0.2791	-0.4672	0.6481079866824444	0.9701980943576293
ENSG00000000241	PXN453	6.4993	-0.1285	-0.4586	0.6540661675180165	0.9701980943576293
ENSG00000002012	ACTN456	3.9743	0.2711	0.4638	0.6504910154639676	0.9701980943576293
ENSG00000003834	FBXO65	4.5006	0.272	0.4728	0.6442206437980131	0.9701980943576293
ENSG00000000853	CACN315	6.3148	-0.1288	-0.4759	0.6420406912073269	0.9701980943576293
ENSG00000002890	ACTN81	10.1821	-0.1115	-0.4554	0.6563544661982625	0.9701980943576293
ENSG00000003762	ARF866	6.494	0.1233	0.4788	0.6400390071507959	0.9701980943576293
ENSG00000000303	PPP1R839	7.2596	-0.164	-0.4557	0.6561481492291644	0.9701980943576293
ENSG00000004063	EZH589	5.2276	-0.2318	-0.4567	0.6553947541440909	0.9701980943576293
ENSG00000000092	ANK108	7.327	0.114	0.4596	0.6533895715811743	0.9701980943576293
ENSG00000001748	USP322	7.5788	-0.1391	-0.4801	0.6391069093456244	0.9701980943576293
ENSG00000000142	DNMT272	3.2447	0.2738	0.4576	0.6548211336838963	0.9701980943576293
ENSG00000001553	ADRB753	2.6442	0.2579	0.4574	0.6549107440752708	0.9701980943576293
ENSG00000004058	DYNC307	8.1146	-0.1338	-0.4732	0.6438893026822602	0.9701980943576293
ENSG00000001747	MMP271	1.8042	-0.289	-0.4662	0.6488129204976099	0.9701980943576293
ENSG00000001574	SCN533	5.0964	-0.1283	-0.4744	0.6430694558006035	0.9701980943576293
ENSG00000000077	SEC732	2.1452	-0.2514	-0.4668	0.6483810390969609	0.9701980943576293
ENSG00000000089	KIF84	7.1835	0.09	0.4734	0.6437882859932779	0.9701980943576293
ENSG00000002896	RAB11FIP524	10.128	0.1074	0.4576	0.6547898374415724	0.9701980943576293
ENSG00000004189	RHO634	7.8226	-0.1493	-0.4568	0.6553337778574555	0.9701980943576293
ENSG00000000059	CDC735	4.0558	0.2486	0.4566	0.6554978755873264	0.9701980943576293
ENSG00000001696	FBXO545	2.0439	-0.3274	-0.4814	0.6382210795013011	0.9701980943576293
ENSG00000001611	ZNF750	1.4229	0.3008	0.476	0.6419686607749024	0.9701980943576293
ENSG00000001596	ZNF838	5.9312	0.1661	0.4689	0.6469071758081226	0.9701980943576293
ENSG00000000040	GRIN342	6.5053	0.1647	0.4546	0.6569282119794579	0.9702568747028956
ENSG00000001580	CYP787	5.2538	0.1781	0.4542	0.6571421176045305	0.9702568747028956
ENSG00000002505	MYO377	5.8713	0.224	0.4545	0.6569981130653545	0.9702568747028956
ENSG00000001641	HTR777	2.4387	0.3399	0.4537	0.6575555810398255	0.970499173836557
ENSG00000001414	GRIN667	2.5114	-0.2886	-0.4528	0.6581225060936216	0.9705997702600891
ENSG00000003364	RAB325	6.4557	-0.1485	-0.453	0.6580430878370098	0.9705997702600891
ENSG00000001071	USP444	7.3085	-0.1246	-0.4513	0.6591965286245463	0.9707124061319463
ENSG00000004089	PRKC884	6.2963	0.1368	0.4513	0.6591944856823282	0.9707124061319463
ENSG00000003172	CACN686	4.2981	0.2272	0.4519	0.6588033708973662	0.9707124061319463
ENSG00000001109	COL467	5.4644	-0.1711	-0.4519	0.6588018637238529	0.9707124061319463
ENSG00000003511	SLC268	5.5076	-0.1963	-0.45	0.6601458734506757	0.9711207120532555
ENSG00000002569	PXN700	6.2172	-0.1293	-0.4505	0.6597738277036013	0.9711207120532555
ENSG00000001853	DDX327	4.1458	0.2442	0.4499	0.6602223545973571	0.9711207120532555
ENSG00000001929	KMT2475	5.2379	0.1867	0.4483	0.6613344843719304	0.9714038851155565
ENSG00000002002	TIMM365	5.9268	0.2144	0.4486	0.6610778509626709	0.9714038851155565
ENSG00000002730	CYP672	4.9621	-0.1332	-0.4492	0.6607049705239724	0.9714038851155565
ENSG00000001969	ARF594	1.3295	0.2364	0.4482	0.6614132311295542	0.9714038851155565
ENSG00000004193	MYO331	8.8321	0.0693	0.4473	0.6620553815611787	0.9716137047647465
ENSG00000002960	GRIN241	4.9833	0.2007	0.4475	0.6619130586545411	0.9716137047647465
ENSG00000000713	SIRT467	5.6743	-0.1536	-0.4458	0.6630930845713277	0.9724400455624269
ENSG00000002956	PKM	1.696	0.2407	0.4457	0.663118160565951	0.9724400455624269
ENSG00000002753	KRT790	1.7052	-0.2349	-0.4454	0.6633797502269696	0.9724572459071058
ENSG00000001130	KIF378	9.285	-0.1084	-0.4437	0.6645489470781212	0.9730716711918915
ENSG00000002976	KRT45	6.583	0.1739	0.4443	0.6641265007978503	0.9730716711918915
ENSG00000002961	GABR581	10.4902	0.0849	0.4438	0.6645025726014183	0.9730716711918915
ENSG00000003234	COL92	3.8429	-0.1281	-0.4405	0.6667928786907368	0.9731228880937305
ENSG00000001140	DNMT419	7.7508	-0.1221	-0.4423	0.6655554555531991	0.9731228880937305
ENSG00000003253	UBE271	4.6348	-0.1886	-0.437	0.6692561892744298	0.9731228880937305
ENSG00000002118	GNA294	11.3284	-0.0972	-0.4402	0.6669914301321969	0.9731228880937305
ENSG00000001855	KRT302	2.1596	0.2894	0.437	0.6692752832123652	0.9731228880937305
ENSG00000000618	ABC866	6.5492	0.1945	0.4354	0.670395577085163	0.9731228880937305
ENSG00000003319	HIST1H674	9.4521	0.1051	0.4352	0.6705771043452029	0.9731228880937305
ENSG00000001427	EZH215	7.3513	-0.1261	-0.4405	0.6667808097247372	0.9731228880937305
ENSG00000001087	ACTN759	7.5084	0.1094	0.4413	0.6662548469748136	0.9731228880937305
ENSG00000001892	GRIN895	7.7547	-0.1189	-0.438	0.6685811373221207	0.9731228880937305
ENSG00000001869	TIMM756	7.5418	0.1472	0.4349	0.670775939217445	0.9731228880937305
ENSG00000003827	BAX	1.1791	-0.2167	-0.4365	0.6696359598839969	0.9731228880937305
ENSG00000003901	SLC212	7.9726	0.1025	0.436	0.669989001341742	0.9731228880937305
ENSG00000001375	H2AF214	5.5958	-0.1521	-0.4379	0.6686144358444213	0.9731228880937305
ENSG00000000254	MYO621	2.5262	0.3445	0.4372	0.6691374306078632	0.9731228880937305
ENSG00000003558	USP562	3.1339	-0.2531	-0.4385	0.6682192516579362	0.9731228880937305
ENSG00000003690	FBXO87	9.0392	0.0844	0.4426	0.6653581950926883	0.9731228880937305
ENSG00000000728	DHX61	7.6087	0.1496	0.4413	0.666253893245843	0.9731228880937305
ENSG00000000532	ARF22	5.5663	-0.1737	-0.4421	0.6656496491337509	0.9731228880937305
ENSG00000004136	RHO495	4.4405	0.1947	0.4395	0.6675423483803178	0.9731228880937305
ENSG00000002906	SMARC162	1.6092	-0.2424	-0.4401	0.667098835899253	0.9731228880937305
ENSG00000002112	ARF602	10.5628	0.0959	0.4353	0.6704974774607134	0.9731228880937305
ENSG00000002337	PRKC883	4.7726	0.1939	0.4348	0.670834714479825	0.9731228880937305
ENSG00000001794	ZNF584	4.3419	-0.2727	-0.4379	0.6686413154578608	0.9731228880937305
ENSG00000002646	MYO82	2.1571	0.2242	0.435	0.6707067645740336	0.9731228880937305
ENSG00000000384	DYNC254	3.2688	0.1642	0.4341	0.6713647260916625	0.9732221373513044
ENSG00000002879	VPS74	2.534	-0.219	-0.4336	0.6716533044515939	0.9732221373513044
ENSG00000003437	CCNB363	5.1785	-0.1755	-0.4337	0.6716146729841908	0.9732221373513044
ENSG00000003566	COL41	1.8125	0.2855	0.4313	0.6732937966913428	0.9732383686203847
ENSG00000002501	CDC408	7.7239	0.1071	0.4317	0.6730266030961918	0.9732383686203847
ENSG00000002758	HTR189	3.1056	0.3257	0.4323	0.6725846031493321	0.9732383686203847
ENSG00000000603	COL732	5.5291	0.1832	0.4312	0.6734149349164174	0.9732383686203847
ENSG00000002400	COL125	1.8876	0.2089	0.4313	0.6733352570108307	0.9732383686203847
ENSG00000002369	SEC578	3.4626	0.2557	0.4314	0.6732606754599761	0.9732383686203847
ENSG00000000987	BRD731	5.8258	-0.1395	-0.4329	0.6721860746057768	0.9732383686203847
ENSG00000000145	MAPK614	3.7651	-0.2433	-0.4298	0.6744017744485951	0.9743027862486756
ENSG00000003982	TRIM619	5.4519	-0.2599	-0.4288	0.6750609191663501	0.9748931715753004
ENSG00000002983	DHX890	5.2217	0.1746	0.4241	0.6784382497521755	0.9768581283173106
ENSG00000000804	MAPK296	9.5917	0.0979	0.4241	0.6784239740920308	0.9768581283173106
ENSG00000000109	ABC712	1.5351	-0.3039	-0.4247	0.6779872020958404	0.9768581283173106
ENSG00000000700	MYO566	7.1274	0.1462	0.422	0.6799070680993531	0.9768581283173106
ENSG00000001702	CCNB371	6.4069	0.1707	0.4224	0.6796017889384696	0.9768581283173106
ENSG00000001422	OR684	3.3026	-0.2619	-0.4232	0.6790851376331304	0.9768581283173106
ENSG00000003931	RAB4	9.4274	0.1049	0.425	0.6777627423779566	0.9768581283173106
ENSG00000003897	TLN303	6.7763	0.1731	0.4252	0.677636035768705	0.9768581283173106
ENSG00000003144	HTR472	6.2387	-0.1594	-0.4244	0.6782120167895063	0.9768581283173106
ENSG00000001671	TET886	8.334	-0.121	-0.4248	0.6779278580269614	0.9768581283173106
ENSG00000003636	RNF346	5.7499	0.1753	0.422	0.6799354238467611	0.9768581283173106
ENSG00000003423	SCN216	3.502	0.2163	0.4223	0.6797344917916404	0.9768581283173106
ENSG00000002318	ADRB403	3.4043	0.2533	0.4231	0.6791396089604479	0.9768581283173106
ENSG00000000500	ACTN747	4.1359	-0.3107	-0.4247	0.678012838672863	0.9768581283173106
ENSG00000001099	TRIM492	8.1686	-0.068	-0.4211	0.6805507713597869	0.9773814030008452
ENSG00000002676	TLN721	9.3977	0.1293	0.4193	0.6818709259194695	0.9785638872948916
ENSG00000000896	FBXO631	6.9568	-0.0977	-0.4193	0.6818769944357004	0.9785638872948916
ENSG00000003625	ANK678	7.4406	-0.1297	-0.4187	0.6822535267914902	0.9786326018854827
ENSG00000002031	TRIM589	5.3307	0.1492	0.4185	0.682427770173998	0.9786326018854827
ENSG00000000669	BRD377	2.5162	-0.2145	-0.4171	0.6834060258934831	0.9793048308195258
ENSG00000002707	EIF267	11.7869	-0.1114	-0.4174	0.6832303245072279	0.9793048308195258
ENSG00000000433	DDX200	2.8086	0.2063	0.4168	0.6836513939713904	0.9793048308195258
ENSG00000001180	DRD65	1.8429	-0.2648	-0.3996	0.6959426300141776	0.9796138977207166
ENSG00000003637	CCNB32	3.7422	-0.1834	-0.401	0.6949251144022972	0.9796138977207166
ENSG00000003629	SEC91	7.2902	-0.1183	-0.4009	0.6950292776397073	0.9796138977207166
ENSG00000000317	SPTB624	7.3406	0.1124	0.4125	0.6866759687008771	0.9796138977207166
ENSG00000003708	PXN418	7.1521	0.1547	0.3995	0.6960454920257901	0.9796138977207166
ENSG00000003837	MYO99	1.543	-0.2502	-0.3999	0.6956934894296571	0.9796138977207166
ENSG00000001990	GABR93	3.7408	-0.2102	-0.3893	0.7033677956895237	0.9796138977207166
ENSG00000002697	RPS545	4.8769	-0.1399	-0.4009	0.6949897886730518	0.9796138977207166
ENSG00000000336	DDX846	2.7592	0.2242	0.3906	0.7024050813290992	0.9796138977207166
ENSG00000000340	ADRB561	8.7325	0.1032	0.3978	0.6972206086699734	0.9796138977207166
ENSG00000003339	RAB136	1.979	0.1838	0.4134	0.6860179835007862	0.9796138977207166
ENSG00000002125	H2AF26	5.8489	-0.1313	-0.388	0.7042926123074529	0.9796138977207166
ENSG00000001373	MMP587	5.5146	-0.1194	-0.4009	0.6950091928207396	0.9796138977207166
ENSG00000002285	MRPS847	2.1668	0.2929	0.3983	0.6969043392379416	0.9796138977207166
ENSG00000001270	KCN702	5.2576	0.169	0.3871	0.7049434588367909	0.9796138977207166
ENSG00000003546	DYNC667	1.9019	0.2122	0.4075	0.6902393098897124	0.9796138977207166
ENSG00000003535	COL684	7.5019	-0.1148	-0.398	0.6971229307332188	0.9796138977207166
ENSG00000002422	PRKC871	7.5122	-0.0987	-0.3964	0.6982610145033821	0.9796138977207166
ENSG00000001085	CYP898	5.4921	0.1572	0.3925	0.7010737489016149	0.9796138977207166
ENSG00000003215	FBXO796	5.5045	-0.1655	-0.3996	0.6959538797565386	0.9796138977207166
ENSG00000000247	GRIN753	4.662	-0.197	-0.4018	0.6943579614229767	0.9796138977207166
ENSG00000001291	TRIM475	3.3533	-0.2023	-0.396	0.6985179832555147	0.9796138977207166
ENSG00000003771	CUL746	6.8379	-0.1122	-0.3904	0.7025483389293693	0.9796138977207166
ENSG00000002735	GNA607	4.9477	0.191	0.4003	0.6954328266030803	0.9796138977207166
ENSG00000002733	KRT626	8.6093	-0.089	-0.3884	0.7040204503060794	0.9796138977207166
ENSG00000000451	KMT2243	4.8367	0.1716	0.3877	0.7045180797103181	0.9796138977207166
ENSG00000000141	FBXO589	5.0902	-0.2075	-0.4122	0.6869089245901128	0.9796138977207166
ENSG00000003352	ARID325	3.8766	0.1912	0.4118	0.6871870933228537	0.9796138977207166
ENSG00000000807	KIF575	6.0467	-0.2112	-0.4088	0.6893598841495561	0.9796138977207166
ENSG00000002075	ARID89	1.8876	-0.2293	-0.3958	0.698668114455601	0.9796138977207166
ENSG00000001312	PLC284	4.4412	0.2061	0.3875	0.7046289195068829	0.9796138977207166
ENSG00000000359	GNA90	5.1659	-0.1692	-0.3942	0.699856227630908	0.9796138977207166
ENSG00000001545	TET404	1.6598	-0.2303	-0.3879	0.7043774257372242	0.9796138977207166
ENSG00000000819	CACN290	3.7795	-0.2069	-0.3918	0.7015648010516062	0.9796138977207166
ENSG00000000951	PPP2R350	5.3213	0.1538	0.4026	0.6937879085537575	0.9796138977207166
ENSG00000000065	PXN22	3.9338	-0.2005	-0.3987	0.6965864302572562	0.9796138977207166
ENSG00000002966	SMARC409	2.2593	-0.2472	-0.396	0.6985618437882206	0.9796138977207166
ENSG00000001072	MRPS585	5.1453	-0.1932	-0.3944	0.6997057610503685	0.9796138977207166
ENSG00000003902	CUL666	3.0935	0.241	0.4008	0.6950885016972395	0.9796138977207166
ENSG00000000130	CHRM632	1.6503	0.1474	0.3939	0.700062052708255	0.9796138977207166
ENSG00000003117	SMARC780	4.7379	0.1598	0.3905	0.7024803559036976	0.9796138977207166
ENSG00000000202	UGT786	7.3886	0.1127	0.4153	0.6847233584469297	0.9796138977207166
ENSG00000003910	TET485	7.0623	-0.1158	-0.3905	0.7024891811450669	0.9796138977207166
ENSG00000000570	CYP754	7.4977	0.0925	0.4118	0.6872273172988711	0.9796138977207166
ENSG00000001772	KCN58	1.6812	0.2513	0.3957	0.6987489717934691	0.9796138977207166
ENSG00000003037	MRPL463	2.6345	0.241	0.3914	0.7018186277173892	0.9796138977207166
ENSG00000000108	TIMM230	5.6752	-0.1558	-0.3898	0.703011170469666	0.9796138977207166
ENSG00000001777	CYP770	3.4795	0.2948	0.3882	0.7041793983978374	0.9796138977207166
ENSG00000003904	EZH307	1.0247	-0.1279	-0.3993	0.6961303324269803	0.9796138977207166
ENSG00000000561	SNX248	1.3741	0.2423	0.4052	0.6918971288629112	0.9796138977207166
ENSG00000003796	COPB125	7.8051	-0.0973	-0.4021	0.6941768476441098	0.9796138977207166
ENSG00000001161	DRD684	9.0108	-0.1226	-0.4005	0.6953127208715368	0.9796138977207166
ENSG00000002551	TUBB330	8.5424	0.1175	0.3895	0.7032241262251366	0.9796138977207166
ENSG00000001173	ANK440	6.3962	0.11	0.3889	0.7036324197307781	0.9796138977207166
ENSG00000001095	H2AF671	5.6386	-0.1601	-0.4016	0.6944852355519822	0.9796138977207166
ENSG00000002197	HDAC199	2.3281	0.1977	0.3867	0.7052615985132189	0.9796138977207166
ENSG00000002187	SPTB167	1.9386	0.1432	0.3968	0.6979787722552572	0.9796138977207166
ENSG00000000183	GNA145	6.2098	-0.1505	-0.416	0.6841955601964111	0.9796138977207166
ENSG00000002920	PLC418	2.9541	0.2801	0.3868	0.705134901867241	0.9796138977207166
ENSG00000000606	HDAC33	5.1518	-0.121	-0.3988	0.6965298586035193	0.9796138977207166
ENSG00000000405	DYNC364	3.0811	-0.2624	-0.4014	0.6946479236814904	0.9796138977207166
ENSG00000003274	EZH487	5.8833	0.181	0.3987	0.6966214939982383	0.9796138977207166
ENSG00000000936	KDM682	1.9423	0.2617	0.3883	0.7040869336014083	0.9796138977207166
ENSG00000002119	ZNF686	8.6509	-0.0832	-0.3906	0.7024194688048417	0.9796138977207166
ENSG00000002007	ABC541	7.2499	-0.1466	-0.3897	0.7030792240220545	0.9796138977207166
ENSG00000002172	PXN194	6.8856	0.1061	0.39	0.7028572040663345	0.9796138977207166
ENSG00000001648	UGT738	7.9936	-0.113	-0.4039	0.6928650975962608	0.9796138977207166
ENSG00000000858	ANK99	7.7621	-0.165	-0.4049	0.692125167582853	0.9796138977207166
ENSG00000004156	TRIM839	1.3726	-0.2304	-0.4052	0.6919177101734021	0.9796138977207166
ENSG00000002857	ANAPC749	3.7868	0.1859	0.3984	0.6967677864025776	0.9796138977207166
ENSG00000002845	TET387	5.077	0.1548	0.4013	0.6946932707265158	0.9796138977207166
ENSG00000002516	ARID526	10.2065	0.0664	0.3921	0.7013011976069412	0.9796138977207166
ENSG00000000848	MRPL824	1.6754	0.2476	0.4041	0.692713019638323	0.9796138977207166
ENSG00000002375	SNX788	4.2991	-0.1277	-0.4092	0.6890733170603416	0.9796138977207166
ENSG00000001840	HTR571	7.8753	0.1413	0.4119	0.6870895342073813	0.9796138977207166
ENSG00000003868	RNF284	3.8444	-0.2024	-0.3873	0.7047647596908291	0.9796138977207166
ENSG00000000116	CCNB307	9.3669	-0.0561	-0.4045	0.6924450279905905	0.9796138977207166
ENSG00000001782	SPTB311	4.0985	0.2188	0.399	0.696354317688047	0.9796138977207166
ENSG00000003113	SIRT721	2.0514	0.2994	0.3947	0.6994449402040507	0.9796138977207166
ENSG00000002836	ANAPC633	3.5126	0.1666	0.4081	0.6898121388495013	0.9796138977207166
ENSG00000002381	HDAC481	5.7158	0.1246	0.4049	0.692126118923833	0.9796138977207166
ENSG00000002835	TMEM532	2.9997	0.2632	0.4147	0.6851491206074571	0.9796138977207166
ENSG00000002663	RNF798	4.4349	0.2252	0.4089	0.6892750500977964	0.9796138977207166
ENSG00000001461	HDAC18	4.7182	0.2203	0.3935	0.7003499170341655	0.9796138977207166
ENSG00000003847	FBXO744	7.0972	-0.1496	-0.3925	0.7010679377362401	0.9796138977207166
ENSG00000002416	HDAC354	5.2477	0.1412	0.385	0.7064443214204115	0.9809066353793227
ENSG00000001831	SCN849	5.4031	-0.1436	-0.3838	0.7073350002908224	0.9810933076022385
ENSG00000002179	EZH450	3.8143	0.2381	0.384	0.7072169848315624	0.9810933076022385
ENSG00000003650	SPTB271	4.4973	-0.1982	-0.384	0.707186590507761	0.9810933076022385
ENSG00000003974	RPS102	3.4262	0.2849	0.3827	0.7081125480022452	0.9811228326182765
ENSG00000003905	CDC273	8.4599	-0.0837	-0.3829	0.7079821321191249	0.9811228326182765
ENSG00000001023	ANK201	2.7384	0.283	0.3834	0.7076390283477384	0.9811228326182765
ENSG00000002907	SEC332	1.3908	0.2631	0.382	0.7086031092179188	0.9814531320555658
ENSG00000003713	UGT623	12.0803	0.083	0.3817	0.7088861479990873	0.9814958690901628
ENSG00000004128	CDC760	8.8117	0.0947	0.3801	0.7099897961993662	0.9815277352967036
ENSG00000001620	ADRB255	6.7568	0.1083	0.3799	0.710140770374662	0.9815277352967036
ENSG00000003533	MAPK171	1.7587	-0.3361	-0.379	0.7108033222351822	0.9815277352967036
ENSG00000003582	PLC471	2.1211	-0.3225	-0.3799	0.7101807920490617	0.9815277352967036
ENSG00000003344	VCL808	1.6267	0.2441	0.3784	0.7112296990841727	0.9815277352967036
ENSG00000000855	GNA44	4.8261	-0.1967	-0.3792	0.710650954275314	0.9815277352967036
ENSG00000001725	SPTB321	8.9549	0.0729	0.3799	0.7101198324691937	0.9815277352967036
ENSG00000001202	MRPL183	4.8547	0.1534	0.3788	0.710979592966059	0.9815277352967036
ENSG00000002665	CHRM360	5.4976	-0.1851	-0.3781	0.7114310743247689	0.9815277352967036
ENSG00000002377	H2AF762	5.196	-0.3094	-0.3799	0.7101852868422514	0.9815277352967036
ENSG00000002635	DNMT148	2.6437	-0.2092	-0.377	0.712239551779641	0.9819469838917333
ENSG00000001459	ARF622	4.5014	-0.2261	-0.3773	0.7120237440767971	0.9819469838917333
ENSG00000000418	ADRB404	10.2652	-0.0784	-0.3731	0.7150560765429959	0.9823502470544793
ENSG00000003626	MRPS893	1.8649	0.2516	0.3755	0.713365744895396	0.9823502470544793
ENSG00000003937	TLN469	3.6255	-0.1828	-0.3752	0.7135936609267373	0.9823502470544793
ENSG00000003481	UGT332	3.7081	0.1532	0.3742	0.7142816383634947	0.9823502470544793
ENSG00000002822	MYO883	3.7724	0.225	0.3752	0.7135538602059737	0.9823502470544793
ENSG00000000564	PLC759	8.3123	0.1031	0.3739	0.7145149086736284	0.9823502470544793
ENSG00000003884	EZH486	7.4491	-0.121	-0.3742	0.7142725316505912	0.9823502470544793
ENSG00000001264	TRIM804	4.5664	0.2298	0.3737	0.7146429643531305	0.9823502470544793
ENSG00000002723	SMARC48	1.3985	0.1984	0.3758	0.7131283176047352	0.9823502470544793
ENSG00000003817	CDC308	5.5691	0.1334	0.3734	0.714840826617723	0.9823502470544793
ENSG00000000185	MYO304	2.2219	-0.159	-0.3701	0.7172459323826104	0.9829264272561021
ENSG00000002744	SPTB628	3.6052	0.18	0.3691	0.7180009847608166	0.9829264272561021
ENSG00000001317	HDAC487	5.4262	-0.2318	-0.3708	0.7167748258595317	0.9829264272561021
ENSG00000003333	RAB11FIP210	5.7683	0.103	0.3695	0.7177245449662139	0.9829264272561021
ENSG00000002295	DHX3	5.4089	0.1123	0.3693	0.7178833615462985	0.9829264272561021
ENSG00000002586	RNF672	5.929	0.1243	0.3698	0.7174578352710801	0.9829264272561021
ENSG00000002984	EIF777	10.7242	-0.1052	-0.3702	0.7172087517646644	0.9829264272561021
ENSG00000003009	EZH663	13.6997	0.0829	0.3698	0.7174599919530655	0.9829264272561021
ENSG00000000582	CHRM14	7.7233	-0.1337	-0.3695	0.7176743108371602	0.9829264272561021
ENSG00000003495	TIMM769	5.7906	-0.1693	-0.3704	0.7170577367947619	0.9829264272561021
ENSG00000000288	DRD6	2.0931	0.1843	0.3682	0.718621124209079	0.983429470964042
ENSG00000003548	MYO92	2.7575	-0.3084	-0.3676	0.7190516755656211	0.9836728018634086
ENSG00000003977	SEC845	5.0268	-0.1599	-0.3664	0.7199894247508127	0.9842637306393267
ENSG00000002604	KCN631	1.9531	0.26	0.3667	0.7197625449840228	0.9842637306393267
ENSG00000000872	ARID19	6.8525	-0.1518	-0.3523	0.7302525265404517	0.9844364438686755
ENSG00000002901	PXN427	9.3971	-0.0642	-0.3196	0.7543472794693872	0.9844364438686755
ENSG00000000905	TET408	3.5428	0.1817	0.3539	0.72905628996931	0.9844364438686755
ENSG00000000903	SPARC	3.1773	0.2164	0.3396	0.7396177353297744	0.9844364438686755
ENSG00000001651	RAB196	4.7335	0.1747	0.3569	0.7268752502736897	0.9844364438686755
ENSG00000000893	ADAM821	4.4109	0.2016	0.3191	0.7547513024708887	0.9844364438686755
ENSG00000002864	CUL706	2.186	-0.1673	-0.3249	0.7504118942927478	0.9844364438686755
ENSG00000003243	KRT425	3.1194	-0.1935	-0.3527	0.7299664335111526	0.9844364438686755
ENSG00000000056	FBXO756	4.6037	0.1398	0.3241	0.7510111050670181	0.9844364438686755
ENSG00000000049	PXN846	7.4998	-0.0869	-0.358	0.7261198132493366	0.9844364438686755
ENSG00000000046	RAB598	4.8718	0.141	0.3175	0.7559322038907503	0.9844364438686755
ENSG00000001678	KRT705	1.2526	0.1398	0.3342	0.7435431522616978	0.9844364438686755
ENSG00000002897	ABC43	5.5691	-0.161	-0.3328	0.7446030725149282	0.9844364438686755
ENSG00000000909	EZH48	11.1873	0.056	0.3381	0.7406739221403281	0.9844364438686755
ENSG00000000907	EZH176	11.4092	-0.0792	-0.3434	0.7367615654405564	0.9844364438686755
ENSG00000000365	TRIM590	8.116	-0.0551	-0.317	0.7562928550727934	0.9844364438686755
ENSG00000000888	BRD253	5.6479	-0.1788	-0.3375	0.7411593524348687	0.9844364438686755
ENSG00000003430	SKP465	11.0615	-0.0944	-0.3563	0.7273098518444907	0.9844364438686755
ENSG00000000522	VEGFB	5.2669	-0.1483	-0.3517	0.730718985960601	0.9844364438686755
ENSG00000001217	BRD389	6.6635	0.1149	0.354	0.7290033394283044	0.9844364438686755
ENSG00000003413	UBE2523	6.8899	0.0933	0.3423	0.7375911412881293	0.9844364438686755
ENSG00000000726	DNMT550	4.0103	-0.1837	-0.338	0.7407670951039376	0.9844364438686755
ENSG00000001025	MRPL776	4.0931	0.1315	0.3227	0.75206229152148	0.9844364438686755
ENSG00000001932	UGT159	10.5147	0.0674	0.3261	0.7495653996734919	0.9844364438686755
ENSG00000003866	ARID253	5.6594	0.1785	0.3423	0.737600876265813	0.9844364438686755
ENSG00000000219	PLC723	4.1214	-0.1377	-0.3168	0.7563927283920904	0.9844364438686755
ENSG00000002361	UBE281	7.0252	0.1207	0.3384	0.74042963642539	0.9844364438686755
ENSG00000003063	MMP200	3.4796	-0.2579	-0.355	0.7282664925110205	0.9844364438686755
ENSG00000001767	MRPS91	3.868	-0.1544	-0.3624	0.7228575620704791	0.9844364438686755
ENSG00000003045	CUL79	8.2188	-0.055	-0.3353	0.7427172186011965	0.9844364438686755
ENSG00000003377	TOMM625	5.0294	-0.122	-0.3182	0.7554209262142334	0.9844364438686755
ENSG00000000558	ACTN345	6.1837	0.1496	0.3409	0.7386529189698177	0.9844364438686755
ENSG00000003926	CHRM453	8.4738	-0.0963	-0.3288	0.7475563078247792	0.9844364438686755
ENSG00000001476	EZH447	7.3255	-0.0809	-0.3317	0.7453853608910388	0.9844364438686755
ENSG00000000213	ADRB842	2.2059	-0.2188	-0.3591	0.7253136229049352	0.9844364438686755
ENSG00000003438	MRPL181	8.1567	-0.1071	-0.3601	0.7245573586518297	0.9844364438686755
ENSG00000003389	GNA781	6.3788	0.1296	0.3614	0.7236000506800306	0.9844364438686755
ENSG00000004036	EZH481	4.7358	0.1353	0.3649	0.7210298741278237	0.9844364438686755
ENSG00000003473	RPL13A	12.9992	0.0767	0.3529	0.7297864082925	0.9844364438686755
ENSG00000003491	MAPK240	2.0435	0.2422	0.3518	0.730619562471709	0.9844364438686755
ENSG00000002363	ANAPC715	6.2412	-0.0981	-0.3466	0.7344155382254303	0.9844364438686755
ENSG00000003454	SCN591	4.8495	0.1682	0.3218	0.7527488615185083	0.9844364438686755
ENSG00000003452	GRIN619	1.5922	0.202	0.3603	0.7243846155022653	0.9844364438686755
ENSG00000003448	PRKC308	4.0944	-0.1727	-0.3458	0.7350005688892192	0.9844364438686755
ENSG00000000768	MRPS35	7.6915	-0.0984	-0.361	0.7238730278664245	0.9844364438686755
ENSG00000001806	TMEM358	4.8285	-0.1839	-0.3486	0.7330034644720567	0.9844364438686755
ENSG00000002605	SIRT559	5.0174	-0.204	-0.346	0.7348702361877378	0.9844364438686755
ENSG00000000477	CACN257	4.846	0.1949	0.3238	0.751248182851166	0.9844364438686755
ENSG00000000597	OR538	5.1466	-0.15	-0.328	0.7481554813225286	0.9844364438686755
ENSG00000004071	RNF567	5.8671	0.087	0.3238	0.7512483144946217	0.9844364438686755
ENSG00000002702	SCN147	4.4216	0.2281	0.357	0.726832401295787	0.9844364438686755
ENSG00000000542	TET559	6.2071	0.1155	0.3525	0.7301059508874901	0.9844364438686755
ENSG00000002391	PPP1R336	4.1412	-0.1231	-0.3625	0.7227876681212839	0.9844364438686755
ENSG00000000475	ANK697	3.9062	-0.1845	-0.3342	0.7435830216084227	0.9844364438686755
ENSG00000000233	COL515	2.7575	0.2559	0.3203	0.7538494710447948	0.9844364438686755
ENSG00000003859	SIRT238	5.7181	-0.122	-0.3417	0.7380515911976298	0.9844364438686755
ENSG00000002105	CDC532	8.4278	-0.0707	-0.3446	0.7358875105413937	0.9844364438686755
ENSG00000003734	RHO82	2.4491	0.1808	0.3268	0.7490293731041435	0.9844364438686755
ENSG00000001281	HTR528	1.8506	-0.2318	-0.323	0.7518182942753476	0.9844364438686755
ENSG00000002279	DUSP779	7.607	-0.0972	-0.3611	0.7238005118751923	0.9844364438686755
ENSG00000000772	RAB11FIP599	3.6379	-0.2076	-0.3291	0.7473173987441699	0.9844364438686755
ENSG00000003366	TMEM258	6.8622	0.0919	0.3469	0.7342500221244013	0.9844364438686755
ENSG00000002616	SMARC869	5.5319	-0.0927	-0.3394	0.739712111003064	0.9844364438686755
ENSG00000002097	DRD327	6.9669	0.1141	0.3498	0.7320722669226833	0.9844364438686755
ENSG00000002769	KCN275	2.4153	-0.2343	-0.3298	0.7467837056201008	0.9844364438686755
ENSG00000002764	VPS858	5.869	-0.1251	-0.34	0.7392881494734068	0.9844364438686755
ENSG00000001537	ADRB131	9.0849	0.1031	0.3511	0.7311226587926123	0.9844364438686755
ENSG00000000680	SKP76	5.6067	0.1645	0.3292	0.7472177031584298	0.9844364438686755
ENSG00000000696	MYO559	3.0665	-0.192	-0.3488	0.7328028752578866	0.9844364438686755
ENSG00000001433	DNMT317	3.9793	-0.1972	-0.3321	0.7451005697119859	0.9844364438686755
ENSG00000002271	ACTN625	2.4953	-0.2225	-0.3188	0.7549673555457221	0.9844364438686755
ENSG00000002284	MMP542	4.9241	0.2193	0.343	0.7370828680757232	0.9844364438686755
ENSG00000003574	PTPRC	3.9177	-0.1628	-0.3643	0.7214630730449445	0.9844364438686755
ENSG00000003004	EIF523	4.3003	0.1579	0.3399	0.739328623775729	0.9844364438686755
ENSG00000000064	SEC767	3.4865	0.1362	0.3237	0.7513397511450073	0.9844364438686755
ENSG00000003575	RPL652	1.4331	0.203	0.3553	0.7280350728182692	0.9844364438686755
ENSG00000002135	VCL743	3.1599	-0.2228	-0.3255	0.7499468103647055	0.9844364438686755
ENSG00000002137	OR574	6.9206	0.1117	0.3302	0.7465320565465292	0.9844364438686755
ENSG00000001187	SCN239	5.9245	0.1361	0.3291	0.7472851235833	0.9844364438686755
ENSG00000002588	SKP596	1.8929	0.2489	0.3172	0.7560944564839275	0.9844364438686755
ENSG00000001813	ARID637	3.8071	-0.2549	-0.3631	0.7223966712626919	0.9844364438686755
ENSG00000001079	TRIM825	6.8273	-0.1097	-0.3266	0.7492048412932777	0.9844364438686755
ENSG00000001390	CUL284	3.9734	0.1412	0.3598	0.7247595909384714	0.9844364438686755
ENSG00000002089	TLN423	1.3167	-0.214	-0.35	0.7319583551234359	0.9844364438686755
ENSG00000000081	TET194	6.436	-0.1346	-0.3322	0.7450370112901217	0.9844364438686755
ENSG00000003537	SIRT17	10.4012	-0.0597	-0.3488	0.7328263216852207	0.9844364438686755
ENSG00000000805	ADRB587	2.7246	0.1921	0.3235	0.7514840755687071	0.9844364438686755
ENSG00000001404	VPS473	5.2576	0.1143	0.3557	0.7277881575464284	0.9844364438686755
ENSG00000003321	KCN495	4.0228	0.2245	0.3358	0.7423583621360962	0.9844364438686755
ENSG00000003751	SCN201	6.13	-0.0973	-0.3315	0.7455628705373103	0.9844364438686755
ENSG00000001441	SPTB142	7.3529	-0.1021	-0.3362	0.7420797597221608	0.9844364438686755
ENSG00000001436	RPS259	7.017	0.0908	0.3235	0.7514863251376473	0.9844364438686755
ENSG00000001496	DYNC797	6.6945	-0.1236	-0.3322	0.7450277061610693	0.9844364438686755
ENSG00000000599	HIST1H121	6.0221	-0.1099	-0.3561	0.7274632321644736	0.9844364438686755
ENSG00000001542	CHRM79	3.195	0.1915	0.3533	0.7295546756432818	0.9844364438686755
ENSG00000000204	RNF188	4.3071	0.1596	0.3345	0.7433022613179315	0.9844364438686755
ENSG00000003221	DRD441	8.115	-0.0495	-0.3401	0.7392003070860762	0.9844364438686755
ENSG00000002185	FBXO434	2.8078	0.135	0.3443	0.7361124706117872	0.9844364438686755
ENSG00000001179	KDM709	4.0173	-0.2394	-0.3544	0.7287218932209875	0.9844364438686755
ENSG00000003308	DYNC664	3.1291	-0.2076	-0.3394	0.7397464914787703	0.9844364438686755
ENSG00000001096	UBE2628	4.2149	0.1908	0.3511	0.7311390247703595	0.9844364438686755
ENSG00000003175	RPS867	7.6093	0.0894	0.328	0.7481597177682597	0.9844364438686755
ENSG00000003807	VPS287	1.9505	0.2197	0.3499	0.7320403897071361	0.9844364438686755
ENSG00000003561	RAB800	2.4042	-0.2352	-0.3356	0.7425050976303718	0.9844364438686755
ENSG00000003554	ADAM352	8.9828	-0.0756	-0.3357	0.742419306839603	0.9844364438686755
ENSG00000002964	TIMM91	8.3645	0.0775	0.3253	0.7501068741172485	0.9844364438686755
ENSG00000002757	GRIN521	6.9954	-0.0903	-0.3345	0.7433338592391567	0.9844364438686755
ENSG00000002750	KMT2842	5.8599	-0.1121	-0.3288	0.747545133731224	0.9844364438686755
ENSG00000004107	RPS222	5.2144	0.1445	0.3588	0.7254975310580735	0.9844364438686755
ENSG00000004100	TLN200	5.0926	0.1393	0.335	0.7429860979504979	0.9844364438686755
ENSG00000002947	RPL84	6.2801	0.0951	0.3333	0.7442303012772187	0.9844364438686755
ENSG00000002776	PPP1R578	8.7092	-0.089	-0.3437	0.7365616250726468	0.9844364438686755
ENSG00000003199	VPS886	6.1093	-0.1829	-0.3221	0.7525191502754199	0.9844364438686755
ENSG00000000836	UBE2844	5.6971	-0.1124	-0.3485	0.7330766260365202	0.9844364438686755
ENSG00000002182	RNF437	2.8918	0.2118	0.3503	0.7317455311074017	0.9844364438686755
ENSG00000002929	DYNC803	3.4984	0.1323	0.3166	0.7565389012361788	0.9844364438686755
ENSG00000002201	SCN797	5.5189	-0.1146	-0.3325	0.7447874865815023	0.9844364438686755
ENSG00000003569	MRPL215	3.2757	0.2141	0.3168	0.7564357669697985	0.9844364438686755
ENSG00000004170	ADRB206	3.3506	0.1611	0.3332	0.7443068853575184	0.9844364438686755
ENSG00000003277	SPTB699	2.7429	0.3132	0.3644	0.7213878123889312	0.9844364438686755
ENSG00000001701	IGF1R	3.6107	-0.1713	-0.331	0.7459526950524631	0.9844364438686755
ENSG00000003604	KIF316	6.2791	0.1449	0.3622	0.723020317750384	0.9844364438686755
ENSG00000002792	RNF598	6.7925	0.1225	0.3223	0.7523794241268285	0.9844364438686755
ENSG00000002442	DUSP800	3.4443	0.139	0.3212	0.7531772602675567	0.9844364438686755
ENSG00000002527	SPTB269	8.1293	0.104	0.3359	0.7423275183762068	0.9844364438686755
ENSG00000002534	SMARC284	1.7143	-0.1991	-0.3504	0.7316191821116409	0.9844364438686755
ENSG00000002461	KMT2495	11.4847	-0.0651	-0.3233	0.7516081630319222	0.9844364438686755
ENSG00000001163	USP408	3.8182	0.1217	0.3265	0.7492535529081573	0.9844364438686755
ENSG00000004199	SUZ873	3.5821	-0.1914	-0.3221	0.7525267005716635	0.9844364438686755
ENSG00000000871	SUZ302	4.3352	0.1534	0.3598	0.7247745238468544	0.9844364438686755
ENSG00000001351	KIF146	2.1124	0.2185	0.3221	0.7524943345324829	0.9844364438686755
ENSG00000002069	PLC371	6.3432	0.1389	0.3174	0.7560059635145796	0.9844364438686755
ENSG00000003766	TIMM401	2.0944	0.2114	0.3231	0.751788110261797	0.9844364438686755
ENSG00000001358	MYO617	5.345	-0.1288	-0.3627	0.7226397470743544	0.9844364438686755
ENSG00000002151	PLC293	1.1605	-0.1872	-0.3225	0.7522154904317386	0.9844364438686755
ENSG00000004178	OR255	1.2988	0.157	0.3168	0.756436210598859	0.9844364438686755
ENSG00000000860	TMEM521	2.6348	0.192	0.3179	0.7556096574318434	0.9844364438686755
ENSG00000000918	ANK866	9.951	0.0552	0.3404	0.7389946991005735	0.9844364438686755
ENSG00000001145	ZNF868	1.4539	0.1793	0.3622	0.7230121598989458	0.9844364438686755
ENSG00000003281	HTR586	4.1847	-0.1488	-0.337	0.7415066413729471	0.9844364438686755
ENSG00000001522	SIRT215	3.6674	-0.1662	-0.3408	0.7387329759152361	0.9844364438686755
ENSG00000001135	SUZ591	2.0866	0.1921	0.3491	0.7325831470182977	0.9844364438686755
ENSG00000002166	OR892	3.2021	-0.1836	-0.3646	0.7212868432672063	0.9844364438686755
ENSG00000003224	UGT560	2.162	-0.205	-0.3196	0.7543394133038512	0.9844364438686755
ENSG00000003806	TMEM344	4.492	0.1769	0.3157	0.7572289660952138	0.9845447659439387
ENSG00000000615	GRIN676	6.0314	-0.0901	-0.3121	0.7599107083493299	0.9845447659439387
ENSG00000003682	ZNF316	6.2282	0.0993	0.3138	0.7586876636517849	0.9845447659439387
ENSG00000003141	RAB11FIP420	1.9741	-0.1661	-0.3124	0.7596651765502618	0.9845447659439387
ENSG00000003479	ANAPC57	3.8979	0.1222	0.3123	0.7597916530805661	0.9845447659439387
ENSG00000002691	CUL31	3.0415	0.228	0.3133	0.7590465929316759	0.9845447659439387
ENSG00000000218	CDKN2A	2.6469	0.227	0.3127	0.7594959607167364	0.9845447659439387
ENSG00000003836	HIST1H347	1.3894	-0.1586	-0.3132	0.7591152686476537	0.9845447659439387
ENSG00000003061	RPL407	4.1333	-0.1693	-0.3141	0.7584657164635625	0.9845447659439387
ENSG00000003445	CYP132	5.0145	-0.1248	-0.3156	0.7573331079955458	0.9845447659439387
ENSG00000001138	SPTB645	2.1921	0.2731	0.3127	0.7594586212432877	0.9845447659439387
ENSG00000002438	TUBB402	6.699	0.0803	0.3127	0.759482967314402	0.9845447659439387
ENSG00000003769	KCN866	7.5516	-0.0706	-0.314	0.7585281300995288	0.9845447659439387
ENSG00000002829	MYO867	3.8325	0.0981	0.3063	0.7641989340964975	0.984549621778493
ENSG00000003975	PLC264	5.8937	-0.1241	-0.303	0.7667212037048281	0.984549621778493
ENSG00000003266	TOMM59	3.4852	0.16	0.3068	0.7638462994708944	0.984549621778493
ENSG00000002449	ANAPC769	6.8149	-0.0848	-0.3098	0.7616520602013461	0.984549621778493
ENSG00000002149	SEC198	4.3648	-0.1341	-0.3058	0.764564162770462	0.984549621778493
ENSG00000000381	TET249	2.4224	-0.1511	-0.3027	0.7668766037524585	0.984549621778493
ENSG00000003706	HIST1H599	5.8423	0.1494	0.3073	0.7635149235907392	0.984549621778493
ENSG00000000403	ARF70	8.4069	0.0698	0.3048	0.7653340858511728	0.984549621778493
ENSG00000002483	SEC853	7.409	-0.1224	-0.3062	0.7643120984119747	0.984549621778493
ENSG00000001528	SEC565	6.9208	0.0881	0.3049	0.765288086317351	0.984549621778493
ENSG00000002783	SLC395	2.9963	-0.1925	-0.3026	0.7669775772775639	0.984549621778493
ENSG00000000172	TRIM332	3.1026	0.1453	0.3026	0.7669975470792372	0.984549621778493
ENSG00000002521	COPB100	1.638	0.1826	0.3066	0.7640246051091515	0.984549621778493
ENSG00000000148	ATAD646	5.4495	-0.1457	-0.3038	0.7660589252725618	0.984549621778493
ENSG00000001718	ATAD694	6.4096	-0.1142	-0.3046	0.7654570145023641	0.984549621778493
ENSG00000001878	MAPK497	1.5609	-0.1208	-0.3109	0.7608035813202249	0.984549621778493
ENSG00000000465	KIF555	6.4923	-0.1257	-0.3107	0.7609291963619152	0.984549621778493
ENSG00000002315	TRIM755	7.0484	0.0876	0.3092	0.7620897291839693	0.984549621778493
ENSG00000002093	ADRB723	7.0291	-0.0957	-0.3039	0.7660220273589927	0.984549621778493
ENSG00000003685	GABR728	3.3641	-0.1411	-0.3035	0.7663219535856359	0.984549621778493
ENSG00000003156	TOMM430	3.3434	0.2147	0.3061	0.7643519180538378	0.984549621778493
ENSG00000002601	ABC393	4.0536	-0.1387	-0.3073	0.7634527131152313	0.984549621778493
ENSG00000000355	RAB235	9.7151	-0.0679	-0.3074	0.7633846580095531	0.984549621778493
ENSG00000003676	GNA150	6.5176	-0.1112	-0.3027	0.7669387921826474	0.984549621778493
ENSG00000002868	SNX69	5.8622	-0.1141	-0.3077	0.7632015035599555	0.984549621778493
ENSG00000002387	DUSP754	9.0931	0.0627	0.3058	0.7645684355943076	0.984549621778493
ENSG00000001799	HDAC518	2.649	-0.1242	-0.3071	0.7636328914940046	0.984549621778493
ENSG00000000734	SCN785	3.9615	-0.1746	-0.3062	0.7642915082729734	0.984549621778493
ENSG00000002223	CYP559	6.2889	-0.1032	-0.3022	0.767274809074375	0.9845807968735468
ENSG00000000762	SPTB593	1.8722	0.1382	0.3015	0.7677815534463799	0.9849063302614735
ENSG00000001181	CUL697	5.6747	0.1027	0.3002	0.768776725448772	0.9852087637295425
ENSG00000001354	DHX385	4.8837	0.1424	0.3002	0.7687437884806909	0.9852087637295425
ENSG00000003388	PLC539	7.5296	-0.083	-0.3002	0.7687540992963567	0.9852087637295425
ENSG00000003267	SLC4	4.9044	-0.1503	-0.2996	0.7692249347360832	0.9854586721503739
ENSG00000003384	PXN884	9.7968	-0.0744	-0.2975	0.7707918037640165	0.9857894095965756
ENSG00000000212	ANAPC246	1.7572	0.141	0.2985	0.7700489913815709	0.9857894095965756
ENSG00000003148	DYNC544	3.352	-0.2405	-0.2979	0.7704797815498906	0.9857894095965756
ENSG00000000037	ABC647	10.458	-0.0351	-0.2969	0.7712561028318532	0.9857894095965756
ENSG00000003043	VPS171	2.4116	0.2206	0.2985	0.7700378285607713	0.9857894095965756
ENSG00000002114	CACN833	9.0765	0.0709	0.2971	0.771073363527324	0.9857894095965756
ENSG00000003408	DRD639	2.9298	0.1847	0.2976	0.770694905922932	0.9857894095965756
ENSG00000000479	CDC199	4.2053	-0.1704	-0.2962	0.7717878805159339	0.9861452498253497
ENSG00000001526	CDC150	5.0423	-0.1125	-0.2958	0.7720894142919064	0.9862067608874628
ENSG00000001987	ACTN164	4.2232	0.1424	0.2875	0.7782407092268058	0.9870275250724445
ENSG00000002795	COL888	3.3136	0.1679	0.2922	0.7747622313912143	0.9870275250724445
ENSG00000003805	RPL18	3.0193	-0.2007	-0.2876	0.7782050502627957	0.9870275250724445
ENSG00000000841	FBXO649	7.5201	0.0701	0.2912	0.7754727409689368	0.9870275250724445
ENSG00000002256	DHX624	1.8551	-0.1945	-0.2922	0.7747091940370446	0.9870275250724445
ENSG00000001489	PRKC792	4.487	-0.1186	-0.2945	0.773049859861342	0.9870275250724445
ENSG00000003206	CDC769	4.1992	-0.1582	-0.2873	0.7784161133519177	0.9870275250724445
ENSG00000003007	DUSP330	3.5157	-0.1489	-0.2872	0.7784512445659477	0.9870275250724445
ENSG00000003620	GABR398	6.7247	0.091	0.2927	0.7743632764334296	0.9870275250724445
ENSG00000003965	SLC689	1.9022	-0.2123	-0.2922	0.7747707013304337	0.9870275250724445
ENSG00000000646	SLC327	6.2044	-0.1062	-0.288	0.7778499036721331	0.9870275250724445
ENSG00000003822	TET820	6.6887	-0.1029	-0.287	0.7786262462260809	0.9870275250724445
ENSG00000003949	ADAM96	6.0166	-0.0915	-0.2857	0.779598113233525	0.9870275250724445
ENSG00000002326	DDX690	1.129	0.1274	0.2911	0.7755746328368924	0.9870275250724445
ENSG00000003134	KCN623	6.3585	-0.0843	-0.2861	0.7792750060738287	0.9870275250724445
ENSG00000003132	ANAPC164	3.807	-0.164	-0.292	0.7749104982813683	0.9870275250724445
ENSG00000001379	PLC708	2.4393	0.1548	0.2878	0.7780371793772882	0.9870275250724445
ENSG00000000217	KMT2691	6.0453	-0.1272	-0.2851	0.7800865023439978	0.9870275250724445
ENSG00000000767	TET386	4.8742	-0.1222	-0.2859	0.7794524927981163	0.9870275250724445
ENSG00000001017	RHO427	6.7105	-0.0602	-0.287	0.7786512870291712	0.9870275250724445
ENSG00000002343	COL646	3.2919	-0.1802	-0.2876	0.7781720852050897	0.9870275250724445
ENSG00000001874	GABR624	2.8572	0.1741	0.2887	0.7773570578451019	0.9870275250724445
ENSG00000003291	RPS748	2.4229	-0.1738	-0.2931	0.774087879373564	0.9870275250724445
ENSG00000000009	FBXO194	4.3747	-0.1605	-0.2864	0.7791148132981838	0.9870275250724445
ENSG00000003793	SUZ859	5.9762	0.1027	0.2851	0.7800360392389002	0.9870275250724445
ENSG00000004134	SNX720	2.0021	-0.1835	-0.2919	0.7749628848811143	0.9870275250724445
ENSG00000002799	ANAPC94	4.4747	0.1408	0.2912	0.7754606272869408	0.9870275250724445
ENSG00000001920	PPP2R843	6.6956	-0.1037	-0.2885	0.7775087136790956	0.9870275250724445
ENSG00000004174	RNF42	5.1178	-0.126	-0.289	0.7771456500508713	0.9870275250724445
ENSG00000002748	OR534	5.324	-0.0952	-0.2845	0.7804938116134972	0.9872219417613686
ENSG00000000966	KMT2674	1.5211	0.1499	0.2831	0.7815499341057741	0.9878673377488874
ENSG00000001578	KCN680	5.402	-0.1234	-0.2823	0.7821895124241185	0.9878673377488874
ENSG00000002760	EIF335	7.2465	0.0542	0.2811	0.7830466869218273	0.9878673377488874
ENSG00000001849	CHRM867	7.7473	-0.0837	-0.2809	0.7831725517695786	0.9878673377488874
ENSG00000000289	RPL398	5.635	-0.1147	-0.2808	0.783270049256245	0.9878673377488874
ENSG00000002183	TOMM755	9.3775	0.0952	0.2814	0.7828225871729397	0.9878673377488874
ENSG00000001117	EZH170	7.6545	0.0745	0.2825	0.7820345419309757	0.9878673377488874
ENSG00000003208	TUBB624	4.3342	-0.1243	-0.2808	0.7832884389242205	0.9878673377488874
ENSG00000001382	RAB11FIP476	1.8015	-0.1639	-0.2826	0.7819412939329746	0.9878673377488874
ENSG00000004086	KRT261	1.7181	0.1582	0.2795	0.7842306710884084	0.9884150815660898
ENSG00000003313	ACTN801	7.704	-0.0734	-0.2796	0.7841762677662394	0.9884150815660898
ENSG00000002490	RPS597	2.5365	-0.1951	-0.256	0.8019889340569805	0.9885247112740813
ENSG00000003269	DDX614	4.1915	0.1158	0.269	0.7921334862914191	0.9885247112740813
ENSG00000002825	DUSP329	4.1832	-0.1467	-0.2669	0.7937060613229678	0.9885247112740813
ENSG00000002912	SNX737	7.544	-0.0479	-0.2706	0.7909344425530485	0.9885247112740813
ENSG00000000410	ANAPC779	6.9522	0.0474	0.2655	0.7948184005303306	0.9885247112740813
ENSG00000002754	CHRM468	8.4829	-0.0468	-0.2776	0.7857078156179331	0.9885247112740813
ENSG00000002539	MTOR	2.2179	0.1946	0.2729	0.7892019589097533	0.9885247112740813
ENSG00000002958	HTR611	2.9005	-0.1577	-0.2788	0.78474892382919	0.9885247112740813
ENSG00000001112	DNMT361	6.9853	0.0729	0.2591	0.7996138758063609	0.9885247112740813
ENSG00000003609	CUL134	2.1517	-0.1653	-0.2688	0.7923162246076739	0.9885247112740813
ENSG00000001885	HDAC473	3.2263	-0.1806	-0.2551	0.8026193199298193	0.9885247112740813
ENSG00000001357	SPTB816	3.9643	-0.1515	-0.2769	0.7862381893855604	0.9885247112740813
ENSG00000003520	EIF721	1.0905	0.0854	0.2603	0.7987031225056602	0.9885247112740813
ENSG00000001297	HTR848	2.3919	0.1177	0.2702	0.791218097950396	0.9885247112740813
ENSG00000002717	KMT2398	9.0845	0.0568	0.2684	0.7926292871415269	0.9885247112740813
ENSG00000003576	PARP1	8.4184	0.0767	0.2732	0.7889862556531495	0.9885247112740813
ENSG00000000591	CDC331	7.2346	0.0742	0.2745	0.7880493021405353	0.9885247112740813
ENSG00000004088	PRKC610	0.9828	-0.1402	-0.2726	0.7894738401333802	0.9885247112740813
ENSG00000000206	TRIM30	10.1248	-0.0808	-0.2715	0.7902403921704246	0.9885247112740813
ENSG00000000790	UGT309	4.7444	-0.1077	-0.2596	0.7992287172987932	0.9885247112740813
ENSG00000001482	SUZ227	1.9998	-0.1758	-0.2686	0.7924718652073807	0.9885247112740813
ENSG00000001897	KCN234	8.087	0.0602	0.2774	0.7858506980892994	0.9885247112740813
ENSG00000000688	DNMT663	6.8193	-0.0822	-0.2603	0.7987416422472736	0.9885247112740813
ENSG00000003741	GRIN829	5.046	0.105	0.2721	0.7897814100968108	0.9885247112740813
ENSG00000003671	SLC461	4.1714	0.107	0.2667	0.7938467841161838	0.9885247112740813
ENSG00000002062	CYP8	2.2932	0.1776	0.2673	0.7934012617144072	0.9885247112740813
ENSG00000001412	MRPL229	3.7729	0.1491	0.266	0.7943751645193161	0.9885247112740813
ENSG00000001408	ATAD688	2.1118	0.2067	0.2594	0.7994239774285121	0.9885247112740813
ENSG00000000075	RAB692	9.5076	0.0695	0.2629	0.7967517826031523	0.9885247112740813
ENSG00000003078	KIF55	2.2966	-0.1359	-0.2744	0.7880615341385422	0.9885247112740813
ENSG00000000765	SLC403	1.6703	0.1334	0.2622	0.7972769174306469	0.9885247112740813
ENSG00000002427	SIRT109	1.9231	-0.2015	-0.2585	0.8000467111209011	0.9885247112740813
ENSG00000003632	SUZ119	10.0072	-0.0636	-0.2773	0.7859333955334338	0.9885247112740813
ENSG00000000014	KRT380	9.2889	0.0514	0.2595	0.7992868263106929	0.9885247112740813
ENSG00000003663	BRD852	5.6082	0.1229	0.2569	0.8012992584240446	0.9885247112740813
ENSG00000000666	SPTB507	2.5273	0.1798	0.264	0.7958931776120148	0.9885247112740813
ENSG00000003316	MYO149	6.9181	-0.07	-0.2619	0.7975022272768164	0.9885247112740813
ENSG00000001635	SEC564	2.9349	0.1837	0.2579	0.8005569896236415	0.9885247112740813
ENSG00000001626	DRD410	4.1432	-0.1377	-0.2592	0.7995446593780984	0.9885247112740813
ENSG00000004139	DRD691	3.4543	-0.1472	-0.2711	0.7906078735680439	0.9885247112740813
ENSG00000000273	FZD7	4.4812	0.0906	0.2629	0.7967349094062809	0.9885247112740813
ENSG00000000263	KMT2336	7.9555	0.0898	0.2681	0.7928268076611122	0.9885247112740813
ENSG00000002006	ZNF372	2.9549	-0.1785	-0.2699	0.7914778701685408	0.9885247112740813
ENSG00000003583	VPS236	6.0595	-0.064	-0.2659	0.7944870708247331	0.9885247112740813
ENSG00000002389	USP432	2.0965	-0.1402	-0.2548	0.8028903920133644	0.9885247112740813
ENSG00000004037	DHX292	6.6378	-0.081	-0.2661	0.7943454858386352	0.9885247112740813
ENSG00000003369	GRIN144	1.9677	-0.1649	-0.2546	0.8029851471315826	0.9885247112740813
ENSG00000000737	TRIM736	2.2762	-0.194	-0.257	0.8011750385539386	0.9885247112740813
ENSG00000000492	SPTB579	4.7446	-0.1073	-0.2546	0.8029979465025237	0.9885247112740813
ENSG00000001378	TOMM612	4.9959	-0.1738	-0.2607	0.7983749658417127	0.9885247112740813
ENSG00000003513	MRPS675	5.8118	-0.0775	-0.2569	0.8012765844421075	0.9885247112740813
ENSG00000001235	KCN36	2.6116	-0.1883	-0.2653	0.7949723978847436	0.9885247112740813
ENSG00000002403	SUZ851	5.5022	-0.1408	-0.266	0.7944053998287993	0.9885247112740813
ENSG00000000313	DRD171	7.1419	-0.0997	-0.257	0.8011846475735585	0.9885247112740813
ENSG00000002081	UBE238	10.0814	0.0513	0.2676	0.7932241808345171	0.9885247112740813
ENSG00000003136	COPB363	8.1886	0.0668	0.2579	0.8005553402326123	0.9885247112740813
ENSG00000004017	VPS603	7.6338	0.0654	0.2545	0.8031128306908132	0.9885247112740813
ENSG00000001797	PLC295	8.2343	-0.0906	-0.2702	0.7912761423072376	0.9885247112740813
ENSG00000002408	GNA433	4.8024	-0.1214	-0.2699	0.7914713541514298	0.9885247112740813
ENSG00000002669	TOMM561	4.5651	0.1865	0.263	0.7967065826505925	0.9885247112740813
ENSG00000004177	HIST1H576	6.8591	0.0742	0.2624	0.7971029460711005	0.9885247112740813
ENSG00000004184	VPS95	6.5661	-0.0798	-0.2548	0.8028728204310674	0.9885247112740813
ENSG00000003097	PRKC470	5.0155	-0.1138	-0.2707	0.7908831776728142	0.9885247112740813
ENSG00000002390	MMP190	4.8402	-0.1053	-0.2727	0.7893300781171644	0.9885247112740813
ENSG00000001061	PRKC130	7.7525	-0.0731	-0.2547	0.8029765617634645	0.9885247112740813
ENSG00000001807	TLN646	5.4537	0.0895	0.2578	0.8006182661004732	0.9885247112740813
ENSG00000003911	ZNF273	3.4228	-0.2053	-0.2702	0.7912849777000355	0.9885247112740813
ENSG00000003880	PRDX1	2.2238	0.1674	0.2617	0.7976673544754131	0.9885247112740813
ENSG00000000850	CS	3.5283	0.1649	0.262	0.797447335750046	0.9885247112740813
ENSG00000003239	UBE247	6.0998	0.1035	0.2632	0.796555938675912	0.9885247112740813
ENSG00000002865	SEC558	3.4816	0.132	0.2636	0.7962467875685959	0.9885247112740813
ENSG00000000027	PLC858	4.4625	0.1023	0.258	0.8004483954605806	0.9885247112740813
ENSG00000002809	COPB839	3.6509	-0.1638	-0.2561	0.8019110139366902	0.9885247112740813
ENSG00000000039	ARID178	8.4438	0.0769	0.2636	0.7962533987515933	0.9885247112740813
ENSG00000000682	ANK514	6.0348	0.0835	0.2535	0.8038736446933082	0.9888357222333615
ENSG00000002945	HIST1H773	5.5926	-0.0972	-0.2536	0.80379405665957	0.9888357222333615
ENSG00000000641	UBE2485	5.5123	0.0922	0.252	0.8049696307465943	0.9888737888040338
ENSG00000003295	RAB11FIP276	3.0872	0.143	0.2503	0.8062795345890819	0.9888737888040338
ENSG00000001604	ABC726	6.0887	-0.0625	-0.2505	0.8060912700122402	0.9888737888040338
ENSG00000000985	ABC597	10.383	0.0528	0.2501	0.8064453765837624	0.9888737888040338
ENSG00000002675	DHX384	5.3527	-0.0967	-0.2527	0.8044290954753147	0.9888737888040338
ENSG00000000100	RNF711	6.3886	-0.1179	-0.2517	0.8051780079277198	0.9888737888040338
ENSG00000002584	MAPK232	7.0053	0.0708	0.2504	0.8062092306552586	0.9888737888040338
ENSG00000002721	ADRB730	6.4741	0.1194	0.2531	0.8041845810396956	0.9888737888040338
ENSG00000002807	SMARC387	1.5523	-0.1575	-0.2521	0.8048743943175889	0.9888737888040338
ENSG00000002814	COPB415	1.3858	0.1576	0.2511	0.8056926285458466	0.9888737888040338
ENSG00000000080	MYO434	7.6881	0.0555	0.2495	0.8068510402076436	0.9889117866791389
ENSG00000003317	RPS723	5.8161	0.0832	0.2494	0.8069845412366251	0.9889117866791389
ENSG00000003198	UGT541	5.2819	0.0818	0.2489	0.8073340514476041	0.9890286837375118
ENSG00000003412	ANAPC65	10.6823	-0.0587	-0.248	0.808019160024215	0.9893367532118018
ENSG00000003669	BCL2	8.2206	-0.0628	-0.2479	0.8080939204677076	0.9893367532118018
ENSG00000002806	EIF291	4.0133	0.1481	0.2475	0.8083794602649083	0.9893751130034664
ENSG00000003170	CACN106	8.9631	-0.0448	-0.2469	0.8088791123777256	0.9896754182251204
ENSG00000001387	TOMM374	2.8936	0.1463	0.2461	0.8094434493937469	0.9898245065381146
ENSG00000002126	COPB729	4.5965	-0.1527	-0.246	0.809509610562903	0.9898245065381146
ENSG00000000833	SKP622	2.8694	-0.1476	-0.2443	0.8108386516167465	0.9911382010340382
ENSG00000000695	DNMT183	8.3175	-0.0771	-0.2432	0.8116772902806719	0.9918439472673954
ENSG00000000757	ADAM626	2.9082	0.0999	0.2428	0.8119256978401649	0.9918439472673954
ENSG00000003258	ANK883	6.268	-0.0819	-0.2416	0.8128305469048493	0.9926377435060162
ENSG00000001407	ARF162	2.3113	0.1592	0.2408	0.8134368848271027	0.9930666109620715
ENSG00000000134	ZNF426	3.561	-0.1298	-0.2397	0.8143021198615562	0.9931882953623243
ENSG00000003174	UGT898	5.3637	-0.0839	-0.2403	0.8138286231615345	0.9931882953623243
ENSG00000001238	EIF823	1.3953	-0.1213	-0.2399	0.8141265004815095	0.9931882953623243
ENSG00000003985	SIRT501	5.7134	-0.0424	-0.2387	0.8150419011898549	0.9937791602227178
ENSG00000004014	DYNC247	4.8629	0.0979	0.2265	0.8243322549694756	0.9941789521044826
ENSG00000004015	TUBB748	6.2732	-0.0851	-0.2282	0.8230436546521989	0.9941789521044826
ENSG00000000035	VCL761	4.8538	-0.0825	-0.2237	0.8265009817300805	0.9941789521044826
ENSG00000004154	CCNB633	4.0573	0.1271	0.2276	0.8234724510972028	0.9941789521044826
ENSG00000000974	CUL882	5.3637	0.1056	0.2209	0.8285785458521029	0.9941789521044826
ENSG00000000806	CYP234	10.3074	-0.0622	-0.2319	0.82020744771805	0.9941789521044826
ENSG00000003802	PXN532	4.3478	-0.0938	-0.2265	0.824319547938213	0.9941789521044826
ENSG00000002208	GABR827	6.0346	-0.0854	-0.2214	0.8282496174481183	0.9941789521044826
ENSG00000000203	TMEM169	3.3629	-0.1833	-0.2329	0.8194295696239945	0.9941789521044826
ENSG00000000192	SEC164	4.1665	0.1081	0.2213	0.8283299842256449	0.9941789521044826
ENSG00000002794	DYNC697	4.5676	-0.1076	-0.2328	0.8195355281461714	0.9941789521044826
ENSG00000003995	KRT534	8.5854	0.0753	0.2258	0.8249043332753181	0.9941789521044826
ENSG00000003919	OR102	3.0355	-0.1385	-0.2269	0.8240677885913642	0.9941789521044826
ENSG00000000815	MRPL744	6.0127	-0.1288	-0.2292	0.8222855701687138	0.9941789521044826
ENSG00000002037	USP842	9.3306	0.047	0.225	0.8254441520070617	0.9941789521044826
ENSG00000001321	GNA271	8.7617	-0.0553	-0.2273	0.8236916180894527	0.9941789521044826
ENSG00000002195	COL748	8.7293	0.0659	0.2224	0.8274933147834183	0.9941789521044826
ENSG00000001331	SPTB288	5.8587	0.0813	0.2276	0.8235125393564674	0.9941789521044826
ENSG00000000272	TRIM434	2.0073	-0.1133	-0.2205	0.8288944753694827	0.9941789521044826
ENSG00000000506	ADAM894	6.2119	0.0615	0.2287	0.8226590640704149	0.9941789521044826
ENSG00000002443	BMP2	2.9155	0.183	0.2371	0.8162801407610374	0.9941789521044826
ENSG00000002565	ADRB451	6.1911	0.0618	0.2305	0.8212826213435536	0.9941789521044826
ENSG00000003131	GABR364	8.5844	-0.0481	-0.2248	0.8255959909150102	0.9941789521044826
ENSG00000002789	RAB560	1.7166	-0.1444	-0.2202	0.8291636378548691	0.9941789521044826
ENSG00000000655	ABC727	6.1896	-0.0752	-0.2355	0.8175253668616772	0.9941789521044826
ENSG00000000610	ZNF204	4.1184	-0.1025	-0.2329	0.8194285610790512	0.9941789521044826
ENSG00000004045	TUBB88	8.5595	-0.0606	-0.2216	0.8280303700950087	0.9941789521044826
ENSG00000000724	PPP1R515	6.6033	-0.0703	-0.2364	0.8167872086890217	0.9941789521044826
ENSG00000002506	MRPS31	4.4155	-0.1103	-0.2265	0.8243123098818543	0.9941789521044826
ENSG00000003422	RNF179	5.4881	0.1088	0.2304	0.8213660204327908	0.9941789521044826
ENSG00000003103	KMT2735	4.3095	-0.1656	-0.2306	0.8212376457283131	0.9941789521044826
ENSG00000000521	DYNC298	6.0696	-0.0902	-0.2348	0.8180378840795447	0.9941789521044826
ENSG00000001475	RHO74	4.8597	0.1166	0.2276	0.8234642071501288	0.9941789521044826
ENSG00000000211	MMP214	5.546	0.0921	0.2321	0.820097708230732	0.9941789521044826
ENSG00000003881	HIST1H365	6.5154	-0.0682	-0.2349	0.8179307514522016	0.9941789521044826
ENSG00000000914	SPTB576	2.8849	-0.1399	-0.2377	0.8158472139691697	0.9941789521044826
ENSG00000001967	CYP323	3.46	0.135	0.2206	0.8288580980511941	0.9941789521044826
ENSG00000002289	KDM320	4.1479	0.1374	0.2233	0.8267770502251148	0.9941789521044826
ENSG00000002302	ARF608	3.3527	-0.1441	-0.2235	0.8266326113077842	0.9941789521044826
ENSG00000002688	H2AF590	3.4228	-0.0931	-0.2325	0.8197875619487998	0.9941789521044826
ENSG00000001997	VPS183	7.02	0.0674	0.2306	0.8211780627007539	0.9941789521044826
ENSG00000003829	MMP767	3.5108	0.1441	0.2251	0.8254289117035507	0.9941789521044826
ENSG00000001757	COPB369	6.4274	0.0652	0.2203	0.8290328127616025	0.9941789521044826
ENSG00000001740	PLC64	6.8515	-0.0955	-0.2339	0.8186705038946391	0.9941789521044826
ENSG00000003994	RAB11FIP235	12.1668	-0.0486	-0.2299	0.821724502150706	0.9941789521044826
ENSG00000000333	COPB887	3.9501	0.132	0.2288	0.8225931993303084	0.9941789521044826
ENSG00000004050	DDX416	4.3163	0.0944	0.2332	0.819234723186707	0.9941789521044826
ENSG00000002413	CDC799	4.7102	-0.1055	-0.2302	0.8215534058629239	0.9941789521044826
ENSG00000003347	PRKC473	8.7369	0.0484	0.2334	0.8190699659738283	0.9941789521044826
ENSG00000002123	ATAD756	3.8565	-0.1337	-0.2209	0.8286021443044717	0.9941789521044826
ENSG00000000590	ADRB295	4.0139	0.0919	0.2337	0.8188482682354951	0.9941789521044826
ENSG00000003133	DYNC696	2.3338	-0.1077	-0.2223	0.8275604683976584	0.9941789521044826
ENSG00000000928	KCN845	6.137	0.0717	0.2358	0.8172932073841628	0.9941789521044826
ENSG00000003254	ZNF117	3.7639	-0.1322	-0.2257	0.8249423906317845	0.9941789521044826
ENSG00000002741	KDM552	5.0135	0.127	0.2189	0.8301186632316714	0.9942692476184335
ENSG00000001741	TMEM420	6.8838	-0.1098	-0.2187	0.8302608054367699	0.9942692476184335
ENSG00000003147	DDX895	5.6345	-0.103	-0.2194	0.8297396500194582	0.9942692476184335
ENSG00000001487	EZH274	3.1698	0.1273	0.2191	0.8299592096725066	0.9942692476184335
ENSG00000000323	SPTB623	8.48	-0.0656	-0.2183	0.8306030757786155	0.9943731685421013
ENSG00000001773	VCL155	2.9166	-0.1381	-0.2174	0.831298707047575	0.9948999286067534
ENSG00000001455	TOMM171	9.7932	0.0714	0.2169	0.8316843336157277	0.9949694358456429
ENSG00000002634	TMEM452	8.073	-0.0626	-0.2166	0.8318680740600519	0.9949694358456429
ENSG00000003001	USP439	4.4202	-0.1539	-0.2155	0.8327598234256264	0.9951185854382985
ENSG00000003559	CCNB179	2.1152	0.1097	0.2157	0.8325535558159438	0.9951185854382985
ENSG00000003523	UGT459	10.1237	0.0601	0.2161	0.8323016595011689	0.9951185854382985
ENSG00000003967	SMARC850	4.4004	-0.0604	-0.1769	0.8623440517364098	0.9951525884903107
ENSG00000003962	SPTB23	5.8901	-0.0662	-0.1767	0.8624313208677613	0.9951525884903107
ENSG00000003280	EZH317	7.5013	-0.067	-0.1712	0.866697083753388	0.9951525884903107
ENSG00000002493	DDX37	8.2249	0.0607	0.1854	0.8558082674905639	0.9951525884903107
ENSG00000002519	SUZ60	5.9715	-0.0799	-0.1949	0.848495618449546	0.9951525884903107
ENSG00000000399	MAPK845	7.2803	0.0713	0.1654	0.871175447306269	0.9951525884903107
ENSG00000002044	ABC549	7.4164	-0.058	-0.1855	0.8556943309895909	0.9951525884903107
ENSG00000002040	DNMT804	7.8104	-0.0576	-0.211	0.8361479198123938	0.9951525884903107
ENSG00000002074	TMEM291	2.9047	-0.1012	-0.1859	0.85538808761714	0.9951525884903107
ENSG00000002067	CHRM848	3.7622	-0.0891	-0.2029	0.8423778747437902	0.9951525884903107
ENSG00000002144	RHO721	3.9434	-0.0817	-0.2059	0.840053280738883	0.9951525884903107
ENSG00000000380	DYNC403	10.2226	0.0303	0.1859	0.8554128948380275	0.9951525884903107
ENSG00000003714	TMEM334	4.6621	0.0711	0.1857	0.8555170058530543	0.9951525884903107
ENSG00000002853	RHO597	2.3629	0.0954	0.1705	0.8672180974998942	0.9951525884903107
ENSG00000000016	GABR654	8.7983	-0.0539	-0.1974	0.8465300461284575	0.9951525884903107
ENSG00000000015	GABR136	1.3587	-0.0875	-0.1727	0.8655451016776777	0.9951525884903107
ENSG00000004172	MYO440	3.0183	0.1604	0.2118	0.8355338506704502	0.9951525884903107
ENSG00000002821	TET791	6.1841	-0.0593	-0.1911	0.8513950424346847	0.9951525884903107
ENSG00000002509	TUBB817	8.9436	0.0471	0.2085	0.8380802194310629	0.9951525884903107
ENSG00000003238	SMARC584	1.5532	0.0974	0.1914	0.8511617697696199	0.9951525884903107
ENSG00000002840	TRIM359	6.1872	-0.0474	-0.184	0.8568864279325271	0.9951525884903107
ENSG00000000369	EIF211	6.634	-0.0519	-0.1686	0.868713922881212	0.9951525884903107
ENSG00000001361	SUZ134	3.0865	0.0897	0.1777	0.8617157207797146	0.9951525884903107
ENSG00000000922	KIF267	7.1957	0.055	0.2127	0.8348300025036517	0.9951525884903107
ENSG00000002893	DUSP205	7.6567	0.0412	0.1702	0.8674457037999158	0.9951525884903107
ENSG00000002596	SLC320	3.9842	-0.0841	-0.1998	0.8447301532085492	0.9951525884903107
ENSG00000002593	TIMM649	9.5355	0.0514	0.2029	0.8423655110343631	0.9951525884903107
ENSG00000003729	DNMT174	3.4379	-0.113	-0.2052	0.8406261908584335	0.9951525884903107
ENSG00000002096	ANK563	6.9746	0.0465	0.1774	0.8618943616874347	0.9951525884903107
ENSG00000001241	GABR415	9.1922	-0.0615	-0.2035	0.8419179895798414	0.9951525884903107
ENSG00000001256	CCNB514	5.8855	-0.0517	-0.1785	0.8610692530403923	0.9951525884903107
ENSG00000000236	PPP2R721	5.5567	-0.1212	-0.2086	0.83797926536755	0.9951525884903107
ENSG00000002574	ABC49	5.7777	-0.0684	-0.1694	0.8681127164469226	0.9951525884903107
ENSG00000002133	CHRM143	4.1761	0.079	0.174	0.8645278253523012	0.9951525884903107
ENSG00000000105	EIF472	3.6129	0.1477	0.1901	0.8521949229192369	0.9951525884903107
ENSG00000003854	TIMM122	5.0367	0.1024	0.181	0.8591785108508294	0.9951525884903107
ENSG00000001993	RAB187	7.0763	-0.0676	-0.172	0.8660651096092665	0.9951525884903107
ENSG00000000245	TOMM503	3.5873	-0.0861	-0.1716	0.8663810247537389	0.9951525884903107
ENSG00000001749	HIST1H552	7.3055	-0.0562	-0.2051	0.8406581538829543	0.9951525884903107
ENSG00000002696	CYP606	2.5649	0.1099	0.2035	0.8419260336215173	0.9951525884903107
ENSG00000003501	EIF856	4.5	-0.0847	-0.1978	0.8462871063381996	0.9951525884903107
ENSG00000002692	ACTN10	5.2355	-0.09	-0.214	0.8338703794257833	0.9951525884903107
ENSG00000000770	KMT2612	6.8547	-0.0404	-0.1698	0.8677615604703883	0.9951525884903107
ENSG00000001286	EZH597	8.1842	0.0497	0.209	0.837686157110894	0.9951525884903107
ENSG00000002446	DDX490	2.0777	0.1344	0.1886	0.8533520853230797	0.9951525884903107
ENSG00000001279	GRIN522	2.3011	-0.0906	-0.1911	0.8513866242209112	0.9951525884903107
ENSG00000002310	DDX304	7.6549	0.0435	0.1982	0.8459839795978714	0.9951525884903107
ENSG00000002312	DUSP259	3.0711	-0.0855	-0.163	0.8730241890195302	0.9951525884903107
ENSG00000003012	PPP1R90	3.3039	-0.1085	-0.1674	0.8696500580930527	0.9951525884903107
ENSG00000002714	SNX490	9.1378	0.0333	0.1794	0.8604144455689677	0.9951525884903107
ENSG00000000592	SIRT266	2.9813	-0.1093	-0.2031	0.8422015126044589	0.9951525884903107
ENSG00000000094	TUBB861	4.3734	-0.1051	-0.1666	0.8702388226590638	0.9951525884903107
ENSG00000000999	CYP842	7.5917	-0.0629	-0.1817	0.8586098541446059	0.9951525884903107
ENSG00000000754	GRIN188	3.5929	-0.1127	-0.1758	0.8631395273987825	0.9951525884903107
ENSG00000001445	VPS863	5.7627	-0.0378	-0.2072	0.8390356130194319	0.9951525884903107
ENSG00000001383	GPX1	6.7406	0.054	0.1762	0.8628527324577211	0.9951525884903107
ENSG00000000979	HDAC292	6.8408	0.0414	0.1989	0.8453877716482512	0.9951525884903107
ENSG00000002431	TIMM535	11.1573	-0.0321	-0.1632	0.8728856856464421	0.9951525884903107
ENSG00000001598	MRPS643	3.0864	-0.1306	-0.1944	0.848839680465307	0.9951525884903107
ENSG00000002253	ADRB434	4.294	0.0887	0.1721	0.8660236380101692	0.9951525884903107
ENSG00000002240	PRKC270	1.6325	-0.1314	-0.1735	0.8649651024773882	0.9951525884903107
ENSG00000002246	SIRT539	5.0481	-0.1274	-0.2072	0.839052045375415	0.9951525884903107
ENSG00000002978	GNA209	2.6993	-0.1091	-0.185	0.8561005770029927	0.9951525884903107
ENSG00000002979	RAB672	5.1227	0.1118	0.1955	0.8480327110255614	0.9951525884903107
ENSG00000000389	RAB153	5.1618	0.0896	0.2018	0.8431844418836321	0.9951525884903107
ENSG00000003603	TMEM167	4.894	0.0744	0.1794	0.8603979826158004	0.9951525884903107
ENSG00000000820	SLC399	2.1765	-0.1194	-0.1828	0.8577981584414112	0.9951525884903107
ENSG00000000822	SMARC113	3.2495	-0.1238	-0.1851	0.8559919260072586	0.9951525884903107
ENSG00000002796	DYNC837	9.6191	0.0295	0.1752	0.8635933550200143	0.9951525884903107
ENSG00000002797	OR833	3.9561	-0.0834	-0.1843	0.8565907606045129	0.9951525884903107
ENSG00000004090	CDK4	3.1068	0.0901	0.1745	0.8641893641337249	0.9951525884903107
ENSG00000002762	CDC74	2.515	-0.1042	-0.1819	0.8584809727351104	0.9951525884903107
ENSG00000003913	SKP595	5.768	-0.0693	-0.1945	0.8487997654996293	0.9951525884903107
ENSG00000003146	MYO716	6.3948	-0.052	-0.1907	0.8516918719292553	0.9951525884903107
ENSG00000002615	RNF508	4.3789	-0.0591	-0.2021	0.8429653494884762	0.9951525884903107
ENSG00000000554	OR136	3.7016	0.1303	0.198	0.8461119480848591	0.9951525884903107
ENSG00000003361	ARF181	3.1764	-0.1357	-0.1729	0.8654310756575404	0.9951525884903107
ENSG00000002409	CYP645	2.2737	-0.1047	-0.2021	0.8429985654791877	0.9951525884903107
ENSG00000003070	GABR882	6.0105	-0.07	-0.1727	0.8655108551594604	0.9951525884903107
ENSG00000001568	EZH66	6.3414	-0.0529	-0.1694	0.8681078190988483	0.9951525884903107
ENSG00000001769	SKP448	0.8529	0.0843	0.1913	0.8512494423252885	0.9951525884903107
ENSG00000000110	TUBB820	3.2396	-0.1164	-0.2079	0.8385162899401868	0.9951525884903107
ENSG00000003475	ANAPC43	2.3214	-0.1331	-0.1946	0.8487013921768279	0.9951525884903107
ENSG00000003469	TMEM721	7.0866	-0.0476	-0.1694	0.8680827511099921	0.9951525884903107
ENSG00000000687	ADAM134	5.8548	0.0767	0.2096	0.8372636009749662	0.9951525884903107
ENSG00000003168	UGT431	2.1074	-0.1323	-0.1814	0.8588545121995944	0.9951525884903107
ENSG00000003167	SNX23	8.4351	0.054	0.2053	0.8404949123825884	0.9951525884903107
ENSG00000001493	ATAD466	1.5174	-0.1198	-0.1749	0.8638808656931416	0.9951525884903107
ENSG00000001410	ANK759	6.1992	-0.0787	-0.165	0.8714811569832083	0.9951525884903107
ENSG00000001481	HIST1H683	1.5899	-0.1301	-0.1947	0.8486281665671165	0.9951525884903107
ENSG00000003815	ANK713	1.8181	0.1115	0.1655	0.8711240948815286	0.9951525884903107
ENSG00000003550	ATAD844	5.0066	0.0615	0.1893	0.85279738955563	0.9951525884903107
ENSG00000000155	MRPL75	6.7274	0.0489	0.1864	0.8550417741111908	0.9951525884903107
ENSG00000003987	SUZ224	2.3219	0.1256	0.1733	0.8650538677363033	0.9951525884903107
ENSG00000002977	TLN107	2.5138	0.116	0.2032	0.842105523581667	0.9951525884903107
ENSG00000001863	CHRM610	7.3846	-0.0536	-0.1962	0.8475179882720947	0.9951525884903107
ENSG00000000835	PPP2R543	8.6327	-0.0446	-0.1864	0.8549876000298792	0.9951525884903107
ENSG00000002531	ACTN482	6.1229	-0.0567	-0.1907	0.8517225927149064	0.9951525884903107
ENSG00000001944	TUBB20	4.6545	0.0776	0.1796	0.8602449153372334	0.9951525884903107
ENSG00000001936	ANAPC372	1.8182	-0.1292	-0.2148	0.8332673395671734	0.9951525884903107
ENSG00000001935	ANAPC101	4.1772	-0.1118	-0.1993	0.8451078539242043	0.9951525884903107
ENSG00000002359	PPP1R210	1.1185	0.0851	0.166	0.8707413770454233	0.9951525884903107
ENSG00000000428	DUSP64	3.148	0.0885	0.1628	0.8731875872801673	0.9951525884903107
ENSG00000002346	RNF7	8.0918	-0.032	-0.178	0.8614522546346419	0.9951525884903107
ENSG00000002672	MMP20	3.32	-0.1438	-0.2041	0.8414185694158915	0.9951525884903107
ENSG00000003443	RNF515	6.7608	0.0635	0.1995	0.8449274018145664	0.9951525884903107
ENSG00000003088	ACTN563	2.4679	-0.1369	-0.176	0.8630065944942918	0.9951525884903107
ENSG00000000729	H2AF753	2.4255	-0.0995	-0.2115	0.8358012403921862	0.9951525884903107
ENSG00000002667	FASN	3.3706	-0.0654	-0.1674	0.8696617186360437	0.9951525884903107
ENSG00000001034	DDX222	3.7693	-0.0948	-0.1819	0.8584290957806349	0.9951525884903107
ENSG00000001466	MYO236	6.3231	0.0507	0.1636	0.8726005235535755	0.9951525884903107
ENSG00000000505	MDM2	1.2952	-0.119	-0.2051	0.8406346791596153	0.9951525884903107
ENSG00000003998	RAB842	6.2747	-0.0648	-0.1952	0.8482661685926763	0.9951525884903107
ENSG00000001057	VPS808	4.1238	0.108	0.2074	0.838937774487363	0.9951525884903107
ENSG00000001323	RPS448	2.6293	-0.117	-0.169	0.8683692703102718	0.9951525884903107
ENSG00000003593	TLN55	2.3319	-0.1138	-0.182	0.8584237533617528	0.9951525884903107
ENSG00000003787	RPS560	4.0902	0.0479	0.1632	0.8728432934433824	0.9951525884903107
ENSG00000000267	KIF281	5.802	-0.0788	-0.1839	0.8569265173403535	0.9951525884903107
ENSG00000003249	ABC544	6.1193	0.0846	0.2046	0.8410349664327679	0.9951525884903107
ENSG00000003250	GABR300	7.7129	-0.0539	-0.1725	0.8656717751941316	0.9951525884903107
ENSG00000004031	SPTB473	4.7438	0.0864	0.1694	0.8681247821840614	0.9951525884903107
ENSG00000004033	PRKC770	4.3233	0.0771	0.1668	0.8700831274157067	0.9951525884903107
ENSG00000001552	COPB315	3.8001	0.0761	0.2023	0.8428081599327157	0.9951525884903107
ENSG00000001783	ADAM841	6.4838	0.0704	0.1952	0.8482335058000021	0.9951525884903107
ENSG00000002628	VPS337	4.7319	-0.0871	-0.1645	0.8718634011036062	0.9951525884903107
ENSG00000002398	GRIN530	9.11	0.0448	0.2002	0.8444508150403403	0.9951525884903107
ENSG00000001208	TRIM191	1.8683	0.1013	0.2053	0.8405448079857031	0.9951525884903107
ENSG00000004013	RPS395	3.7039	0.0677	0.1878	0.853930070211861	0.9951525884903107
ENSG00000000869	KCN898	3.0127	-0.1116	-0.1966	0.8471708179512305	0.9951525884903107
ENSG00000000553	DDX155	3.3405	0.1446	0.202	0.8430724251792759	0.9951525884903107
ENSG00000001816	RAB11FIP884	6.7915	0.0484	0.1635	0.8726292806474618	0.9951525884903107
ENSG00000004180	HTR255	3.8735	0.1317	0.2116	0.8357017619705103	0.9951525884903107
ENSG00000001688	DYNC711	8.9509	-0.0421	-0.1803	0.8597296778777502	0.9951525884903107
ENSG00000002888	RAB11FIP192	8.3575	0.0429	0.2078	0.8386131457129963	0.9951525884903107
ENSG00000002824	EIF821	2.6273	-0.1513	-0.1783	0.8612268102121996	0.9951525884903107
ENSG00000001643	KMT2602	3.5517	0.1083	0.1768	0.8623639056466333	0.9951525884903107
ENSG00000001123	MRPS651	8.9436	-0.0313	-0.1635	0.8726536830616776	0.9951525884903107
ENSG00000003951	RAB22	8.8232	-0.0267	-0.1937	0.8494010033668341	0.9951525884903107
ENSG00000000656	PRKC637	6.9315	-0.042	-0.1647	0.871712344558826	0.9951525884903107
ENSG00000003297	SMARC397	8.4395	-0.0452	-0.168	0.8691373168275582	0.9951525884903107
ENSG00000001675	KDM383	2.2389	0.0916	0.2132	0.8345000043704167	0.9951525884903107
ENSG00000004116	ADRB452	2.0343	-0.1022	-0.1665	0.8703336740840132	0.9951525884903107
ENSG00000004145	CHRM335	2.0272	0.1099	0.1675	0.8695543804058532	0.9951525884903107
ENSG00000003819	SMARC399	7.1174	-0.0509	-0.2028	0.8424425947659159	0.9951525884903107
ENSG00000003956	MRPL618	7.365	0.0492	0.1908	0.8516514960194468	0.9951525884903107
ENSG00000001418	RNF170	1.8489	-0.1184	-0.2098	0.8371091180128777	0.9951525884903107
ENSG00000002191	CCNB264	6.4354	-0.0584	-0.1993	0.8450821022932586	0.9951525884903107
ENSG00000002787	PPP1R149	7.0109	-0.0832	-0.203	0.8423122126929937	0.9951525884903107
ENSG00000000028	RPL476	11.5907	0.0354	0.1998	0.8447176680042128	0.9951525884903107
ENSG00000002161	IFNG	3.7893	-0.0738	-0.1713	0.8666533760827257	0.9951525884903107
ENSG00000000631	ARID720	7.7536	-0.0477	-0.1841	0.8567569877356345	0.9951525884903107
ENSG00000003959	PXN400	3.6091	-0.1198	-0.1929	0.850049968144317	0.9951525884903107
ENSG00000000519	CYP483	5.9781	-0.0576	-0.2112	0.8360121829590829	0.9951525884903107
ENSG00000001223	PLC127	1.7782	0.1267	0.1911	0.8514322308516794	0.9951525884903107
ENSG00000001513	ATAD661	4.3059	0.0746	0.1636	0.8725710120528832	0.9951525884903107
ENSG00000002473	BRD612	1.3517	-0.1011	-0.1795	0.8603153109947289	0.9951525884903107
ENSG00000002370	KRT636	1.7815	0.1084	0.2012	0.843686219469306	0.9951525884903107
ENSG00000003419	RPS535	3.0202	-0.1143	-0.1804	0.859597926370683	0.9951525884903107
ENSG00000003346	CYP766	5.1241	-0.0647	-0.1597	0.8756092401714808	0.9955802403585753
ENSG00000002018	HDAC25	8.2451	-0.0324	-0.1608	0.8747520633543486	0.9955802403585753
ENSG00000001155	OR181	5.6722	-0.0512	-0.1598	0.8754715749087403	0.9955802403585753
ENSG00000000917	KIF87	6.8964	0.0395	0.1599	0.8754153114245854	0.9955802403585753
ENSG00000003458	PPP1R497	5.9526	0.0701	0.1605	0.8749597300098635	0.9955802403585753
ENSG00000003129	SMARC648	5.4128	0.0836	0.1617	0.8740381971403621	0.9955802403585753
ENSG00000001743	KMT2361	4.7782	0.0662	0.16	0.8753558819999665	0.9955802403585753
ENSG00000003040	RHO668	1.1453	-0.0785	-0.1612	0.8744359250750263	0.9955802403585753
ENSG00000003896	VCL595	1.7967	0.0877	0.1587	0.8763312837650205	0.9960828809483162
ENSG00000001988	H2AF578	5.4995	-0.0398	-0.1581	0.8768191033219248	0.9960828809483162
ENSG00000002440	ZNF488	4.6524	-0.0826	-0.1584	0.8766064581444992	0.9960828809483162
ENSG00000003848	KIF676	2.592	-0.0953	-0.1575	0.8773078481901542	0.9963472848427429
ENSG00000000426	SLC279	1.3882	0.0774	0.152	0.8815326753397117	0.996767581309533
ENSG00000001320	FBXO306	5.9149	0.0437	0.1513	0.8820233931851849	0.996767581309533
ENSG00000000455	EZH570	4.5113	-0.0591	-0.1508	0.8824211621812599	0.996767581309533
ENSG00000000649	RAB11FIP75	6.2118	0.0463	0.1536	0.880273924031074	0.996767581309533
ENSG00000001125	ANK282	2.791	0.0755	0.1536	0.8802697038785943	0.996767581309533
ENSG00000001889	DHX124	5.8273	0.0512	0.1515	0.88191867940412	0.996767581309533
ENSG00000001529	DNMT734	4.4291	-0.1002	-0.1557	0.878678512940199	0.996767581309533
ENSG00000003368	H2AF834	2.8361	0.1006	0.151	0.8823299296138893	0.996767581309533
ENSG00000001372	EIF846	3.8539	-0.0503	-0.1533	0.8805192042937938	0.996767581309533
ENSG00000001558	VCL473	4.0737	0.0844	0.1523	0.8813028631277792	0.996767581309533
ENSG00000002659	DNMT352	4.3393	0.0564	0.1544	0.8796320434289577	0.996767581309533
ENSG00000003099	ARF255	9.1691	-0.034	-0.1538	0.8801068632361421	0.996767581309533
ENSG00000002606	TRIM575	4.6877	0.0771	0.1543	0.8797697195470686	0.996767581309533
ENSG00000003158	DYNC116	6.5844	-0.0635	-0.1557	0.8786621139569895	0.996767581309533
ENSG00000000152	UBE2806	4.1872	0.0629	0.1521	0.8814668333415174	0.996767581309533
ENSG00000003218	PPP2R628	8.0343	0.0491	0.1507	0.8825439581687181	0.996767581309533
ENSG00000002727	MRPL479	6.8981	0.0548	0.1561	0.8783819388633854	0.996767581309533
ENSG00000004109	GNA241	4.7228	-0.072	-0.153	0.8807569672900215	0.996767581309533
ENSG00000000061	TUBB643	5.7918	0.0354	0.1549	0.8793109422504203	0.996767581309533
ENSG00000001439	PLC183	6.5957	-0.0795	-0.1494	0.8835577076984986	0.9971539728586563
ENSG00000004187	PPP2R242	4.3131	-0.0738	-0.1495	0.8834812533744991	0.9971539728586563
ENSG00000001637	TLN390	5.8847	-0.0573	-0.1492	0.8836546897198112	0.9971539728586563
ENSG00000003370	CCNB154	7.3504	0.0389	0.1488	0.8839632398103066	0.997213022997598
ENSG00000001098	ARID102	5.0187	-0.0711	-0.1481	0.8845092401414221	0.9972732930350316
ENSG00000003980	CCNB471	4.1068	-0.0768	-0.1478	0.8847853753468562	0.9972732930350316
ENSG00000000587	TOMM735	6.0588	-0.0677	-0.148	0.8846008700124661	0.9972732930350316
ENSG00000000460	ANK314	8.0559	-0.042	-0.1473	0.8851819876356259	0.9973497520798815
ENSG00000000079	HDAC828	8.0393	-0.0419	-0.147	0.8853657228766676	0.9973497520798815
ENSG00000001275	PPP2R121	8.6439	0.0305	0.1464	0.8858149317630732	0.9975670469970721
ENSG00000003563	SIRT502	10.733	-0.0222	-0.146	0.8861689616586179	0.9976770606813251
ENSG00000003689	H2AF133	10.0545	0.0364	0.1413	0.8898054608325027	0.9977403866555299
ENSG00000001672	TMEM473	4.8831	0.0638	0.1395	0.89117673444484	0.9977403866555299
ENSG00000001752	OR455	4.8433	0.069	0.144	0.8876701072718659	0.9977403866555299
ENSG00000002496	ARF376	6.8727	-0.0506	-0.1403	0.8905972969986651	0.9977403866555299
ENSG00000003846	SCN592	9.2059	0.0374	0.1438	0.8878518161254805	0.9977403866555299
ENSG00000001518	RPL776	10.3701	-0.033	-0.1363	0.8936595549540538	0.9977403866555299
ENSG00000000546	SPTB690	2.3137	-0.117	-0.1366	0.8934579537679648	0.9977403866555299
ENSG00000001214	SNX439	6.8918	-0.0464	-0.1376	0.892681316276688	0.9977403866555299
ENSG00000003898	ZNF74	1.0708	-0.073	-0.1401	0.8907145022447138	0.9977403866555299
ENSG00000002364	RHO320	6.0569	-0.0511	-0.1426	0.888801372417324	0.9977403866555299
ENSG00000002257	EZH731	6.9108	0.0432	0.1367	0.8933297505456332	0.9977403866555299
ENSG00000000392	OR228	1.5523	-0.0814	-0.1408	0.8902100618715973	0.9977403866555299
ENSG00000003774	COL470	5.0006	0.0802	0.1416	0.889583908315432	0.9977403866555299
ENSG00000001686	DHX493	7.8235	0.0254	0.1395	0.8911710153451133	0.9977403866555299
ENSG00000001287	MRPL810	5.1025	-0.0518	-0.1429	0.8885641600544323	0.9977403866555299
ENSG00000003658	TRIM14	4.4716	0.0722	0.1414	0.8897517348393188	0.9977403866555299
ENSG00000001971	CACN544	6.8768	-0.041	-0.1443	0.8875043521759692	0.9977403866555299
ENSG00000003223	PRKC838	5.9153	0.0452	0.1426	0.8888124247511429	0.9977403866555299
ENSG00000000956	RHO201	4.095	-0.0891	-0.1397	0.891058067004848	0.9977403866555299
ENSG00000001793	MAPK162	6.1457	0.0459	0.1387	0.8917765536261725	0.9977403866555299
ENSG00000000715	ACTN827	8.1108	-0.0296	-0.1434	0.8881980892055472	0.9977403866555299
ENSG00000000147	PXN634	2.1034	0.0848	0.1384	0.8920129604153443	0.9977403866555299
ENSG00000003188	RHO4	8.183	0.0315	0.1454	0.8866260294955582	0.9977403866555299
ENSG00000000984	ANAPC67	8.575	0.0204	0.1372	0.8929844362306139	0.9977403866555299
ENSG00000002712	ADRB2	8.5586	0.0259	0.1371	0.8930798294765936	0.9977403866555299
ENSG00000001742	RHO504	1.4418	0.1001	0.1444	0.8874107470903222	0.9977403866555299
ENSG00000000929	USP144	4.4977	-0.0698	-0.1409	0.8901173347334562	0.9977403866555299
ENSG00000001571	CD8A	3.4586	-0.0861	-0.1371	0.8930683417929237	0.9977403866555299
ENSG00000000899	PLC650	3.5676	0.0556	0.1381	0.8922405077303419	0.9977403866555299
ENSG00000001667	MYO787	5.2593	-0.0942	-0.1359	0.8939493755152252	0.9977777371681265
ENSG00000003943	VPS440	2.6565	0.0527	0.0793	0.9379667782983658	0.99808458835963
ENSG00000003290	ANK848	1.7462	-0.088	-0.1293	0.8991160814542167	0.99808458835963
ENSG00000000605	CHRM542	6.2475	0.0289	0.0692	0.9458789710031976	0.99808458835963
ENSG00000001133	TIMM186	1.6761	-0.0504	-0.0804	0.9371271729944136	0.99808458835963
ENSG00000000645	SMARC7	6.653	0.0139	0.064	0.9499587848219347	0.99808458835963
ENSG00000001857	SLC338	6.6549	0.0145	0.0485	0.9620198188830924	0.99808458835963
ENSG00000001859	CUL437	6.0026	-0.0439	-0.1024	0.9200050932599262	0.99808458835963
ENSG00000001841	COPB446	6.7143	0.0353	0.1227	0.9042259907225692	0.99808458835963
ENSG00000003235	PLC813	5.3305	0.0282	0.0623	0.9512466641152523	0.99808458835963
ENSG00000001146	HDAC399	3.5478	0.0703	0.1177	0.9081270419860601	0.99808458835963
ENSG00000003289	ARID812	9.3282	0.0155	0.067	0.9475945472708494	0.99808458835963
ENSG00000001872	TMEM410	1.8318	0.0478	0.1	0.9218536494053854	0.99808458835963
ENSG00000003306	PPP1R354	9.9196	-0.0272	-0.104	0.9187512281812424	0.99808458835963
ENSG00000001182	TLN709	1.9263	-0.0463	-0.0752	0.941195005981297	0.99808458835963
ENSG00000002433	PRKC691	4.3731	0.0546	0.085	0.9335880678308756	0.99808458835963
ENSG00000002434	UGT339	6.6343	0.0333	0.1139	0.9110398245761376	0.99808458835963
ENSG00000003916	ARID651	4.4421	0.0238	0.0531	0.9584739986747046	0.99808458835963
ENSG00000001904	DUSP88	4.2732	0.0489	0.0903	0.9294110690613409	0.99808458835963
ENSG00000001908	CYR61	6.6862	-0.0215	-0.1094	0.9145728663246979	0.99808458835963
ENSG00000003232	EZH648	6.9864	-0.048	-0.1141	0.9108727101147788	0.99808458835963
ENSG00000001536	EIF524	2.5739	-0.056	-0.1022	0.9201797681214867	0.99808458835963
ENSG00000001539	GNA324	3.1891	-0.0663	-0.1279	0.9001495359108613	0.99808458835963
ENSG00000001815	RPS337	2.0701	-0.0393	-0.0667	0.9478557043109774	0.99808458835963
ENSG00000003953	GRIN848	6.8835	0.0423	0.1312	0.8976075002396275	0.99808458835963
ENSG00000003954	SKP762	2.6198	-0.0838	-0.1184	0.9075582403764162	0.99808458835963
ENSG00000000151	DRD287	5.85	0.0406	0.1041	0.9187138519073921	0.99808458835963
ENSG00000003978	KCN873	7.8836	0.0354	0.1199	0.9064162397517604	0.99808458835963
ENSG00000003205	VCL607	5.4395	-0.0505	-0.1256	0.9019698116883511	0.99808458835963
ENSG00000003247	CUL18	6.1765	-0.0291	-0.0653	0.9489470793220418	0.99808458835963
ENSG00000001846	GRIN546	4.545	-0.0446	-0.1031	0.9194830383872943	0.99808458835963
ENSG00000001121	SUZ3	7.1305	0.0216	0.0757	0.9408402469491846	0.99808458835963
ENSG00000004008	ANAPC578	2.9496	-0.047	-0.0752	0.9411903954659716	0.99808458835963
ENSG00000000140	KRT11	4.1884	-0.033	-0.0703	0.9450467288433205	0.99808458835963
ENSG00000000144	TOMM863	7.1898	0.0301	0.068	0.9468256783624593	0.99808458835963
ENSG00000001532	CHRM530	2.9141	-0.0433	-0.0676	0.9471134964855645	0.99808458835963
ENSG00000000997	RPL221	1.5906	0.0383	0.0573	0.9552013918729347	0.99808458835963
ENSG00000001170	SPTB315	1.6244	-0.0765	-0.1187	0.9073038269311047	0.99808458835963
ENSG00000001171	UGT103	1.0223	-0.0534	-0.1255	0.902077316150495	0.99808458835963
ENSG00000001478	PLC544	4.6889	-0.0722	-0.127	0.900845910968551	0.99808458835963
ENSG00000001510	PPP1R685	3.6479	-0.0306	-0.0664	0.9480637082466842	0.99808458835963
ENSG00000003323	SNX821	10.5217	0.0232	0.0888	0.9306319746003067	0.99808458835963
ENSG00000003324	ACTN748	7.0392	-0.0378	-0.1149	0.9103034822716782	0.99808458835963
ENSG00000003325	TOMM9	2.7789	-0.063	-0.0861	0.9326648447786734	0.99808458835963
ENSG00000003335	HTR413	5.2714	0.056	0.134	0.8954630921597709	0.99808458835963
ENSG00000001186	PXN7	4.1804	0.0746	0.1019	0.9204222337243744	0.99808458835963
ENSG00000001664	CUL159	6.7263	0.0291	0.0753	0.9411428985588053	0.99808458835963
ENSG00000001189	PPP1R648	2.8484	0.0378	0.0768	0.9399275780229162	0.99808458835963
ENSG00000001192	DYNC98	1.4736	0.0358	0.0562	0.9560497847552356	0.99808458835963
ENSG00000001714	ANGPT1	5.6541	0.0218	0.0579	0.9546902175067291	0.99808458835963
ENSG00000000612	CHRM53	5.448	0.0303	0.0683	0.9466217607158942	0.99808458835963
ENSG00000001877	GABR629	12.3764	0.023	0.0989	0.9227603241420057	0.99808458835963
ENSG00000001228	SIRT248	5.2228	0.0386	0.0891	0.930386778482285	0.99808458835963
ENSG00000002362	TRIM180	4.351	-0.0635	-0.1154	0.909908852565692	0.99808458835963
ENSG00000002404	MAPK261	3.0091	0.0335	0.0647	0.9493798207269875	0.99808458835963
ENSG00000000577	DYNC354	7.0663	-0.0173	-0.0585	0.9542390450268061	0.99808458835963
ENSG00000003373	SNX614	4.5055	-0.0536	-0.098	0.9234324529399123	0.99808458835963
ENSG00000002415	RAB246	3.4866	0.0542	0.0701	0.9452036813447919	0.99808458835963
ENSG00000000980	TET858	4.7357	-0.0427	-0.1025	0.9198869010882793	0.99808458835963
ENSG00000001847	KIF567	6.6263	0.0407	0.1166	0.9089689591791206	0.99808458835963
ENSG00000002474	HTR202	6.5208	0.0207	0.1078	0.9157915460108635	0.99808458835963
ENSG00000002479	TET95	11.0919	-0.0128	-0.0469	0.9633071296089639	0.99808458835963
ENSG00000000629	ACTN761	2.4967	-0.0293	-0.0484	0.9621067817417511	0.99808458835963
ENSG00000001886	RPS79	4.0575	-0.0393	-0.0814	0.9363737060130781	0.99808458835963
ENSG00000003933	RPL46	2.7992	-0.0474	-0.0913	0.9286127667663686	0.99808458835963
ENSG00000003938	CCNB111	2.5654	0.1001	0.1116	0.9128734590842098	0.99808458835963
ENSG00000000795	USP164	7.7569	-0.0157	-0.0591	0.9537931712998873	0.99808458835963
ENSG00000000973	SIRT337	4.4396	-0.0653	-0.1052	0.9178237323600422	0.99808458835963
ENSG00000000794	KMT2396	1.3394	0.0317	0.0526	0.9588266884767191	0.99808458835963
ENSG00000003038	MRPS813	5.721	0.0368	0.0678	0.94694512621137	0.99808458835963
ENSG00000003010	GABR725	12.6467	0.0184	0.0816	0.9362271537797565	0.99808458835963
ENSG00000003014	SLC870	6.5537	-0.0177	-0.0655	0.9487421596801418	0.99808458835963
ENSG00000004094	SKP187	3.1858	0.0293	0.056	0.9562200090749748	0.99808458835963
ENSG00000000073	KRT495	5.7802	0.011	0.0483	0.9621831450180319	0.99808458835963
ENSG00000004111	OR505	6.1187	0.04	0.105	0.9180018440734214	0.99808458835963
ENSG00000001606	KRT449	3.9259	-0.0325	-0.0708	0.944664292005086	0.99808458835963
ENSG00000001613	EIF365	5.4703	-0.0223	-0.0595	0.9534924591126067	0.99808458835963
ENSG00000001765	ABC462	8.4218	0.0068	0.0579	0.9546840958676568	0.99808458835963
ENSG00000004098	ANAPC364	1.3994	-0.0553	-0.1208	0.9057211918342505	0.99808458835963
ENSG00000004105	MAPK404	4.802	0.0491	0.1209	0.9056081645402305	0.99808458835963
ENSG00000001679	EZH851	2.725	-0.0411	-0.0618	0.9516590361660422	0.99808458835963
ENSG00000002110	RPL853	3.3752	-0.0577	-0.093	0.9272998674004718	0.99808458835963
ENSG00000000320	CDC660	3.3429	0.079	0.116	0.9094121731032206	0.99808458835963
ENSG00000002077	DUSP24	6.7688	-0.0147	-0.0539	0.9578146450403993	0.99808458835963
ENSG00000001825	PLC601	6.7968	0.0256	0.0858	0.9329683805462209	0.99808458835963
ENSG00000001787	EIF644	3.8386	0.0587	0.117	0.9086355626869923	0.99808458835963
ENSG00000001763	GABR109	6.1956	-0.038	-0.088	0.9312486292184051	0.99808458835963
ENSG00000000068	SEC354	5.3493	-0.0477	-0.1001	0.921754228629361	0.99808458835963
ENSG00000001567	RHO589	8.9564	-0.0109	-0.0517	0.9595297196336017	0.99808458835963
ENSG00000000750	EIF598	5.3015	0.0339	0.0567	0.9556255070398819	0.99808458835963
ENSG00000003072	RAB493	5.4277	-0.0229	-0.0526	0.9588806714240414	0.99808458835963
ENSG00000002638	TIMM450	2.7344	0.044	0.0607	0.952554315877149	0.99808458835963
ENSG00000002647	PXN178	3.4003	-0.074	-0.1188	0.9072250559460071	0.99808458835963
ENSG00000003091	KRT796	2.8439	0.0576	0.1056	0.9175334982044789	0.99808458835963
ENSG00000000121	DNMT130	8.224	-0.0238	-0.0914	0.9285655384184044	0.99808458835963
ENSG00000004029	DDX80	3.6491	-0.0449	-0.0681	0.9467803180795313	0.99808458835963
ENSG00000002936	COPB687	6.6246	-0.0218	-0.0604	0.9527847427336287	0.99808458835963
ENSG00000004162	RNF322	3.8558	-0.038	-0.0942	0.9264007062410514	0.99808458835963
ENSG00000002852	CUL32	5.6128	0.0296	0.0695	0.9456451471965619	0.99808458835963
ENSG00000000017	USP23	5.1471	0.0259	0.0742	0.9419562498195357	0.99808458835963
ENSG00000000029	PPP2R825	5.8897	-0.0256	-0.0747	0.9415785971219892	0.99808458835963
ENSG00000002122	MAPK567	8.0129	-0.0164	-0.0612	0.9521591228198898	0.99808458835963
ENSG00000000324	SLC615	2.1791	-0.0359	-0.0651	0.9491160144175154	0.99808458835963
ENSG00000003652	PPP1R213	8.2964	-0.0123	-0.0467	0.9634644908702801	0.99808458835963
ENSG00000003028	KCN572	4.6666	0.0398	0.0634	0.9503770175005235	0.99808458835963
ENSG00000002054	ABC756	4.8331	0.0457	0.099	0.9226858502290318	0.99808458835963
ENSG00000004042	TET136	1.0796	0.0635	0.1215	0.9051702028313394	0.99808458835963
ENSG00000002894	DNMT797	1.8156	-0.0498	-0.0983	0.9231880497175673	0.99808458835963
ENSG00000000044	ARF658	5.5249	-0.0232	-0.0612	0.9521672032848034	0.99808458835963
ENSG00000002765	CHRM666	4.9612	0.0266	0.0617	0.9517338331271655	0.99808458835963
ENSG00000002778	ANAPC712	4.5655	-0.0549	-0.1052	0.9178030907630631	0.99808458835963
ENSG00000000952	FBXO470	2.4879	0.0851	0.1082	0.9155025172728651	0.99808458835963
ENSG00000000825	TET361	8.1513	-0.0176	-0.0787	0.9384719950018225	0.99808458835963
ENSG00000000828	PLC94	7.2409	-0.0219	-0.078	0.9390534334325733	0.99808458835963
ENSG00000002746	EZH45	1.7334	0.073	0.1071	0.9163157061948775	0.99808458835963
ENSG00000003074	DYNC627	9.1532	-0.0125	-0.0575	0.9550091458084891	0.99808458835963
ENSG00000000119	RAB11FIP96	3.9115	0.0556	0.076	0.9405620885698653	0.99808458835963
ENSG00000000710	DUSP851	3.1188	0.084	0.1208	0.9056701565703408	0.99808458835963
ENSG00000003121	RAB627	7.6989	-0.0168	-0.0547	0.9572457997217743	0.99808458835963
ENSG00000001059	KMT2693	8.2861	0.0389	0.1107	0.9135503081113162	0.99808458835963
ENSG00000001066	SCN887	5.2036	0.0401	0.0805	0.9370391984657775	0.99808458835963
ENSG00000002610	PLC102	7.6316	-0.0216	-0.0872	0.931828236306083	0.99808458835963
ENSG00000000703	HIST1H367	2.3108	0.0796	0.1187	0.9073191157761321	0.99808458835963
ENSG00000001083	CCNB670	7.9468	0.0326	0.0945	0.9261586560907576	0.99808458835963
ENSG00000001009	H2AF743	1.982	0.0906	0.1201	0.9062100192374122	0.99808458835963
ENSG00000002537	TIMM709	5.472	-0.0373	-0.1035	0.9191171411052952	0.99808458835963
ENSG00000003077	FBXO574	2.0637	0.0455	0.0807	0.9369171926730252	0.99808458835963
ENSG00000000738	FBXO610	10.7955	-0.0111	-0.0536	0.9580861594341561	0.99808458835963
ENSG00000000741	TET235	8.9369	-0.0103	-0.0646	0.9495025805135335	0.99808458835963
ENSG00000004054	EIF509	3.2376	0.0336	0.0525	0.9588995736009824	0.99808458835963
ENSG00000001786	GRIN880	1.9744	0.0388	0.056	0.9561575793086782	0.99808458835963
ENSG00000001588	ACTN396	3.4737	-0.077	-0.0973	0.923945715418657	0.99808458835963
ENSG00000001594	SCN177	5.4624	0.0487	0.1246	0.9027239536259553	0.99808458835963
ENSG00000002998	SIRT357	6.5245	-0.0352	-0.1142	0.9107922974814938	0.99808458835963
ENSG00000003111	DNMT895	5.0856	-0.0257	-0.054	0.9577368030141371	0.99808458835963
ENSG00000000753	PPP1R162	5.0395	-0.0478	-0.1051	0.9178680020193546	0.99808458835963
ENSG00000000758	KRT710	6.2689	-0.0526	-0.1276	0.9004355836026734	0.99808458835963
ENSG00000003165	ABC258	1.5744	0.0618	0.1007	0.9213499639646705	0.99808458835963
ENSG00000004000	ACTN71	4.5388	0.0911	0.1129	0.9118059094577993	0.99808458835963
ENSG00000004001	ADAM537	4.3328	-0.0638	-0.1321	0.8969327110200932	0.99808458835963
ENSG00000000122	HTR47	9.3055	-0.0161	-0.0596	0.9534146490246219	0.99808458835963
ENSG00000001547	ACTN446	6.3472	0.0185	0.0838	0.9345217996895461	0.99808458835963
ENSG00000004079	OR123	7.4376	0.0376	0.1091	0.9147969635454265	0.99808458835963
ENSG00000003109	USP869	4.9761	0.037	0.0765	0.9402251096763232	0.99808458835963
ENSG00000003343	ADRB41	3.5165	0.035	0.0732	0.9427447434159153	0.99808458835963
ENSG00000000725	GABR447	3.2151	-0.0508	-0.0801	0.9373922304604922	0.99808458835963
ENSG00000001054	CUL507	4.0619	-0.0729	-0.1276	0.9003810707041655	0.99808458835963
ENSG00000001055	HDAC171	4.6659	0.0343	0.0812	0.9364915753297329	0.99808458835963
ENSG00000000707	COL357	4.5726	-0.0254	-0.0587	0.9541162537484198	0.99808458835963
ENSG00000001088	TUBB782	2.2098	-0.0354	-0.0598	0.9531879684202219	0.99808458835963
ENSG00000001093	ABC554	2.8119	0.0897	0.1131	0.9116961552788087	0.99808458835963
ENSG00000003195	TMEM248	5.1618	0.0434	0.1157	0.9096814254231688	0.99808458835963
ENSG00000003197	SLC280	4.1275	-0.0276	-0.0669	0.947680294243576	0.99808458835963
ENSG00000002190	KIF822	2.8403	0.0178	0.0578	0.9548085066629257	0.99808458835963
ENSG00000003590	VPS805	2.4962	-0.062	-0.109	0.9148867203948892	0.99808458835963
ENSG00000001272	USP483	5.6061	0.0145	0.0516	0.9596186083271193	0.99808458835963
ENSG00000001359	PLC80	8.1499	0.0149	0.0697	0.9454809056262172	0.99808458835963
ENSG00000000282	ABC59	5.0214	0.0373	0.1067	0.9166802824088269	0.99808458835963
ENSG00000003790	VCL529	2.6192	-0.0808	-0.1342	0.8952988559277733	0.99808458835963
ENSG00000003803	KDM214	8.5221	0.0219	0.1019	0.9203924290475034	0.99808458835963
ENSG00000000264	RPS698	3.6252	-0.0495	-0.0907	0.9291075234099246	0.99808458835963
ENSG00000002003	TLN276	5.1759	-0.0351	-0.0963	0.9247315740295141	0.99808458835963
ENSG00000002008	ADRB265	5.9379	0.0244	0.0952	0.9255778714706999	0.99808458835963
ENSG00000002206	KIF683	8.2442	0.0292	0.1218	0.9048822419301054	0.99808458835963
ENSG00000001342	BRD79	3.3372	-0.0374	-0.0891	0.9303766956047329	0.99808458835963
ENSG00000003601	BRD271	6.6975	0.0311	0.1108	0.9134971963311451	0.99808458835963
ENSG00000003606	PXN128	6.2832	0.0406	0.1148	0.91038997758438	0.99808458835963
ENSG00000003612	PRKC261	5.5398	-0.0643	-0.1059	0.9172992647677323	0.99808458835963
ENSG00000000409	TRIM531	5.1078	0.0518	0.104	0.9187569463134804	0.99808458835963
ENSG00000000386	SREBF1	1.7732	-0.0249	-0.0493	0.9614175452937099	0.99808458835963
ENSG00000003656	TET161	5.2613	0.0413	0.1317	0.897227665752045	0.99808458835963
ENSG00000000343	TMEM100	7.0858	-0.0319	-0.1226	0.9042982293306504	0.99808458835963
ENSG00000001413	SUZ108	2.8336	-0.0367	-0.0744	0.9418599391532073	0.99808458835963
ENSG00000001721	DDX306	7.1777	0.0144	0.0504	0.9605447548424635	0.99808458835963
ENSG00000000813	USP47	9.8368	0.0342	0.1293	0.8990752384851601	0.99808458835963
ENSG00000000970	ARID362	4.8501	-0.037	-0.0767	0.9399987505666638	0.99808458835963
ENSG00000004115	SKP876	7.0167	0.0286	0.0816	0.9362433034319301	0.99808458835963
ENSG00000000834	DNMT182	6.6744	0.0204	0.0659	0.9484801684573387	0.99808458835963
ENSG00000002921	DHX700	4.2437	0.0229	0.0523	0.959076356195912	0.99808458835963
ENSG00000002269	ARID550	8.3045	-0.0141	-0.0654	0.9488845667117414	0.99808458835963
ENSG00000002281	ABC500	5.5301	-0.047	-0.1286	0.8996151226726173	0.99808458835963
ENSG00000000344	MRPL402	2.827	-0.0503	-0.0699	0.9453533610209972	0.99808458835963
ENSG00000000266	KRT730	1.891	0.0808	0.1054	0.9176776091640153	0.99808458835963
ENSG00000002384	RAB11FIP331	6.7151	0.0313	0.073	0.9429183987532967	0.99808458835963
ENSG00000003556	MRPL259	4.2986	-0.0584	-0.1019	0.920428291193595	0.99808458835963
ENSG00000002217	DNMT118	4.3841	0.0584	0.0995	0.9222728942695568	0.99808458835963
ENSG00000000436	ABC399	5.526	0.0334	0.0788	0.9383543507181977	0.99808458835963
ENSG00000000438	OR182	1.4281	0.0839	0.1318	0.8971570687349589	0.99808458835963
ENSG00000003565	CUL513	4.2267	-0.0336	-0.0812	0.936557802081252	0.99808458835963
ENSG00000002202	PLC845	3.2262	0.0469	0.0691	0.9459277736438098	0.99808458835963
ENSG00000003666	PRKC765	3.7065	-0.0262	-0.0475	0.9628060459193473	0.99808458835963
ENSG00000002860	ATAD722	8.1789	-0.0255	-0.1125	0.9121342100158105	0.99808458835963
ENSG00000002047	TET827	6.1341	0.0381	0.0956	0.9253168477979375	0.99808458835963
ENSG00000000002	TIMM734	2.2536	-0.0326	-0.0549	0.9570763299194772	0.99808458835963
ENSG00000000048	DYNC505	5.7046	-0.0172	-0.0516	0.959646428591379	0.99808458835963
ENSG00000003034	RORC	3.8551	-0.0446	-0.1219	0.9048225234338876	0.99808458835963
ENSG00000002708	DUSP30	6.2326	0.0316	0.0878	0.9313434391557012	0.99808458835963
ENSG00000002061	OR779	7.8086	0.0205	0.1107	0.9135630743381619	0.99808458835963
ENSG00000000357	SCN399	9.4062	-0.0269	-0.1312	0.8976123187099825	0.99808458835963
ENSG00000001706	PRKC670	7.8696	-0.0149	-0.0643	0.9496833374366613	0.99808458835963
ENSG00000003697	ACTN122	6.7529	-0.0282	-0.1055	0.917575010003118	0.99808458835963
ENSG00000001385	SPTB182	5.8482	-0.0477	-0.1023	0.920069333707791	0.99808458835963
ENSG00000002094	TUBB386	1.2312	-0.0232	-0.0602	0.9528844924907782	0.99808458835963
ENSG00000001682	OR432	4.5004	-0.0396	-0.1167	0.9088773196456523	0.99808458835963
ENSG00000001683	GABR751	1.336	-0.045	-0.0733	0.9426578639462412	0.99808458835963
ENSG00000004176	CCNB230	4.4161	-0.0436	-0.0929	0.9274322900039647	0.99808458835963
ENSG00000002872	PLC738	4.9134	0.0586	0.1289	0.8993889336719687	0.99808458835963
ENSG00000002850	DDX440	6.6712	0.0174	0.0666	0.9479008127543155	0.99808458835963
ENSG00000002084	SKP680	2.3988	0.0875	0.1166	0.9089491070247926	0.99808458835963
ENSG00000000347	VPS545	1.511	-0.0613	-0.1213	0.9052899939653243	0.99808458835963
ENSG00000000356	TMEM687	8.2631	0.0466	0.1346	0.895027465214096	0.99808458835963
ENSG00000002025	RAB696	3.3572	-0.0412	-0.0799	0.9375475605483781	0.99808458835963
ENSG00000001344	COL657	9.0207	-0.0317	-0.1216	0.9050811449165554	0.99808458835963
ENSG00000001347	RPL793	7.4614	0.0462	0.1016	0.92064345448742	0.99808458835963
ENSG00000001348	VCL304	12.1447	0.0098	0.047	0.9632496009126699	0.99808458835963
ENSG00000001350	RPL61	3.8689	-0.0272	-0.0573	0.9551932476434175	0.99808458835963
ENSG00000001356	EZH477	5.0741	-0.0651	-0.1208	0.9056619817009907	0.99808458835963
ENSG00000001437	HDAC650	7.2854	-0.0267	-0.1156	0.9097559923110812	0.99808458835963
ENSG00000000298	MRPS618	2.4448	0.075	0.1129	0.9118522495137992	0.99808458835963
ENSG00000001394	COL789	1.1096	-0.0334	-0.0682	0.9466888865559079	0.99808458835963
ENSG00000001401	TRIM818	9.9774	0.0209	0.0802	0.9372861862060345	0.99808458835963
ENSG00000002060	ARID899	5.5345	0.016	0.0488	0.9618557274245343	0.99808458835963
ENSG00000002803	PRKC714	1.2756	0.073	0.1289	0.8994277940868195	0.99808458835963
ENSG00000002811	SCN236	5.858	0.0246	0.0717	0.9439058969623555	0.99808458835963
ENSG00000000942	DNMT809	2.7724	0.0611	0.0997	0.9220955059036566	0.99808458835963
ENSG00000002786	RHO179	4.3671	0.0504	0.0833	0.9349037289720539	0.99808458835963
ENSG00000000220	ARF711	6.2831	-0.0385	-0.0884	0.9308893398766924	0.99808458835963
ENSG00000000494	KRT172	4.1087	-0.032	-0.051	0.9601058157028353	0.99808458835963
ENSG00000001243	ARF445	1.8859	-0.0792	-0.1282	0.8999720975526191	0.99808458835963
ENSG00000002251	SMARC198	4.1474	0.037	0.0909	0.9289679340120575	0.99808458835963
ENSG00000002249	UBE2324	6.7558	0.0161	0.0505	0.960506559260903	0.99808458835963
ENSG00000002339	KIF715	6.1194	-0.0246	-0.0833	0.9348943731840242	0.99808458835963
ENSG00000002338	VPS258	2.4741	0.0496	0.0828	0.9352694875963088	0.99808458835963
ENSG00000002365	ARF534	5.184	0.0301	0.0715	0.9441203406258676	0.99808458835963
ENSG00000003440	UBE2138	2.8316	0.062	0.1128	0.9118798540482675	0.99808458835963
ENSG00000001467	ANK807	9.2707	-0.0221	-0.1185	0.9074703416112369	0.99808458835963
ENSG00000003876	KRT14	3.5351	0.0504	0.1064	0.9169206946146486	0.99808458835963
ENSG00000003889	PPP1R680	5.722	0.0351	0.1146	0.9104815389694357	0.99808458835963
ENSG00000003869	MAPK529	2.808	0.0677	0.0941	0.926475335987535	0.99808458835963
ENSG00000000221	PPP2R36	11.2025	-0.0105	-0.0579	0.9546905912417537	0.99808458835963
ENSG00000003526	ZNF301	5.7078	-0.0342	-0.1073	0.916168594193223	0.99808458835963
ENSG00000000502	TUBB249	2.9032	0.0921	0.128	0.9001379727599392	0.99808458835963
ENSG00000003825	TOMM2	9.6037	0.0139	0.0823	0.9356603478425922	0.99808458835963
ENSG00000003894	EIF522	5.1139	-0.0405	-0.105	0.9179727532749138	0.99808458835963
ENSG00000000208	RNF373	4.2999	-0.0294	-0.0628	0.9508459593303065	0.99808458835963
ENSG00000001991	KRT429	7.3053	0.0089	0.0493	0.9614631145975632	0.99808458835963
ENSG00000000482	BRD328	9.3331	-0.0198	-0.0851	0.9334640400752896	0.99808458835963
ENSG00000001227	KDM477	1.9371	0.0368	0.0599	0.9531480572065009	0.99808458835963
ENSG00000003411	FBXO182	4.0965	-0.0498	-0.0952	0.925632233763158	0.99808458835963
ENSG00000001222	ZNF729	4.6254	-0.0611	-0.0961	0.9248849932736507	0.99808458835963
ENSG00000000528	TLN821	2.5628	-0.0629	-0.0868	0.9321873266246132	0.99808458835963
ENSG00000000511	USP153	7.1571	0.0545	0.1133	0.9115584275720761	0.99808458835963
ENSG00000002374	PRKC809	2.5128	0.0535	0.0739	0.9422463535966609	0.99808458835963
ENSG00000001209	PPP2R31	6.0124	-0.0337	-0.1049	0.918073638823533	0.99808458835963
ENSG00000001972	USP259	4.3554	0.0574	0.1122	0.9124066817744834	0.99808458835963
ENSG00000001717	CHRM86	2.8194	-0.072	-0.094	0.9265381606988002	0.99808458835963
ENSG00000002386	COPB426	2.4485	0.0388	0.0578	0.9547752690871547	0.99808458835963
ENSG00000003391	DYNC878	1.5205	0.0717	0.0969	0.9242997868210108	0.99808458835963
ENSG00000000551	ADAM68	5.7834	0.0312	0.0713	0.9442437543571188	0.99808458835963
ENSG00000003509	GABR888	1.9859	-0.0802	-0.099	0.9226470635694785	0.99808458835963
ENSG00000003505	VCL31	9.6064	0.0177	0.0784	0.9386885984833335	0.99808458835963
ENSG00000001446	UBE2725	4.7841	0.0458	0.0955	0.9253535100901333	0.99808458835963
ENSG00000001964	PXN267	1.722	-0.0295	-0.0509	0.9601857659552161	0.99808458835963
ENSG00000000223	TMEM259	1.8772	-0.0245	-0.0469	0.9632955476105133	0.99808458835963
ENSG00000001254	MMP298	2.6744	0.0522	0.0888	0.9305755427095934	0.99808458835963
ENSG00000000255	MAPK386	6.1288	-0.0195	-0.0538	0.9579346317918291	0.99808458835963
ENSG00000003439	KDM656	5.4466	0.027	0.1263	0.9014483969251743	0.99808458835963
ENSG00000003403	CDC106	10.1817	0.0207	0.0925	0.9277063940818494	0.99808458835963
ENSG00000003410	SUZ575	3.152	-0.0388	-0.0495	0.9612670419107904	0.99808458835963
ENSG00000001296	UBE2654	7.6383	0.0375	0.1013	0.9208531589612385	0.99808458835963
ENSG00000003536	MYO336	7.1519	0.0191	0.0686	0.9463517343210098	0.99808458835963
ENSG00000001001	GABR668	1.8598	0.0266	0.0459	0.9640910348886681	0.9982022633111721
ENSG00000001998	GRIN401	2.8941	0.0342	0.0461	0.9638942207709914	0.9982022633111721
ENSG00000000814	COPB349	1.5042	0.0259	0.0453	0.9645491187767158	0.9984109495422814
ENSG00000000602	SEC189	6.8717	0.0117	0.0447	0.9650122803440553	0.9984343936379192
ENSG00000002034	OR865	6.7492	-0.0158	-0.0446	0.9650848378380914	0.9984343936379192
ENSG00000003989	KMT2322	4.0634	0.0179	0.0442	0.9654396815237696	0.9984467853996182
ENSG00000003701	PRKC178	5.9588	-0.0135	-0.044	0.9656098921490655	0.9984467853996182
ENSG00000000626	MRPS654	6.8068	-0.0144	-0.0424	0.966847311553644	0.9985804060937008
ENSG00000003493	FBXO690	1.8332	0.0238	0.0424	0.9668629182625248	0.9985804060937008
ENSG00000003379	MYO608	6.5561	0.0103	0.0405	0.9683066280200945	0.9985804060937008
ENSG00000003619	SCN146	2.8002	0.0332	0.041	0.9679269022175617	0.9985804060937008
ENSG00000003996	ANAPC752	4.4362	-0.0192	-0.0419	0.967225165545295	0.9985804060937008
ENSG00000000370	PXN161	4.6234	-0.0238	-0.0409	0.9679655855935717	0.9985804060937008
ENSG00000003912	ANAPC317	2.7686	0.0187	0.043	0.9663588744411234	0.9985804060937008
ENSG00000000230	TOMM292	9.2127	-0.0115	-0.0408	0.9680929280651596	0.9985804060937008
ENSG00000000718	TLN548	2.6281	0.0223	0.0402	0.9685614164963311	0.9985804060937008
ENSG00000003890	RPS387	7.3565	0.013	0.0421	0.9670471895043252	0.9985804060937008
ENSG00000003746	HIST1H782	6.2316	0.0128	0.0414	0.9675802828619974	0.9985804060937008
ENSG00000001996	ACTN537	3.2931	-0.0225	-0.0388	0.9696472092448365	0.998705000887704
ENSG00000000398	ARID388	1.9111	-0.0203	-0.0386	0.9697666425473874	0.998705000887704
ENSG00000001049	TET9	7.6771	0.0124	0.0384	0.9699652886319426	0.998705000887704
ENSG00000001875	ACTN897	3.675	0.0222	0.0392	0.9692978511795748	0.998705000887704
ENSG00000004010	SUZ419	8.2498	0.0128	0.0389	0.969525025424615	0.998705000887704
ENSG00000001965	TOMM319	10.431	-0.0108	-0.037	0.9710603691014362	0.9988083347111353
ENSG00000001048	CCNB461	2.0581	0.0286	0.0375	0.9706519274559533	0.9988083347111353
ENSG00000000491	TOMM720	3.3896	-0.0275	-0.0369	0.9710921733162734	0.9988083347111353
ENSG00000001019	CDC183	1.6674	-0.0243	-0.0377	0.9705049178233657	0.9988083347111353
ENSG00000003492	ANAPC55	2.8603	0.0112	0.0317	0.9751693274369686	0.9988495936769112
ENSG00000003921	PPP1R7	8.7938	-0.0071	-0.0348	0.9727404409601195	0.9988495936769112
ENSG00000000565	CACN4	6.0046	0.007	0.0315	0.9753767990056242	0.9988495936769112
ENSG00000002426	SMARC295	4.4768	-0.0124	-0.0313	0.975495196702451	0.9988495936769112
ENSG00000002421	USP510	3.8056	0.0169	0.0333	0.9739309287880598	0.9988495936769112
ENSG00000000091	SLC238	3.9079	0.0159	0.0322	0.9748101713493731	0.9988495936769112
ENSG00000002210	KDM562	3.5029	-0.0161	-0.032	0.9749581467657729	0.9988495936769112
ENSG00000002299	DDX644	6.4032	-0.011	-0.0342	0.9732380097787066	0.9988495936769112
ENSG00000000083	ABC96	1.3579	0.0137	0.0336	0.9737254077778451	0.9988495936769112
ENSG00000002180	KCN554	8.0651	-0.0081	-0.0331	0.9741168325480298	0.9988495936769112
ENSG00000000691	MMP62	8.3304	0.0082	0.0361	0.9717443424134246	0.9988495936769112
ENSG00000003273	ADAM164	6.7381	-0.0097	-0.033	0.9741507685027857	0.9988495936769112
ENSG00000002560	DUSP433	4.3004	-0.0162	-0.0334	0.9738795349465116	0.9988495936769112
ENSG00000002020	TOMM614	1.2587	-0.0203	-0.0347	0.9728345613524474	0.9988495936769112
ENSG00000002488	HTR13	1.7703	0.0181	0.032	0.974969076343636	0.9988495936769112
ENSG00000002349	PXN475	1.2837	0.0147	0.0348	0.9727656030886495	0.9988495936769112
ENSG00000001139	TMEM139	2.7966	-0.0182	-0.0322	0.9748131571203376	0.9988495936769112
ENSG00000003191	RAB11FIP390	10.5237	0.0059	0.0302	0.9763589636777823	0.9989456063706438
ENSG00000003591	SIRT155	5.4204	0.0087	0.0302	0.9763412027545966	0.9989456063706438
ENSG00000003736	TLN23	3.0693	-0.0208	-0.0306	0.9760567814039334	0.9989456063706438
ENSG00000002230	SUZ34	3.9216	-0.013	-0.0297	0.9767702480992575	0.9990114847162769
ENSG00000000085	GABR61	4.9119	-0.0169	-0.0295	0.9769367191238822	0.9990114847162769
ENSG00000001162	UGT47	2.9209	0.0149	0.0276	0.978411015002562	0.9994022241549583
ENSG00000003434	ARF439	7.2083	-0.0079	-0.0267	0.9791295461986107	0.9994022241549583
ENSG00000000818	SCN490	4.5867	0.0126	0.0277	0.9783429250019642	0.9994022241549583
ENSG00000002141	SPTB119	2.8718	-0.0176	-0.027	0.9788937164100315	0.9994022241549583
ENSG00000003050	DRD709	1.2201	0.0153	0.0269	0.9789495735353015	0.9994022241549583
ENSG00000003659	ATAD463	8.0122	0.0073	0.0254	0.9801513862770455	0.9994022241549583
ENSG00000002254	CCNB284	8.1816	-0.0061	-0.0247	0.9806570128591433	0.9994022241549583
ENSG00000002046	MRPL241	2.8252	-0.0162	-0.0253	0.9801944442860446	0.9994022241549583
ENSG00000000719	PPP1R256	2.3813	-0.0112	-0.0251	0.980388150183112	0.9994022241549583
ENSG00000002091	DUSP465	1.9975	0.0166	0.0261	0.9795374392516473	0.9994022241549583
ENSG00000002908	SIRT606	2.5222	0.0172	0.0259	0.9797458302686739	0.9994022241549583
ENSG00000000269	SNX24	5.4089	0.0134	0.0275	0.9785140852690004	0.9994022241549583
ENSG00000001426	SCN847	3.2344	0.0157	0.0249	0.9805305378014055	0.9994022241549583
ENSG00000002911	H2AF886	3.8892	0.0147	0.0242	0.9810681354331943	0.9995594720172755
ENSG00000001628	COL113	4.0683	-0.0088	-0.0149	0.9883363955246951	0.9998888791405093
ENSG00000000883	GRIN35	3.1494	-0.0016	-0.0024	0.9981474261046546	0.9998888791405093
ENSG00000000875	CUL257	8.095	-0.0027	-0.0116	0.9908893973537951	0.9998888791405093
ENSG00000000335	TIMM563	10.2762	-0.0028	-0.0158	0.9876483310305602	0.9998888791405093
ENSG00000000329	ADRB388	5.6579	-0.0027	-0.009	0.9929912064138704	0.9998888791405093
ENSG00000003673	KDM613	6.5434	0.008	0.0231	0.9819219724222765	0.9998888791405093
ENSG00000003128	H2AF232	2.8235	0.0014	0.0026	0.9979558850211977	0.9998888791405093
ENSG00000003096	FBXO164	4.997	0.0013	0.0042	0.996707576695173	0.9998888791405093
ENSG00000000747	UGT234	10.4403	-0.0008	-0.0034	0.997341280918757	0.9998888791405093
ENSG00000000118	PPP2R1	4.7946	0.0056	0.0213	0.9833515537016684	0.9998888791405093
ENSG00000001047	H2AF830	4.9526	-0.0001	-0.0002	0.9998223883207207	0.9998888791405093
ENSG00000002582	BRD417	5.1101	0.0003	0.0014	0.998929684281707	0.9998888791405093
ENSG00000000702	SLC15	9.9247	0.0017	0.009	0.9929778475457458	0.9998888791405093
ENSG00000000701	KCN450	8.7796	-0.0035	-0.0171	0.986650690756658	0.9998888791405093
ENSG00000002607	CHRM300	4.3258	0.0089	0.023	0.9820117068948684	0.9998888791405093
ENSG00000002550	HTR344	7.6677	-0.0004	-0.0018	0.9985910089368857	0.9998888791405093
ENSG00000001733	UBE2461	4.9645	0.0013	0.003	0.9976167331544329	0.9998888791405093
ENSG00000003055	COPB561	4.0048	0.0036	0.0066	0.9948337438038649	0.9998888791405093
ENSG00000001122	H2AF277	8.0464	0.0031	0.0074	0.9941821300832911	0.9998888791405093
ENSG00000001119	FBXO493	8.8282	-0.0022	-0.0084	0.9934613411851403	0.9998888791405093
ENSG00000003229	SEC629	8.3833	-0.0026	-0.013	0.9898433053878463	0.9998888791405093
ENSG00000003201	CYP48	8.5515	0.0003	0.0014	0.9989402511083336	0.9998888791405093
ENSG00000003200	CDC18	8.5622	-0.0065	-0.0186	0.9854130175219529	0.9998888791405093
ENSG00000002535	CHRM575	1.4664	-0.0117	-0.0227	0.9822459492301314	0.9998888791405093
ENSG00000003997	DRD76	8.6242	-0.0004	-0.0019	0.9984989593830986	0.9998888791405093
ENSG00000004020	TMEM878	4.3158	0.0002	0.0004	0.9996581425814453	0.9998888791405093
ENSG00000001150	SMARC170	3.3484	-0.0095	-0.0147	0.9885155320237571	0.9998888791405093
ENSG00000002495	RHO594	4.9842	0.001	0.0018	0.9986042467537729	0.9998888791405093
ENSG00000002511	GNA30	2.8297	-0.0033	-0.0069	0.9945846724609753	0.9998888791405093
ENSG00000001836	ACTN486	4.0702	0.0044	0.0082	0.9936068590170236	0.9998888791405093
ENSG00000003272	SPTB450	6.201	-0.0037	-0.0077	0.9939518064450894	0.9998888791405093
ENSG00000000627	FBXO852	3.793	0.0068	0.0102	0.9920284808843187	0.9998888791405093
ENSG00000000619	PXN241	5.4406	0.0001	0.0001	0.9998888791405093	0.9998888791405093
ENSG00000001911	SPTB439	5.8076	-0.0033	-0.011	0.9913782907649391	0.9998888791405093
ENSG00000003315	UGT692	6.4049	-0.0047	-0.0151	0.9881430950071821	0.9998888791405093
ENSG00000001612	ACTN579	5.2174	-0.0026	-0.0084	0.9934518932718261	0.9998888791405093
ENSG00000002704	KRT520	1.808	-0.0133	-0.0207	0.983823013854754	0.9998888791405093
ENSG00000002699	MMP8	6.3889	-0.0087	-0.0224	0.9824734784271203	0.9998888791405093
ENSG00000003922	KDM898	2.2228	-0.0119	-0.0216	0.9831188062410285	0.9998888791405093
ENSG00000001195	UBE2358	1.9041	-0.0065	-0.0135	0.989463762956871	0.9998888791405093
ENSG00000000567	RNF286	3.8362	0.0008	0.0012	0.9990709669592845	0.9998888791405093
ENSG00000000191	GABR336	3.3274	-0.0024	-0.0034	0.9973302433899178	0.9998888791405093
ENSG00000003431	SEC605	4.1754	0.0014	0.0021	0.9983378382055739	0.9998888791405093
ENSG00000001477	TET291	6.6812	-0.0064	-0.0176	0.986214940472772	0.9998888791405093
ENSG00000003451	EIF379	1.482	0.0068	0.016	0.9875078642184651	0.9998888791405093
ENSG00000003840	HTR127	6.739	0.0003	0.0011	0.9991669210532157	0.9998888791405093
ENSG00000002304	TRIM454	6.5587	-0.0018	-0.0044	0.9965202897229264	0.9998888791405093
ENSG00000001447	MMP83	5.2331	-0.002	-0.0039	0.996978703056726	0.9998888791405093
ENSG00000000226	ANAPC229	7.6219	-0.0022	-0.0092	0.9927742346403255	0.9998888791405093
ENSG00000001676	PRKC447	5.9878	-0.0033	-0.0077	0.9939733948647671	0.9998888791405093
ENSG00000004137	KRT138	2.5116	-0.0049	-0.0075	0.9940949325913893	0.9998888791405093
ENSG00000002997	TOMM621	4.1893	0.0021	0.0058	0.9954779253032853	0.9998888791405093
ENSG00000002991	DRD16	7.6769	0.0062	0.0214	0.9832566983343762	0.9998888791405093
ENSG00000000969	ABC435	2.2508	0.0078	0.0143	0.9888013740836857	0.9998888791405093
ENSG00000003585	CHRM132	4.9546	0.004	0.0082	0.9935776933919882	0.9998888791405093
ENSG00000000427	PXN855	7.8394	-0.002	-0.0073	0.9942772670776625	0.9998888791405093
ENSG00000002215	DRD758	9.045	-0.0029	-0.0139	0.9891344077099861	0.9998888791405093
ENSG00000003557	PIK3CA	2.5384	-0.0078	-0.0141	0.9889582801810516	0.9998888791405093
ENSG00000000406	EZH639	4.9546	-0.005	-0.0122	0.9904388412511819	0.9998888791405093
ENSG00000003756	RPL41	14.5159	-0.0039	-0.017	0.9867038326733977	0.9998888791405093
ENSG00000003643	SUZ535	6.5392	0.0061	0.0123	0.9903512590625976	0.9998888791405093
ENSG00000001416	HDAC203	6.0845	-0.0045	-0.0197	0.9846137268774096	0.9998888791405093
ENSG00000000341	RNF822	5.2502	0.0036	0.0069	0.9946243960846568	0.9998888791405093
ENSG00000003653	ABC650	7.0613	-0.0003	-0.0008	0.9993854670207377	0.9998888791405093
ENSG00000000363	SMARC175	4.555	-0.0065	-0.0186	0.985438428661099	0.9998888791405093
ENSG00000002087	TOMM650	4.2874	0.0009	0.0026	0.9979401305767208	0.9998888791405093
ENSG00000000960	UGT329	8.9817	-0.0012	-0.0046	0.9964082156402793	0.9998888791405093
ENSG00000002049	RAB11FIP471	6.3777	-0.0048	-0.0113	0.9911772297075143	0.9998888791405093
ENSG00000003758	KDM293	5.4568	0.0003	0.0006	0.999540793534715	0.9998888791405093
ENSG00000000939	MAPK62	5.8137	-0.0069	-0.0173	0.9864849698768255	0.9998888791405093
ENSG00000002917	ADRB744	5.7418	0.0021	0.0049	0.9961460616091673	0.9998888791405093
ENSG00000002804	MAPK765	4.7119	0.0059	0.0096	0.9925094306328683	0.9998888791405093
