gene_id	gene_symbol	baseline_expression	true_log2_fold_change	is_differential	batch_log2_shift	gene_sets
ENSG00000000001	DNMT278	16.79	0.0	0	0.9159	ADIPOGENESIS;RIBOSOME_BIOGENESIS
ENSG00000000002	TIMM734	3.63	0.0	0	0.1814	MYC_TARGETS
ENSG00000000003	DYNC643	5.63	0.0	0	-0.0994	
ENSG00000000004	USP755	7.62	0.0	0	0.3642	
ENSG00000000005	GABR130	18.49	0.0	0	-0.6943	P53_SIGNALING
ENSG00000000006	DNMT654	60.38	0.0	0	-0.2675	
ENSG00000000007	FBXO780	65.03	0.0	0	1.1532	
ENSG00000000008	GRIN121	1.1	0.0	0	0.5803	
ENSG00000000009	FBXO194	33.12	0.0	0	-0.0516	TGF_BETA_SIGNALING
ENSG00000000010	GRIN456	0.24	0.0	0	-0.5975	TGF_BETA_SIGNALING;PROTEIN_SECRETION
ENSG00000000011	PPP2R421	1.35	0.0	0	0.3201	WNT_BETA_CATENIN_SIGNALING;MAPK_SIGNALING
ENSG00000000012	DNMT260	253.64	0.0	0	0.8867	WNT_BETA_CATENIN_SIGNALING;MYOGENESIS
ENSG00000000013	HDAC271	535.8	0.0	0	-0.2229	
ENSG00000000014	KRT380	821.9	0.0	0	-0.4075	
ENSG00000000015	GABR136	4.25	0.0	0	-0.445	
ENSG00000000016	GABR654	407.56	0.0	0	0.7576	ESTROGEN_RESPONSE
ENSG00000000017	USP23	53.52	0.0	0	-1.4306	HEDGEHOG_SIGNALING
ENSG00000000018	RAB11FIP69	4.59	0.0	0	0.9192	PROTEIN_SECRETION
ENSG00000000019	GATA3	33.35	-2.2192	1	0.3307	GLYCOLYSIS
ENSG00000000020	MRPS449	82.48	0.0	0	-0.5315	
ENSG00000000021	RAB11FIP187	1.32	0.0	0	-0.7825	
ENSG00000000022	SPTB760	108.56	0.0	0	-0.0572	
ENSG00000000023	H2AF542	8.33	0.0	0	0.5408	MAPK_SIGNALING;MYOGENESIS
ENSG00000000024	SUZ321	93.07	0.0	0	-0.6849	MYOGENESIS
ENSG00000000025	TRIM56	0.95	0.0	0	1.2914	
ENSG00000000026	CACN47	26.28	0.0	0	0.7499	TGF_BETA_SIGNALING;HEDGEHOG_SIGNALING;E2F_TARGETS
ENSG00000000027	PLC858	31.67	0.0	0	-0.5945	
ENSG00000000028	RPL476	2337.11	0.0	0	1.1874	
ENSG00000000029	PPP2R825	73.96	0.0	0	0.2608	EXTRACELLULAR_MATRIX_ORGANIZATION
ENSG00000000030	ZNF424	24.79	0.0	0	1.0378	XENOBIOTIC_METABOLISM
ENSG00000000031	SEC86	0.57	0.0	0	-1.0326	ANGIOGENESIS;EXTRACELLULAR_MATRIX_ORGANIZATION
ENSG00000000032	TRIM620	22.28	0.0	0	-2.0808	OXIDATIVE_PHOSPHORYLATION;APOPTOSIS;ESTROGEN_RESPONSE;PROTEIN_SECRETION
ENSG00000000033	PPP1R676	230.52	0.0	0	0.5104	HEDGEHOG_SIGNALING
ENSG00000000034	DNMT385	17.57	0.0	0	-1.1903	CHOLESTEROL_HOMEOSTASIS;NOTCH_SIGNALING
ENSG00000000035	VCL761	31.23	0.0	0	0.3904	ANDROGEN_RESPONSE
ENSG00000000036	ANK268	5.82	0.0	0	1.2866	CHOLESTEROL_HOMEOSTASIS
ENSG00000000037	ABC647	1518.89	0.0	0	-0.0472	REACTIVE_OXYGEN_SPECIES
ENSG00000000038	UGT374	21.66	0.0	0	0.4775	
ENSG00000000039	ARID178	443.79	0.0	0	-0.0853	XENOBIOTIC_METABOLISM
ENSG00000000040	GRIN342	46.42	0.0	0	2.2227	
ENSG00000000041	CDH1	11.1	0.0	0	-1.4545	
ENSG00000000042	KIF221	236.94	0.0	0	0.2002	
ENSG00000000043	CUL463	48.06	0.0	0	1.1069	RIBOSOME_BIOGENESIS
ENSG00000000044	ARF658	64.73	0.0	0	-0.5235	SPERMATOGENESIS;MRNA_SPLICING
ENSG00000000045	DNMT442	18.53	0.0	0	-0.1203	ESTROGEN_RESPONSE
ENSG00000000046	RAB598	23.21	0.0	0	1.3327	EXTRACELLULAR_MATRIX_ORGANIZATION;WNT_BETA_CATENIN_SIGNALING
ENSG00000000047	TMEM716	19.5	0.0	0	0.5642	CHOLESTEROL_HOMEOSTASIS
ENSG00000000048	DYNC505	62.93	0.0	0	0.3142	
ENSG00000000049	PXN846	121.86	0.0	0	1.0924	FATTY_ACID_METABOLISM
ENSG00000000050	DUSP547	14.2	0.0	0	-1.3476	P53_SIGNALING
ENSG00000000051	CDC222	7.08	0.0	0	-1.242	FATTY_ACID_METABOLISM
ENSG00000000052	GRIN746	9.35	0.0	0	0.6002	
ENSG00000000053	SMARC85	93.1	0.0	0	-0.7214	
ENSG00000000054	OR281	0.41	0.0	0	0.0382	
ENSG00000000055	CACN39	2.77	0.0	0	-0.8275	
ENSG00000000056	FBXO756	28.06	0.0	0	0.4943	REACTIVE_OXYGEN_SPECIES
ENSG00000000057	ARID286	259.09	0.0	0	-0.8161	MAPK_SIGNALING
ENSG00000000058	UGT418	65.0	0.0	0	0.679	
ENSG00000000059	CDC735	25.14	0.0	0	0.201	
ENSG00000000060	RPS347	2.25	0.0	0	0.5503	CHOLESTEROL_HOMEOSTASIS;IL6_JAK_STAT3_SIGNALING
ENSG00000000061	TUBB643	108.86	0.0	0	-1.4726	REACTIVE_OXYGEN_SPECIES
ENSG00000000062	EIF120	187.44	-1.3949	1	1.663	DNA_REPAIR;EXTRACELLULAR_MATRIX_ORGANIZATION
ENSG00000000063	MRPS875	94.07	0.0	0	0.2797	
ENSG00000000064	SEC767	14.5	0.0	0	-0.219	
ENSG00000000065	PXN22	28.8	0.0	0	-0.9189	
ENSG00000000066	ARID317	165.46	0.0	0	-0.2282	
ENSG00000000067	HDAC729	17.06	0.0	0	0.8933	
ENSG00000000068	SEC354	33.99	0.0	0	0.8378	ANGIOGENESIS
ENSG00000000069	COL21	3186.94	0.0	0	0.3937	FATTY_ACID_METABOLISM
ENSG00000000070	CYP159	123.48	0.0	0	-0.7685	FATTY_ACID_METABOLISM;AUTOPHAGY;RIBOSOME_BIOGENESIS
ENSG00000000071	RNF636	29.64	1.624	1	-0.0066	RIBOSOME_BIOGENESIS
ENSG00000000072	SUZ500	34.82	0.0	0	-0.3467	MAPK_SIGNALING
ENSG00000000073	KRT495	60.37	0.0	0	-0.1476	DNA_REPAIR
ENSG00000000074	UGT290	39.24	1.9308	1	0.8392	SPERMATOGENESIS
ENSG00000000075	RAB692	688.29	0.0	0	0.7079	EXTRACELLULAR_MATRIX_ORGANIZATION;MAPK_SIGNALING;SPERMATOGENESIS;REACTIVE_OXYGEN_SPECIES
ENSG00000000076	CHRM770	183.45	0.0	0	-1.547	
ENSG00000000077	SEC732	5.92	0.0	0	-0.1248	DNA_REPAIR
ENSG00000000078	EIF91	10.78	0.0	0	0.316	TGF_BETA_SIGNALING
ENSG00000000079	HDAC828	338.75	0.0	0	0.2613	
ENSG00000000080	MYO434	256.27	0.0	0	0.0798	SPERMATOGENESIS
ENSG00000000081	TET194	107.4	0.0	0	-0.0966	P53_SIGNALING
ENSG00000000082	PRKC52	187.74	0.0	0	0.0765	
ENSG00000000083	ABC96	2.68	0.0	0	-0.435	HEDGEHOG_SIGNALING
ENSG00000000084	HIST1H171	23.52	0.0	0	0.9836	
ENSG00000000085	GABR61	35.17	0.0	0	-0.0487	CHOLESTEROL_HOMEOSTASIS;PI3K_AKT_MTOR_SIGNALING
ENSG00000000086	CUL119	8.92	0.0	0	-0.9536	DNA_REPAIR;HYPOXIA;PEROXISOME
ENSG00000000087	CYP143	170.9	0.0	0	-0.1089	
ENSG00000000088	SIRT505	67.39	1.9239	1	0.451	DNA_REPAIR
ENSG00000000089	KIF84	149.14	0.0	0	0.8615	TGF_BETA_SIGNALING
ENSG00000000090	RAB264	657.03	0.0	0	-0.1365	UNFOLDED_PROTEIN_RESPONSE
ENSG00000000091	SLC238	15.1	0.0	0	1.1237	
ENSG00000000092	ANK108	245.05	0.0	0	-0.7811	ANGIOGENESIS
ENSG00000000093	ANAPC121	7.95	0.0	0	-0.2868	
ENSG00000000094	TUBB861	31.67	0.0	0	-0.0176	CHOLESTEROL_HOMEOSTASIS
ENSG00000000095	BRD275	93.64	0.0	0	-0.4132	
ENSG00000000096	EZH636	626.23	0.0	0	0.3534	TGF_BETA_SIGNALING
ENSG00000000097	KIF220	15.85	0.0	0	0.68	FATTY_ACID_METABOLISM;ESTROGEN_RESPONSE
ENSG00000000098	RAB11FIP674	17.49	0.0	0	0.3937	
ENSG00000000099	PPP2R445	34.42	0.0	0	0.4977	E2F_TARGETS
ENSG00000000100	RNF711	61.56	0.0	0	1.513	
ENSG00000000101	ADAM24	14.05	0.0	0	-0.1845	
ENSG00000000102	MRPL211	73.36	0.0	0	-0.0416	ANGIOGENESIS;TGF_BETA_SIGNALING
ENSG00000000103	TET674	59.03	0.0	0	-0.0853	
ENSG00000000104	CHRM444	0.38	0.0	0	-0.1497	
ENSG00000000105	EIF472	20.86	0.0	0	0.9457	
ENSG00000000106	HIST1H896	1317.71	0.0	0	-1.3383	ANGIOGENESIS
ENSG00000000107	ARID635	633.09	0.0	0	-0.8513	OXIDATIVE_PHOSPHORYLATION;PI3K_AKT_MTOR_SIGNALING
ENSG00000000108	TIMM230	48.42	0.0	0	0.0255	INTERFERON_GAMMA_RESPONSE;ESTROGEN_RESPONSE
ENSG00000000109	ABC712	3.02	0.0	0	0.0112	
ENSG00000000110	TUBB820	9.77	0.0	0	0.8538	
ENSG00000000111	GRIN336	1113.17	0.0	0	0.7116	HEDGEHOG_SIGNALING
ENSG00000000112	MYO215	11.27	0.0	0	-0.2261	
ENSG00000000113	ADRB857	43.72	0.0	0	0.1517	FATTY_ACID_METABOLISM;HYPOXIA;NOTCH_SIGNALING
ENSG00000000114	ABC30	487.83	0.0	0	-0.7354	
ENSG00000000115	ACTN22	24.91	0.0	0	0.5341	
ENSG00000000116	CCNB307	1032.53	0.0	0	-1.2774	
ENSG00000000117	TWIST1	56.09	2.8621	1	-0.3918	AUTOPHAGY;HYPOXIA;WNT_BETA_CATENIN_SIGNALING
ENSG00000000118	PPP2R1	42.28	0.0	0	0.223	
ENSG00000000119	RAB11FIP96	20.05	0.0	0	0.3676	
ENSG00000000120	SPTB777	199.42	0.0	0	-0.3708	CELL_CYCLE_G2M_CHECKPOINT;REACTIVE_OXYGEN_SPECIES
ENSG00000000121	DNMT130	605.75	0.0	0	-1.638	
ENSG00000000122	HTR47	670.27	0.0	0	-0.0241	
ENSG00000000123	CDC730	9.59	0.0	0	0.6635	
ENSG00000000124	BRD617	656.03	0.0	0	-0.612	INTERFERON_ALPHA_RESPONSE
ENSG00000000125	PLC398	2.77	0.0	0	1.5376	FATTY_ACID_METABOLISM;ADIPOGENESIS
ENSG00000000126	CACN205	79.01	0.0	0	1.4628	INTERFERON_ALPHA_RESPONSE;HYPOXIA;E2F_TARGETS
ENSG00000000127	CYP745	10.07	0.0	0	-1.0396	AUTOPHAGY;EPITHELIAL_MESENCHYMAL_TRANSITION;EXTRACELLULAR_MATRIX_ORGANIZATION
ENSG00000000128	H2AF321	35.95	0.0	0	-0.4955	ESTROGEN_RESPONSE
ENSG00000000129	TRIM266	167.36	0.0	0	0.3847	UNFOLDED_PROTEIN_RESPONSE
ENSG00000000130	CHRM632	3.19	0.0	0	-0.6702	EXTRACELLULAR_MATRIX_ORGANIZATION
ENSG00000000131	TLN571	1.47	0.0	0	-0.5682	
ENSG00000000132	ANAPC709	104.05	0.0	0	-0.3429	
ENSG00000000133	UBE2859	22.94	0.0	0	-2.336	INTERFERON_ALPHA_RESPONSE
ENSG00000000134	ZNF426	17.86	0.0	0	-0.6235	
ENSG00000000135	OR781	0.45	0.0	0	-0.8132	
ENSG00000000136	PXN717	675.89	0.0	0	0.5775	EPITHELIAL_MESENCHYMAL_TRANSITION
ENSG00000000137	KMT2856	32.67	0.0	0	-0.5887	
ENSG00000000138	SPTB396	39.12	0.0	0	0.1766	ANGIOGENESIS;MAPK_SIGNALING
ENSG00000000139	ADAM88	95.47	0.0	0	0.6845	
ENSG00000000140	KRT11	30.89	0.0	0	-1.0297	
ENSG00000000141	FBXO589	38.74	0.0	0	0.6957	MYOGENESIS
ENSG00000000142	DNMT272	10.38	0.0	0	0.9409	INTERFERON_ALPHA_RESPONSE
ENSG00000000143	ATAD65	117.01	0.0	0	2.2436	
ENSG00000000144	TOMM863	163.59	0.0	0	0.1701	APOPTOSIS;ANDROGEN_RESPONSE
ENSG00000000145	MAPK614	16.54	0.0	0	-0.0737	COAGULATION
ENSG00000000146	ADAM256	3.2	0.0	0	1.6245	EXTRACELLULAR_MATRIX_ORGANIZATION
ENSG00000000147	PXN634	6.51	0.0	0	0.0893	
ENSG00000000148	ATAD646	52.48	0.0	0	0.2929	COAGULATION
ENSG00000000149	PPP2R239	16.31	0.0	0	1.2813	EPITHELIAL_MESENCHYMAL_TRANSITION;REACTIVE_OXYGEN_SPECIES
ENSG00000000150	RHO731	11.21	0.0	0	-0.1782	
ENSG00000000151	DRD287	90.67	0.0	0	-0.5057	
ENSG00000000152	UBE2806	30.07	0.0	0	-0.5857	IL6_JAK_STAT3_SIGNALING
ENSG00000000153	PRKC117	7.6	0.0	0	-1.8248	
ENSG00000000154	TRIM616	8.67	0.0	0	0.3487	
ENSG00000000155	MRPL75	95.65	0.0	0	0.3856	
ENSG00000000156	MYO210	5325.6	0.0	0	0.8288	E2F_TARGETS;RIBOSOME_BIOGENESIS
ENSG00000000157	TRIM213	65.93	0.0	0	-0.0887	
ENSG00000000158	ARF786	5.54	0.0	0	0.6417	
ENSG00000000159	RAB552	44.42	0.0	0	-0.322	P53_SIGNALING;INTERFERON_ALPHA_RESPONSE
ENSG00000000160	PLC648	35.05	0.0	0	-0.8553	
ENSG00000000161	KIF535	46.61	0.0	0	0.588	XENOBIOTIC_METABOLISM
ENSG00000000162	CUL743	48.16	0.0	0	0.882	IL6_JAK_STAT3_SIGNALING;MRNA_SPLICING
ENSG00000000163	KRT268	5.82	0.0	0	-0.3565	MAPK_SIGNALING
ENSG00000000164	PLC322	1.11	0.0	0	0.6667	
ENSG00000000165	DUSP295	43.44	0.0	0	0.1116	UNFOLDED_PROTEIN_RESPONSE;SPERMATOGENESIS
ENSG00000000166	ANK591	16.18	0.0	0	-0.6873	INTERFERON_ALPHA_RESPONSE;REACTIVE_OXYGEN_SPECIES
ENSG00000000167	FBXO782	111.13	0.0	0	0.0149	NOTCH_SIGNALING
ENSG00000000168	GNA817	36.41	0.0	0	1.5796	AUTOPHAGY;EPITHELIAL_MESENCHYMAL_TRANSITION
ENSG00000000169	OR203	9.35	0.0	0	0.074	EXTRACELLULAR_MATRIX_ORGANIZATION
ENSG00000000170	RPS9	907.15	0.0	0	-0.5628	
ENSG00000000171	CYP95	4.63	0.0	0	-0.9109	
ENSG00000000172	TRIM332	5.32	0.0	0	0.7856	
ENSG00000000173	DYNC835	101.22	0.0	0	0.101	P53_SIGNALING;PI3K_AKT_MTOR_SIGNALING
ENSG00000000174	CCNB746	86.62	-1.7527	1	2.0211	DNA_REPAIR;IL6_JAK_STAT3_SIGNALING
ENSG00000000175	ARID518	283.1	0.0	0	1.33	HEDGEHOG_SIGNALING
ENSG00000000176	EIF668	15.05	0.0	0	-1.5076	COAGULATION
ENSG00000000177	ANK154	28.45	0.0	0	-0.5368	CELL_CYCLE_G2M_CHECKPOINT
ENSG00000000178	RPS399	1.94	0.0	0	-0.1943	WNT_BETA_CATENIN_SIGNALING
ENSG00000000179	VCL884	6.78	0.0	0	-0.193	
ENSG00000000180	DUSP23	23.47	0.0	0	0.1903	
ENSG00000000181	PRKC521	13.9	0.0	0	-0.4887	
ENSG00000000182	KIF747	51.12	0.0	0	-0.1897	MAPK_SIGNALING;ESTROGEN_RESPONSE
ENSG00000000183	GNA145	112.52	0.0	0	-0.2811	MAPK_SIGNALING;ADIPOGENESIS;REACTIVE_OXYGEN_SPECIES
ENSG00000000184	ARF141	6842.83	0.0	0	-0.446	
ENSG00000000185	MYO304	5.48	0.0	0	-0.4659	
ENSG00000000186	BRD796	516.99	0.0	0	0.9022	XENOBIOTIC_METABOLISM
ENSG00000000187	CCNB433	96.87	0.0	0	0.2975	CELL_CYCLE_G2M_CHECKPOINT
ENSG00000000188	RNF521	91.88	0.0	0	1.1106	
ENSG00000000189	RPS829	2.29	0.0	0	-1.2041	PEROXISOME
ENSG00000000190	KCN347	59.72	0.0	0	0.1241	
ENSG00000000191	GABR336	7.34	0.0	0	1.1956	ADIPOGENESIS
ENSG00000000192	SEC164	11.24	0.0	0	1.9775	
ENSG00000000193	KIF738	28.92	0.0	0	-0.5687	MRNA_SPLICING
ENSG00000000194	SKP801	26.87	0.0	0	-0.4534	EXTRACELLULAR_MATRIX_ORGANIZATION
ENSG00000000195	SCN317	29.87	0.0	0	-0.5975	AUTOPHAGY
ENSG00000000196	MYO138	13.78	0.0	0	-0.2213	UNFOLDED_PROTEIN_RESPONSE
ENSG00000000197	VPS325	170.56	0.0	0	-0.171	CELL_CYCLE_G2M_CHECKPOINT;COMPLEMENT_CASCADE;NOTCH_SIGNALING
ENSG00000000198	SCN600	7.99	0.0	0	0.1208	
ENSG00000000199	DUSP434	62.92	0.0	0	-1.1413	EPITHELIAL_MESENCHYMAL_TRANSITION;WNT_BETA_CATENIN_SIGNALING
ENSG00000000200	KDM332	177.09	0.0	0	0.2518	INTERFERON_GAMMA_RESPONSE
ENSG00000000201	ADRB72	393.34	0.0	0	1.5433	HYPOXIA
ENSG00000000202	UGT786	303.0	0.0	0	-1.1268	
ENSG00000000203	TMEM169	14.92	0.0	0	0.4761	
ENSG00000000204	RNF188	31.02	0.0	0	-0.7619	
ENSG00000000205	USP76	42.0	0.0	0	-0.7926	
ENSG00000000206	TRIM30	1827.68	0.0	0	-0.6626	PI3K_AKT_MTOR_SIGNALING;MAPK_SIGNALING
ENSG00000000207	RAB807	52.02	-1.4505	1	-0.5962	INFLAMMATORY_RESPONSE
ENSG00000000208	RNF373	25.52	0.0	0	0.0972	EPITHELIAL_MESENCHYMAL_TRANSITION
ENSG00000000209	NLRP3	111.99	2.2138	1	-0.3366	ESTROGEN_RESPONSE
ENSG00000000210	DHX158	27.74	0.0	0	1.4359	
ENSG00000000211	MMP214	108.97	0.0	0	-1.4226	
ENSG00000000212	ANAPC246	2.51	0.0	0	-0.0522	
ENSG00000000213	ADRB842	3.08	0.0	0	0.9624	
ENSG00000000214	BRCA1	52.88	-2.1808	1	-0.7115	
ENSG00000000215	TET70	10.93	0.0	0	1.3543	CHOLESTEROL_HOMEOSTASIS;PROTEIN_SECRETION
ENSG00000000216	SNX222	5.51	0.0	0	0.8413	TGF_BETA_SIGNALING
ENSG00000000217	KMT2691	91.62	0.0	0	-0.6572	XENOBIOTIC_METABOLISM
ENSG00000000218	CDKN2A	8.89	0.0	0	0.0594	E2F_TARGETS
ENSG00000000219	PLC723	27.26	0.0	0	-0.0045	
ENSG00000000220	ARF711	59.43	0.0	0	1.2794	
ENSG00000000221	PPP2R36	2184.28	0.0	0	0.6351	
ENSG00000000222	SEC615	39.15	0.0	0	-0.9505	FATTY_ACID_METABOLISM
ENSG00000000223	TMEM259	4.73	0.0	0	-0.2739	TGF_BETA_SIGNALING;MAPK_SIGNALING
ENSG00000000224	HIST1H330	7.31	0.0	0	-1.1137	
ENSG00000000225	ADAM372	18.19	0.0	0	0.3921	
ENSG00000000226	ANAPC229	219.58	0.0	0	0.7399	
ENSG00000000227	GABR814	11.94	0.0	0	1.8795	
ENSG00000000228	KMT2477	1.01	0.0	0	-0.9101	
ENSG00000000229	RPL621	1751.41	-1.597	1	0.8403	DNA_REPAIR
ENSG00000000230	TOMM292	455.22	0.0	0	1.0761	GLYCOLYSIS;ESTROGEN_RESPONSE
ENSG00000000231	CDC83	427.69	0.0	0	0.8218	AUTOPHAGY;XENOBIOTIC_METABOLISM
ENSG00000000232	KDM642	1.25	0.0	0	-0.3982	TGF_BETA_SIGNALING;REACTIVE_OXYGEN_SPECIES;XENOBIOTIC_METABOLISM
ENSG00000000233	COL515	6.81	0.0	0	0.3859	TGF_BETA_SIGNALING
ENSG00000000234	PPP2R227	2.3	0.0	0	0.7763	APOPTOSIS
ENSG00000000235	PLC743	61.75	0.0	0	-0.3652	
ENSG00000000236	PPP2R721	46.52	0.0	0	1.1396	CELL_CYCLE_G2M_CHECKPOINT
ENSG00000000237	FBXO293	3002.02	0.0	0	1.336	WNT_BETA_CATENIN_SIGNALING;REACTIVE_OXYGEN_SPECIES
ENSG00000000238	VPS401	12.45	0.0	0	-0.6043	
ENSG00000000239	MAPK713	494.07	0.0	0	0.1252	
ENSG00000000240	SNX860	5.24	0.0	0	0.9076	
ENSG00000000241	PXN453	165.07	0.0	0	-0.7948	ANGIOGENESIS;EXTRACELLULAR_MATRIX_ORGANIZATION
ENSG00000000242	GNA659	659.38	0.0	0	0.0835	
ENSG00000000243	COL341	7.9	0.0	0	-0.8926	
ENSG00000000244	ATAD79	30.18	0.0	0	0.6949	SPERMATOGENESIS
ENSG00000000245	TOMM503	21.04	0.0	0	0.1464	
ENSG00000000246	RPS736	51.63	0.0	0	-0.304	PEROXISOME
ENSG00000000247	GRIN753	20.66	0.0	0	1.1074	APOPTOSIS;SPERMATOGENESIS
ENSG00000000248	ATAD158	23.69	0.0	0	0.2209	
ENSG00000000249	GRIN309	0.35	0.0	0	0.352	COMPLEMENT_CASCADE
ENSG00000000250	RPL10	10296.63	0.0	0	0.3347	
ENSG00000000251	PRKC481	184.89	0.0	0	-0.5672	ANDROGEN_RESPONSE
ENSG00000000252	SLC807	41.96	0.0	0	0.6334	
ENSG00000000253	GNA598	205.17	0.0	0	0.8026	UNFOLDED_PROTEIN_RESPONSE;ADIPOGENESIS
ENSG00000000254	MYO621	9.11	0.0	0	-0.0954	
ENSG00000000255	MAPK386	110.98	0.0	0	-0.1974	
ENSG00000000256	BID	50.94	2.6487	1	-0.6993	TNFA_SIGNALING_VIA_NFKB
ENSG00000000257	CCNB138	0.17	0.0	0	0.7149	
ENSG00000000258	SIRT389	24.63	0.0	0	-1.5976	
ENSG00000000259	GNA76	230.67	0.0	0	0.6727	
ENSG00000000260	TIMM841	179.84	0.0	0	0.3989	CELL_CYCLE_G2M_CHECKPOINT;MYOGENESIS
ENSG00000000261	HDAC345	7.12	0.0	0	-2.2121	HEDGEHOG_SIGNALING
ENSG00000000262	EZH84	24.99	0.0	0	1.1934	NOTCH_SIGNALING
ENSG00000000263	KMT2336	444.93	0.0	0	-1.2892	
ENSG00000000264	RPS698	15.0	0.0	0	0.158	NOTCH_SIGNALING
ENSG00000000265	RNF768	682.7	0.0	0	-0.8438	
ENSG00000000266	KRT730	5.33	0.0	0	-0.2572	HEDGEHOG_SIGNALING;REACTIVE_OXYGEN_SPECIES
ENSG00000000267	KIF281	43.08	0.0	0	0.3676	
ENSG00000000268	PALB2	189.19	-1.5595	1	-0.5236	CHOLESTEROL_HOMEOSTASIS;INTERFERON_GAMMA_RESPONSE;TNFA_SIGNALING_VIA_NFKB
ENSG00000000269	SNX24	42.23	0.0	0	0.6286	
ENSG00000000270	ANK332	19.3	0.0	0	1.7598	
ENSG00000000271	VCL360	177.68	0.0	0	-0.1352	
ENSG00000000272	TRIM434	3.68	0.0	0	-0.548	
ENSG00000000273	FZD7	46.26	0.0	0	-0.843	
ENSG00000000274	EZH51	44.93	0.0	0	0.9182	ANDROGEN_RESPONSE
ENSG00000000275	SCN251	56.02	0.0	0	-0.58	
ENSG00000000276	PTCH1	32.61	0.0	0	0.3497	P53_SIGNALING
ENSG00000000277	TRIM364	18.61	0.0	0	0.6	HEDGEHOG_SIGNALING
ENSG00000000278	DDX154	26.32	0.0	0	1.9712	
ENSG00000000279	SLC696	9.73	0.0	0	-0.4291	
ENSG00000000280	TRIM685	14.01	0.0	0	0.5838	
ENSG00000000281	BRD707	13.47	0.0	0	-1.0179	
ENSG00000000282	ABC59	37.78	0.0	0	0.5967	
ENSG00000000283	ATAD163	1.68	0.0	0	-0.4337	
ENSG00000000284	DYNC780	256.96	0.0	0	0.2676	ESTROGEN_RESPONSE
ENSG00000000285	PRKC210	57.58	0.0	0	0.1695	FATTY_ACID_METABOLISM;CELL_CYCLE_G2M_CHECKPOINT
ENSG00000000286	KIF757	86.37	0.0	0	0.4009	CHOLESTEROL_HOMEOSTASIS
ENSG00000000287	ANK441	6.92	0.0	0	-0.4666	CHOLESTEROL_HOMEOSTASIS;APOPTOSIS
ENSG00000000288	DRD6	5.86	0.0	0	-0.4947	
ENSG00000000289	RPL398	60.29	0.0	0	-0.1849	OXIDATIVE_PHOSPHORYLATION;TNFA_SIGNALING_VIA_NFKB
ENSG00000000290	PPP2R767	822.78	0.0	0	-0.1028	
ENSG00000000291	SPTB867	15.82	0.0	0	0.1727	
ENSG00000000292	SLC639	1617.43	0.0	0	0.2669	
ENSG00000000293	TET290	33.83	1.8288	1	0.1946	DNA_REPAIR
ENSG00000000294	ADRB887	23.71	0.0	0	0.5378	MYOGENESIS
ENSG00000000295	PXN69	70.04	0.0	0	-1.141	UNFOLDED_PROTEIN_RESPONSE
ENSG00000000296	ANAPC653	151.14	0.0	0	-0.6416	OXIDATIVE_PHOSPHORYLATION;HEDGEHOG_SIGNALING;MAPK_SIGNALING
ENSG00000000297	SKP13	4.29	0.0	0	0.3248	
ENSG00000000298	MRPS618	11.17	0.0	0	-0.5331	
ENSG00000000299	ZNF52	1240.48	0.0	0	1.7946	GLYCOLYSIS;PI3K_AKT_MTOR_SIGNALING
ENSG00000000300	SCN138	245.33	-1.2415	1	0.3912	
ENSG00000000301	KIF110	60.02	0.0	0	0.2031	
ENSG00000000302	FBXO845	23.75	0.0	0	-0.8023	
ENSG00000000303	PPP1R839	142.97	0.0	0	0.9038	
ENSG00000000304	OR798	77.15	0.0	0	0.5601	SPERMATOGENESIS
ENSG00000000305	SCN870	118.43	0.0	0	-0.3663	
ENSG00000000306	HTR214	901.38	0.0	0	-0.6051	
ENSG00000000307	RPS854	142.04	0.0	0	0.2313	
ENSG00000000308	SUZ4	9.18	0.0	0	0.0193	
ENSG00000000309	ANAPC228	37.26	0.0	0	-0.392	WNT_BETA_CATENIN_SIGNALING
ENSG00000000310	VCL821	60.54	1.7829	1	-0.0441	DNA_REPAIR;PROTEIN_SECRETION
ENSG00000000311	BRD193	9351.5	0.0	0	-0.7517	INFLAMMATORY_RESPONSE
ENSG00000000312	SUZ848	1.45	0.0	0	-0.4924	
ENSG00000000313	DRD171	98.67	0.0	0	1.5366	ADIPOGENESIS
ENSG00000000314	ZNF857	9.91	0.0	0	-0.0583	INTERFERON_GAMMA_RESPONSE
ENSG00000000315	RPS794	68.85	0.0	0	-0.2464	CHOLESTEROL_HOMEOSTASIS
ENSG00000000316	HDAC865	6.14	0.0	0	-0.0436	
ENSG00000000317	SPTB624	160.03	0.0	0	0.6028	CHOLESTEROL_HOMEOSTASIS;PROTEIN_SECRETION
ENSG00000000318	ZNF307	0.8	0.0	0	0.9928	OXIDATIVE_PHOSPHORYLATION
ENSG00000000319	COPB876	21.94	0.0	0	0.6557	IL6_JAK_STAT3_SIGNALING
ENSG00000000320	CDC660	11.73	0.0	0	-0.036	
ENSG00000000321	RAB829	11.33	0.0	0	-0.5914	PROTEIN_SECRETION;RIBOSOME_BIOGENESIS
ENSG00000000322	ANAPC565	178.88	0.0	0	0.0022	
ENSG00000000323	SPTB623	318.61	0.0	0	0.8826	
ENSG00000000324	SLC615	5.28	0.0	0	-0.9706	
ENSG00000000325	CYP820	50.82	0.0	0	-0.0442	
ENSG00000000326	KCN762	111.77	0.0	0	-0.1363	
ENSG00000000327	GRIN264	176.89	0.0	0	-1.9554	IL6_JAK_STAT3_SIGNALING
ENSG00000000328	RPL737	9.5	0.0	0	1.4485	
ENSG00000000329	ADRB388	47.11	0.0	0	1.0799	IL6_JAK_STAT3_SIGNALING
ENSG00000000330	PRKC588	13.82	0.0	0	0.7831	EXTRACELLULAR_MATRIX_ORGANIZATION;SPERMATOGENESIS
ENSG00000000331	DUSP40	580.22	0.0	0	0.0436	ANGIOGENESIS
ENSG00000000332	FBXO538	31.01	0.0	0	1.3388	
ENSG00000000333	COPB887	18.53	0.0	0	1.3751	OXIDATIVE_PHOSPHORYLATION
ENSG00000000334	MLH1	1.12	0.0	0	-0.1938	
ENSG00000000335	TIMM563	1357.95	0.0	0	0.2601	XENOBIOTIC_METABOLISM
ENSG00000000336	DDX846	8.06	0.0	0	0.4551	CHOLESTEROL_HOMEOSTASIS;IL6_JAK_STAT3_SIGNALING
ENSG00000000337	SEC304	1.4	0.0	0	0.8409	E2F_TARGETS
ENSG00000000338	HDAC84	35.7	0.0	0	-1.9686	CHOLESTEROL_HOMEOSTASIS
ENSG00000000339	UBE2734	39.06	0.9085	1	-1.2042	TNFA_SIGNALING_VIA_NFKB
ENSG00000000340	ADRB561	301.0	0.0	0	1.2371	UNFOLDED_PROTEIN_RESPONSE
ENSG00000000341	RNF822	31.45	0.0	0	0.643	
ENSG00000000342	SPTB219	2345.07	0.0	0	0.3178	
ENSG00000000343	TMEM100	200.2	0.0	0	-0.2993	HEDGEHOG_SIGNALING
ENSG00000000344	MRPL402	8.28	0.0	0	0.3527	
ENSG00000000345	VPS729	85.09	0.0	0	1.8812	REACTIVE_OXYGEN_SPECIES
ENSG00000000346	VPS453	2025.72	0.0	0	0.5475	
ENSG00000000347	VPS545	3.08	0.0	0	-0.088	
ENSG00000000348	KDR	37.37	-2.7535	1	0.3041	
ENSG00000000349	CASP8	423.87	-2.4563	1	-0.1484	INTERFERON_ALPHA_RESPONSE
ENSG00000000350	COPB46	431.13	0.0	0	0.2169	
ENSG00000000351	TOMM695	1.58	0.0	0	-0.6537	E2F_TARGETS
ENSG00000000352	TOMM106	53.42	1.4527	1	-0.1367	WNT_BETA_CATENIN_SIGNALING
ENSG00000000353	CEBPA	38.9	-2.839	1	-1.0633	TNFA_SIGNALING_VIA_NFKB
ENSG00000000354	ADRB12	84.96	1.9821	1	-0.5304	TGF_BETA_SIGNALING
ENSG00000000355	RAB235	1087.74	0.0	0	-0.1544	
ENSG00000000356	TMEM687	377.49	0.0	0	0.0275	
ENSG00000000357	SCN399	810.96	0.0	0	-0.1311	
ENSG00000000358	ADAM771	4.29	0.0	0	0.331	TNFA_SIGNALING_VIA_NFKB
ENSG00000000359	GNA90	56.45	0.0	0	-0.645	WNT_BETA_CATENIN_SIGNALING
ENSG00000000360	HDAC785	1495.74	0.0	0	0.7166	
ENSG00000000361	KDM605	48.15	0.0	0	0.3601	OXIDATIVE_PHOSPHORYLATION;AUTOPHAGY
ENSG00000000362	SCN240	9.69	0.0	0	-0.4684	
ENSG00000000363	SMARC175	33.78	0.0	0	-0.4502	XENOBIOTIC_METABOLISM
ENSG00000000364	ABC50	8.25	0.0	0	-0.1443	
ENSG00000000365	TRIM590	230.07	0.0	0	1.1423	
ENSG00000000366	CUL158	43.76	0.0	0	-0.7179	
ENSG00000000367	ADAM410	6477.61	0.0	0	0.3733	
ENSG00000000368	RPL817	2.4	0.0	0	-1.2166	
ENSG00000000369	EIF211	77.45	0.0	0	0.8419	DNA_REPAIR
ENSG00000000370	PXN161	37.69	0.0	0	-0.3688	
ENSG00000000371	FOXO3	157.47	2.6953	1	-0.4435	DNA_REPAIR;ESTROGEN_RESPONSE
ENSG00000000372	SIRT632	235.58	1.3445	1	0.6142	
ENSG00000000373	RAB411	7.99	0.0	0	1.8658	DNA_REPAIR
ENSG00000000374	PLC99	270.14	0.0	0	-0.2212	
ENSG00000000375	UGT180	5.03	0.0	0	0.0944	
ENSG00000000376	DRD23	66.92	0.0	0	0.5984	
ENSG00000000377	DRD848	3.81	0.0	0	-0.5707	MAPK_SIGNALING
ENSG00000000378	TOMM581	25.25	0.0	0	-0.5258	
ENSG00000000379	NR5A2	52.4	0.0	0	0.6777	COMPLEMENT_CASCADE;PEROXISOME;REACTIVE_OXYGEN_SPECIES
ENSG00000000380	DYNC403	985.85	0.0	0	0.8143	
ENSG00000000381	TET249	4.67	0.0	0	-0.3219	DNA_REPAIR
ENSG00000000382	ACTN467	0.56	0.0	0	-0.2404	
ENSG00000000383	ADRB499	3.22	0.0	0	0.1068	
ENSG00000000384	DYNC254	16.67	0.0	0	-1.1146	XENOBIOTIC_METABOLISM
ENSG00000000385	EZH89	11.01	0.0	0	0.7824	
ENSG00000000386	SREBF1	2.87	0.0	0	0.4257	REACTIVE_OXYGEN_SPECIES
ENSG00000000387	PLC629	24.56	0.0	0	-0.0666	
ENSG00000000388	CCNB720	20.33	0.0	0	0.2972	AUTOPHAGY
ENSG00000000389	RAB153	33.8	0.0	0	0.6264	OXIDATIVE_PHOSPHORYLATION
ENSG00000000390	SUZ403	42.63	0.0	0	0.1437	
ENSG00000000391	TRIM478	22.12	0.0	0	-0.0056	
ENSG00000000392	OR228	2.45	0.0	0	0.6522	INTERFERON_ALPHA_RESPONSE;EXTRACELLULAR_MATRIX_ORGANIZATION
ENSG00000000393	KIF797	82.33	0.0	0	-0.8901	WNT_BETA_CATENIN_SIGNALING
ENSG00000000394	BRD308	2.44	0.0	0	0.8629	INTERFERON_GAMMA_RESPONSE;WNT_BETA_CATENIN_SIGNALING;HEDGEHOG_SIGNALING
ENSG00000000395	SUZ83	83.65	0.0	0	0.9325	CHOLESTEROL_HOMEOSTASIS
ENSG00000000396	MAPK269	151.89	0.0	0	-0.0033	
ENSG00000000397	COPB747	29.29	1.4592	1	-0.6806	INFLAMMATORY_RESPONSE
ENSG00000000398	ARID388	3.23	0.0	0	1.036	
ENSG00000000399	MAPK845	110.87	0.0	0	1.7479	CELL_CYCLE_G2M_CHECKPOINT;COMPLEMENT_CASCADE
ENSG00000000400	GRIN705	143.79	0.0	0	-0.2881	
ENSG00000000401	RPS27	17164.63	0.0	0	0.3894	COAGULATION
ENSG00000000402	KDM431	37.08	0.0	0	-0.0612	
ENSG00000000403	ARF70	357.86	0.0	0	0.6039	
ENSG00000000404	VCL355	15.42	0.0	0	0.5319	ANGIOGENESIS
ENSG00000000405	DYNC364	15.14	0.0	0	-0.9736	IL6_JAK_STAT3_SIGNALING
ENSG00000000406	EZH639	47.78	0.0	0	-0.4049	
ENSG00000000407	ACTN636	6.73	0.0	0	-0.6798	
ENSG00000000408	SIRT743	13.64	0.0	0	0.3153	
ENSG00000000409	TRIM531	36.21	0.0	0	-0.2281	COMPLEMENT_CASCADE
ENSG00000000410	ANAPC779	109.23	0.0	0	0.4691	CHOLESTEROL_HOMEOSTASIS;PI3K_AKT_MTOR_SIGNALING
ENSG00000000411	EZH494	2078.14	0.0	0	1.9301	
ENSG00000000412	DUSP764	1612.09	0.0	0	1.7702	INTERFERON_GAMMA_RESPONSE
ENSG00000000413	TUBB608	227.74	0.0	0	0.6389	SPERMATOGENESIS
ENSG00000000414	RAB779	116.25	0.0	0	1.7324	
ENSG00000000415	DRD280	51.79	0.0	0	-1.0221	
ENSG00000000416	ARF476	3.15	0.0	0	-0.2133	HEDGEHOG_SIGNALING
ENSG00000000417	TET681	12.28	0.0	0	-0.2936	
ENSG00000000418	ADRB404	1111.56	0.0	0	0.6913	IL6_JAK_STAT3_SIGNALING
ENSG00000000419	ATAD518	1.76	0.0	0	-0.3267	COMPLEMENT_CASCADE
ENSG00000000420	SMARC558	63.6	0.0	0	1.0952	CHOLESTEROL_HOMEOSTASIS;RIBOSOME_BIOGENESIS
ENSG00000000421	SUZ202	17.2	0.0	0	1.1228	NOTCH_SIGNALING
ENSG00000000422	TRIM895	37.36	0.0	0	-1.4253	
ENSG00000000423	EZH545	134.83	0.0	0	0.734	WNT_BETA_CATENIN_SIGNALING
ENSG00000000424	SUZ621	5.03	0.0	0	0.1603	
ENSG00000000425	ANK386	2.11	0.0	0	1.1363	APOPTOSIS;ANGIOGENESIS
ENSG00000000426	SLC279	3.04	0.0	0	-0.481	MYOGENESIS
ENSG00000000427	PXN855	220.53	0.0	0	0.4501	
ENSG00000000428	DUSP64	12.76	0.0	0	-0.2077	
ENSG00000000429	TIMM741	90.39	0.0	0	1.7736	TGF_BETA_SIGNALING
ENSG00000000430	RAB11FIP480	28.23	0.0	0	-1.4092	SPERMATOGENESIS
ENSG00000000431	SUZ761	8.34	0.0	0	0.4629	DNA_REPAIR;REACTIVE_OXYGEN_SPECIES
ENSG00000000432	HTR135	287.99	0.0	0	0.3058	
ENSG00000000433	DDX200	15.84	0.0	0	-1.2624	E2F_TARGETS;REACTIVE_OXYGEN_SPECIES
ENSG00000000434	TLN484	110.57	0.0	0	-0.0273	
ENSG00000000435	DHX610	31.14	0.0	0	-1.1195	OXIDATIVE_PHOSPHORYLATION;ANGIOGENESIS;HEDGEHOG_SIGNALING
ENSG00000000436	ABC399	29.37	0.0	0	1.77	
ENSG00000000437	RHO881	276.08	0.0	0	-1.279	
ENSG00000000438	OR182	2.51	0.0	0	0.1292	DNA_REPAIR
ENSG00000000439	MRPL201	23.15	0.0	0	-0.5584	
ENSG00000000440	GRIN761	302.66	0.0	0	0.2384	GLYCOLYSIS;WNT_BETA_CATENIN_SIGNALING;NOTCH_SIGNALING
ENSG00000000441	TOMM348	31.1	0.0	0	0.37	EPITHELIAL_MESENCHYMAL_TRANSITION
ENSG00000000442	VCL28	8.46	0.0	0	-0.7728	
ENSG00000000443	HDAC102	3.6	0.0	0	1.6703	
ENSG00000000444	SCN605	935.16	0.0	0	0.0519	
ENSG00000000445	DUSP640	492.95	0.0	0	0.3779	
ENSG00000000446	TLN137	55.09	0.0	0	0.3606	REACTIVE_OXYGEN_SPECIES
ENSG00000000447	TRIM724	45.96	0.0	0	-0.1724	
ENSG00000000448	INS	3.67	0.0	0	0.8007	
ENSG00000000449	SMARC25	295.9	0.0	0	-1.2966	TGF_BETA_SIGNALING
ENSG00000000450	DDX736	298.51	0.0	0	-0.2258	ADIPOGENESIS
ENSG00000000451	KMT2243	38.35	0.0	0	-0.8774	AUTOPHAGY;SPERMATOGENESIS
ENSG00000000452	RPS433	2.64	0.0	0	-0.5496	
ENSG00000000453	RAB11FIP590	3.97	0.0	0	1.2401	ESTROGEN_RESPONSE
ENSG00000000454	KDM816	2.14	0.0	0	1.5505	MAPK_SIGNALING
ENSG00000000455	EZH570	21.44	0.0	0	0.6475	
ENSG00000000456	RPL710	30.38	0.0	0	0.2485	TGF_BETA_SIGNALING
ENSG00000000457	EZH329	49.52	-1.3793	1	0.1139	DNA_REPAIR;APOPTOSIS;INFLAMMATORY_RESPONSE;WNT_BETA_CATENIN_SIGNALING;SPERMATOGENESIS;PROTEIN_SECRETION
ENSG00000000458	KIF339	7131.09	0.0	0	-0.3374	
ENSG00000000459	DUSP310	1260.76	0.0	0	0.1142	INTERFERON_ALPHA_RESPONSE;E2F_TARGETS
ENSG00000000460	ANK314	251.19	0.0	0	0.9149	TGF_BETA_SIGNALING
ENSG00000000461	RAB570	211.41	0.0	0	-1.0712	
ENSG00000000462	BRD592	126.29	0.0	0	-0.4212	IL6_JAK_STAT3_SIGNALING;MRNA_SPLICING
ENSG00000000463	BRD695	4.52	0.0	0	0.8642	
ENSG00000000464	EIF175	174.79	0.0	0	-0.42	
ENSG00000000465	KIF555	80.1	0.0	0	0.7831	
ENSG00000000466	GABR360	40.3	0.0	0	-0.5604	INTERFERON_ALPHA_RESPONSE;PI3K_AKT_MTOR_SIGNALING
ENSG00000000467	ABC135	76.62	0.0	0	-0.5161	INTERFERON_ALPHA_RESPONSE;PI3K_AKT_MTOR_SIGNALING
ENSG00000000468	ARF386	236.43	0.0	0	-0.6566	
ENSG00000000469	GNA742	28.24	-1.1849	1	-0.6663	HYPOXIA;EXTRACELLULAR_MATRIX_ORGANIZATION
ENSG00000000470	TUBB494	12.16	0.0	0	0.3956	INTERFERON_ALPHA_RESPONSE
ENSG00000000471	CUL844	209.74	0.0	0	0.6098	TGF_BETA_SIGNALING
ENSG00000000472	ADRB476	167.66	0.0	0	0.0369	SPERMATOGENESIS
ENSG00000000473	GNA564	11.31	0.0	0	0.7218	HYPOXIA;NOTCH_SIGNALING
ENSG00000000474	MRPS433	19.26	0.0	0	1.6425	ADIPOGENESIS
ENSG00000000475	ANK697	14.88	0.0	0	-0.0928	WNT_BETA_CATENIN_SIGNALING
ENSG00000000476	SNX867	238.75	0.0	0	0.1788	GLYCOLYSIS;TGF_BETA_SIGNALING
ENSG00000000477	CACN257	26.27	0.0	0	0.6497	OXIDATIVE_PHOSPHORYLATION
ENSG00000000478	USP297	0.69	0.0	0	0.7803	IL6_JAK_STAT3_SIGNALING
ENSG00000000479	CDC199	24.02	0.0	0	0.5678	
ENSG00000000480	CHRM647	1089.07	0.0	0	0.1923	EPITHELIAL_MESENCHYMAL_TRANSITION;EXTRACELLULAR_MATRIX_ORGANIZATION
ENSG00000000481	RPS120	1.54	0.0	0	-0.1067	SPERMATOGENESIS
ENSG00000000482	BRD328	706.64	0.0	0	0.6464	
ENSG00000000483	TUBB91	345.87	0.0	0	0.2565	
ENSG00000000484	UBE2741	10.06	0.0	0	0.4627	UNFOLDED_PROTEIN_RESPONSE
ENSG00000000485	KCN110	47.68	0.0	0	-1.0652	PEROXISOME
ENSG00000000486	COL507	0.73	0.0	0	0.1694	P53_SIGNALING
ENSG00000000487	MMP351	68.97	0.0	0	0.2485	
ENSG00000000488	RPL255	6.21	0.0	0	-0.1431	
ENSG00000000489	CACN451	13.16	0.0	0	0.7516	WNT_BETA_CATENIN_SIGNALING
ENSG00000000490	TET447	486.86	0.0	0	-2.1669	
ENSG00000000491	TOMM720	16.8	0.0	0	-0.3548	DNA_REPAIR;MYOGENESIS
ENSG00000000492	SPTB579	37.33	0.0	0	-0.5776	
ENSG00000000493	USP830	33.94	0.0	0	-0.9446	
ENSG00000000494	KRT172	29.46	0.0	0	-0.2362	ESTROGEN_RESPONSE
ENSG00000000495	CHRM190	3.61	0.0	0	0.0356	HYPOXIA;MAPK_SIGNALING;MYC_TARGETS;ANDROGEN_RESPONSE
ENSG00000000496	ADRB177	11.26	0.0	0	-0.6972	MYOGENESIS
ENSG00000000497	DRD688	83.4	0.0	0	-0.7802	REACTIVE_OXYGEN_SPECIES
ENSG00000000498	MRPL315	139.65	0.0	0	0.2734	
ENSG00000000499	SMARC389	48.58	0.0	0	-0.1531	MRNA_SPLICING
ENSG00000000500	ACTN747	24.08	0.0	0	0.563	MYOGENESIS
ENSG00000000501	CDC658	1.54	0.0	0	1.0936	
ENSG00000000502	TUBB249	9.13	0.0	0	0.403	XENOBIOTIC_METABOLISM
ENSG00000000503	ADRB142	99.51	0.0	0	-0.8611	
ENSG00000000504	CYP683	67.14	0.0	0	-1.8512	
ENSG00000000505	MDM2	2.19	0.0	0	-0.3131	SPERMATOGENESIS
ENSG00000000506	ADAM894	60.28	0.0	0	1.0349	
ENSG00000000507	TLN556	3.92	0.0	0	-0.489	XENOBIOTIC_METABOLISM
ENSG00000000508	MAPK270	27.49	0.0	0	-0.0679	COMPLEMENT_CASCADE
ENSG00000000509	FBXO597	54.32	0.0	0	1.5071	NOTCH_SIGNALING
ENSG00000000510	PXN766	4.34	0.0	0	-0.4099	ANGIOGENESIS;SPERMATOGENESIS
ENSG00000000511	USP153	153.13	0.0	0	0.2959	COMPLEMENT_CASCADE;EXTRACELLULAR_MATRIX_ORGANIZATION;ANDROGEN_RESPONSE;PEROXISOME
ENSG00000000512	KMT2268	7.54	0.0	0	0.8284	PI3K_AKT_MTOR_SIGNALING;REACTIVE_OXYGEN_SPECIES
ENSG00000000513	NQO1	108.54	-1.6755	1	0.3219	TNFA_SIGNALING_VIA_NFKB;MRNA_SPLICING
ENSG00000000514	SNX611	1.75	0.0	0	0.272	MYOGENESIS;PEROXISOME
ENSG00000000515	TOMM136	142.96	0.0	0	-1.0246	APOPTOSIS
ENSG00000000516	RNF540	114.04	0.0	0	-0.9624	
ENSG00000000517	DRD655	31.46	0.0	0	0.6469	CHOLESTEROL_HOMEOSTASIS
ENSG00000000518	SUZ863	0.87	0.0	0	-0.0453	MYOGENESIS
ENSG00000000519	CYP483	85.1	0.0	0	-0.2612	INTERFERON_GAMMA_RESPONSE;SPERMATOGENESIS
ENSG00000000520	GABR151	330.61	0.0	0	0.1377	
ENSG00000000521	DYNC298	63.45	0.0	0	1.7015	SPERMATOGENESIS
ENSG00000000522	VEGFB	53.88	0.0	0	-0.6985	FATTY_ACID_METABOLISM;AUTOPHAGY;SPERMATOGENESIS
ENSG00000000523	ADAM639	31.2	0.0	0	0.7002	
ENSG00000000524	SIRT365	18.54	0.0	0	0.9631	
ENSG00000000525	CDC93	3.18	0.0	0	-1.126	
ENSG00000000526	CDC736	19.35	0.0	0	1.361	
ENSG00000000527	PPP1R836	52.56	0.0	0	0.2391	COMPLEMENT_CASCADE
ENSG00000000528	TLN821	8.03	0.0	0	-0.1989	
ENSG00000000529	RNF448	16.22	0.0	0	-0.6252	
ENSG00000000530	KMT2307	201.61	0.0	0	-0.1475	COAGULATION;MAPK_SIGNALING
ENSG00000000531	ARID737	8.38	0.0	0	0.688	
ENSG00000000532	ARF22	39.71	0.0	0	0.3218	HYPOXIA;RIBOSOME_BIOGENESIS;REACTIVE_OXYGEN_SPECIES
ENSG00000000533	TRIM624	50.29	0.0	0	-0.1757	
ENSG00000000534	RPS4	0.69	0.0	0	0.5195	MYOGENESIS;XENOBIOTIC_METABOLISM
ENSG00000000535	ANK265	159.79	0.0	0	0.1655	
ENSG00000000536	TIMM628	79.14	0.0	0	1.4856	
ENSG00000000537	PPP2R521	163.58	0.0	0	0.0968	
ENSG00000000538	HIST1H82	1.39	0.0	0	0.9541	INTERFERON_GAMMA_RESPONSE
ENSG00000000539	DHX638	4.2	0.0	0	-0.0954	P53_SIGNALING
ENSG00000000540	DHX392	4220.11	0.0	0	0.9076	
ENSG00000000541	ACTN195	483.62	0.0	0	-1.9464	CHOLESTEROL_HOMEOSTASIS
ENSG00000000542	TET559	83.31	0.0	0	0.3219	
ENSG00000000543	ZNF480	375.66	0.0	0	-0.2078	PROTEIN_SECRETION
ENSG00000000544	KDM705	277.33	0.0	0	0.7138	
ENSG00000000545	CCND1	1039.82	2.893	1	1.2257	FATTY_ACID_METABOLISM
ENSG00000000546	SPTB690	8.58	0.0	0	0.6685	NOTCH_SIGNALING
ENSG00000000547	COPB639	0.34	0.0	0	1.1085	OXIDATIVE_PHOSPHORYLATION;PROTEIN_SECRETION
ENSG00000000548	ANAPC726	107.74	0.0	0	0.9331	GLYCOLYSIS;ANGIOGENESIS
ENSG00000000549	ANK401	0.55	0.0	0	-1.4835	SPERMATOGENESIS
ENSG00000000550	ARID241	283.17	0.0	0	0.0716	
ENSG00000000551	ADAM68	45.97	0.0	0	0.64	
ENSG00000000552	EZH184	2.48	0.0	0	-0.0905	COMPLEMENT_CASCADE;PI3K_AKT_MTOR_SIGNALING
ENSG00000000553	DDX155	16.75	0.0	0	0.0284	
ENSG00000000554	OR136	18.5	0.0	0	0.0175	
ENSG00000000555	SLC133	31.73	0.0	0	0.8871	INTERFERON_ALPHA_RESPONSE;COMPLEMENT_CASCADE;HEDGEHOG_SIGNALING
ENSG00000000556	SPTB841	7.41	0.0	0	-0.3512	CHOLESTEROL_HOMEOSTASIS
ENSG00000000557	SPTB278	1.93	0.0	0	0.7488	CELL_CYCLE_G2M_CHECKPOINT;ANGIOGENESIS
ENSG00000000558	ACTN345	77.29	0.0	0	-0.3157	
ENSG00000000559	KRT298	40.7	0.0	0	1.8011	
ENSG00000000560	BRD508	139.62	0.0	0	-0.4249	
ENSG00000000561	SNX248	3.55	0.0	0	-0.0166	NOTCH_SIGNALING
ENSG00000000562	ZNF396	137.49	0.0	0	-0.7662	
ENSG00000000563	ARF415	2.39	0.0	0	0.5642	PEROXISOME
ENSG00000000564	PLC759	422.64	0.0	0	-0.4032	
ENSG00000000565	CACN4	70.22	0.0	0	-0.372	
ENSG00000000566	UGT612	56.84	0.0	0	1.7318	
ENSG00000000567	RNF286	24.7	0.0	0	-0.3886	AUTOPHAGY;ANDROGEN_RESPONSE
ENSG00000000568	ACTN267	5.74	0.0	0	1.7394	
ENSG00000000569	RAB11FIP130	22.63	0.0	0	0.2279	FATTY_ACID_METABOLISM;TGF_BETA_SIGNALING
ENSG00000000570	CYP754	196.26	0.0	0	-0.0928	
ENSG00000000571	ACTN556	41.5	0.0	0	0.3928	PI3K_AKT_MTOR_SIGNALING
ENSG00000000572	GRIN527	4.83	0.0	0	0.1585	
ENSG00000000573	MRPL200	198.66	0.0	0	0.1053	
ENSG00000000574	MYO277	514.46	0.0	0	0.0825	
ENSG00000000575	EIF566	364.17	0.0	0	-0.6582	PEROXISOME
ENSG00000000576	UBE2705	1.05	0.0	0	-0.882	
ENSG00000000577	DYNC354	215.81	0.0	0	-1.6791	CHOLESTEROL_HOMEOSTASIS;TGF_BETA_SIGNALING
ENSG00000000578	SMARC753	13.08	0.0	0	0.4571	IL6_JAK_STAT3_SIGNALING;PROTEIN_SECRETION
ENSG00000000579	SUZ189	1.76	0.0	0	-2.1465	WNT_BETA_CATENIN_SIGNALING;REACTIVE_OXYGEN_SPECIES
ENSG00000000580	HDAC568	38.27	0.0	0	-2.1135	
ENSG00000000581	ACTA2	64.71	2.6788	1	1.5568	
ENSG00000000582	CHRM14	143.39	0.0	0	1.9952	
ENSG00000000583	TLN757	15.4	0.0	0	0.1379	E2F_TARGETS
ENSG00000000584	RAB11FIP454	246.44	0.0	0	-0.2431	
ENSG00000000585	PRKC566	216.59	0.0	0	0.3425	FATTY_ACID_METABOLISM
ENSG00000000586	ARF343	8.76	0.0	0	-0.3963	EXTRACELLULAR_MATRIX_ORGANIZATION
ENSG00000000587	TOMM735	57.58	0.0	0	0.1579	EPITHELIAL_MESENCHYMAL_TRANSITION
ENSG00000000588	SEC31	1788.48	0.0	0	1.3525	
ENSG00000000589	VCL633	4.47	0.0	0	-1.417	E2F_TARGETS
ENSG00000000590	ADRB295	22.01	0.0	0	-0.246	TGF_BETA_SIGNALING;MRNA_SPLICING
ENSG00000000591	CDC331	250.97	0.0	0	-0.739	
ENSG00000000592	SIRT266	8.35	0.0	0	0.7335	
ENSG00000000593	VCL728	33.7	0.0	0	-1.3314	
ENSG00000000594	ADRB892	10.88	0.0	0	0.9241	
ENSG00000000595	ARID515	4.47	0.0	0	-0.1877	
ENSG00000000596	GABR135	25.93	0.0	0	0.2241	
ENSG00000000597	OR538	44.41	0.0	0	0.2328	RIBOSOME_BIOGENESIS
ENSG00000000598	SNX779	17.01	0.0	0	-1.1177	PI3K_AKT_MTOR_SIGNALING
ENSG00000000599	HIST1H121	133.28	0.0	0	-1.0004	MAPK_SIGNALING
ENSG00000000600	CHRM359	315.9	0.0	0	-0.0936	P53_SIGNALING
ENSG00000000601	DUSP672	1.28	0.0	0	-0.5784	GLYCOLYSIS
ENSG00000000602	SEC189	146.1	0.0	0	-0.1403	
ENSG00000000603	COL732	46.11	0.0	0	0.4952	
ENSG00000000604	KDM799	227.48	0.0	0	-0.2149	
ENSG00000000605	CHRM542	106.72	0.0	0	-0.5994	
ENSG00000000606	HDAC33	37.69	0.0	0	0.4972	TNFA_SIGNALING_VIA_NFKB;COMPLEMENT_CASCADE;MAPK_SIGNALING;REACTIVE_OXYGEN_SPECIES
ENSG00000000607	COPB23	6.75	0.0	0	-0.4978	
ENSG00000000608	TUBB287	150.82	0.0	0	2.0509	HYPOXIA
ENSG00000000609	MYO419	102.23	0.0	0	-2.1697	
ENSG00000000610	ZNF204	14.0	0.0	0	1.3956	
ENSG00000000611	COL681	6.4	0.0	0	-0.4428	ANGIOGENESIS
ENSG00000000612	CHRM53	38.71	0.0	0	1.1165	
ENSG00000000613	GRIN437	63.59	0.0	0	0.2564	
ENSG00000000614	ABC285	6.74	0.0	0	-0.3517	HEDGEHOG_SIGNALING
ENSG00000000615	GRIN676	114.45	0.0	0	-1.1822	
ENSG00000000616	CACN353	15.5	0.0	0	0.4007	ADIPOGENESIS
ENSG00000000617	CCNB884	399.51	0.0	0	-1.0833	
ENSG00000000618	ABC866	80.06	0.0	0	1.1185	
ENSG00000000619	PXN241	51.53	0.0	0	-0.3216	
ENSG00000000620	RPL87	2.67	0.0	0	0.3303	
ENSG00000000621	ARID832	25.56	0.0	0	-0.4995	
ENSG00000000622	SUZ177	13.54	0.0	0	0.1771	EPITHELIAL_MESENCHYMAL_TRANSITION;E2F_TARGETS
ENSG00000000623	RAB11FIP505	65.28	0.0	0	-0.0231	
ENSG00000000624	EZH238	1.16	0.0	0	1.4769	EXTRACELLULAR_MATRIX_ORGANIZATION
ENSG00000000625	USP631	5.76	0.0	0	0.004	AUTOPHAGY
ENSG00000000626	MRPS654	168.39	0.0	0	-0.8092	COAGULATION
ENSG00000000627	FBXO852	12.29	0.0	0	0.3659	E2F_TARGETS;PEROXISOME;REACTIVE_OXYGEN_SPECIES
ENSG00000000628	KMT2543	55.82	0.0	0	-0.0125	PEROXISOME
ENSG00000000629	ACTN761	7.88	0.0	0	-0.0378	NOTCH_SIGNALING
ENSG00000000630	ARID519	3.9	0.0	0	-0.9536	
ENSG00000000631	ARID720	157.04	0.0	0	1.2401	MAPK_SIGNALING;PROTEIN_SECRETION
ENSG00000000632	DDX868	42.99	0.0	0	0.9658	
ENSG00000000633	ADAM866	15.16	0.0	0	0.8737	ANDROGEN_RESPONSE
ENSG00000000634	CASP1	4.45	0.0	0	0.9449	
ENSG00000000635	BRD310	2.64	0.0	0	0.7463	NOTCH_SIGNALING
ENSG00000000636	VCL57	3.31	0.0	0	-1.0188	
ENSG00000000637	TOMM780	18.39	0.0	0	-0.3134	NOTCH_SIGNALING
ENSG00000000638	PRKC307	855.16	0.0	0	-0.3562	P53_SIGNALING;PI3K_AKT_MTOR_SIGNALING
ENSG00000000639	MYO843	62.99	0.0	0	0.1216	OXIDATIVE_PHOSPHORYLATION;MAPK_SIGNALING
ENSG00000000640	VCL61	0.47	0.0	0	-0.4711	
ENSG00000000641	UBE2485	56.61	0.0	0	0.0685	MYC_TARGETS
ENSG00000000642	CUL518	556.17	0.0	0	0.1888	HYPOXIA
ENSG00000000643	TOMM70	7.06	0.0	0	-0.7329	DNA_REPAIR;WNT_BETA_CATENIN_SIGNALING
ENSG00000000644	ABC665	153.88	0.0	0	0.4349	
ENSG00000000645	SMARC7	139.47	0.0	0	-0.4498	
ENSG00000000646	SLC327	138.32	0.0	0	-1.6788	
ENSG00000000647	RAB11FIP791	127.68	0.0	0	1.1165	
ENSG00000000648	CDC195	889.75	0.0	0	0.0136	DNA_REPAIR
ENSG00000000649	RAB11FIP75	92.57	0.0	0	0.1564	
ENSG00000000650	CACN144	1249.26	0.0	0	0.9519	NOTCH_SIGNALING
ENSG00000000651	RAB749	90.42	0.0	0	1.0198	UNFOLDED_PROTEIN_RESPONSE
ENSG00000000652	GABR58	27.23	0.0	0	-0.77	
ENSG00000000653	MMP284	40.73	0.0	0	0.3598	ESTROGEN_RESPONSE
ENSG00000000654	PXN50	24.12	0.0	0	-0.3837	
ENSG00000000655	ABC727	77.72	0.0	0	0.4042	
ENSG00000000656	PRKC637	308.7	0.0	0	-1.8124	
ENSG00000000657	DHX719	794.54	0.0	0	-0.5168	DNA_REPAIR
ENSG00000000658	ADAM305	42.15	0.0	0	0.3871	PI3K_AKT_MTOR_SIGNALING
ENSG00000000659	KEAP1	219.55	2.6938	1	0.656	TNFA_SIGNALING_VIA_NFKB;HEDGEHOG_SIGNALING
ENSG00000000660	KMT2537	2.89	0.0	0	0.045	PI3K_AKT_MTOR_SIGNALING
ENSG00000000661	PLC306	11.04	0.0	0	-0.1163	
ENSG00000000662	ATAD159	19.74	0.0	0	-0.7321	DNA_REPAIR
ENSG00000000663	RAB11FIP696	15.98	0.0	0	1.399	ANGIOGENESIS;E2F_TARGETS
ENSG00000000664	ZNF328	1.61	0.0	0	0.3704	AUTOPHAGY;ANGIOGENESIS
ENSG00000000665	ANK461	104.16	0.0	0	0.9169	
ENSG00000000666	SPTB507	5.22	0.0	0	0.4769	
ENSG00000000667	KDM22	689.89	0.0	0	0.0277	
ENSG00000000668	USP714	1.86	0.0	0	0.1747	
ENSG00000000669	BRD377	7.57	0.0	0	-0.6381	ESTROGEN_RESPONSE
ENSG00000000670	CCNB381	7.31	0.0	0	-0.9603	
ENSG00000000671	DDX512	51.1	0.0	0	0.8018	
ENSG00000000672	PXN107	90.51	0.0	0	-1.149	
ENSG00000000673	MRPL697	115.12	0.0	0	0.1579	OXIDATIVE_PHOSPHORYLATION;GLYCOLYSIS;PROTEIN_SECRETION
ENSG00000000674	GNA556	93.2	0.0	0	0.3052	
ENSG00000000675	ADRB166	60.33	0.0	0	0.0404	
ENSG00000000676	SPTB492	46.66	0.0	0	0.2779	OXIDATIVE_PHOSPHORYLATION;INTERFERON_ALPHA_RESPONSE
ENSG00000000677	TLN748	25.39	0.0	0	-0.6742	
ENSG00000000678	DNMT572	495.05	0.0	0	-1.6313	
ENSG00000000679	CUL856	26.5	0.0	0	0.0027	CHOLESTEROL_HOMEOSTASIS
ENSG00000000680	SKP76	49.56	0.0	0	1.1711	DNA_REPAIR
ENSG00000000681	SUZ252	104.19	0.0	0	1.0686	MRNA_SPLICING;REACTIVE_OXYGEN_SPECIES
ENSG00000000682	ANK514	92.54	0.0	0	-0.4697	
ENSG00000000683	USP346	2.32	0.0	0	0.4868	PI3K_AKT_MTOR_SIGNALING;RIBOSOME_BIOGENESIS
ENSG00000000684	SIRT308	37.61	0.0	0	-1.4855	INTERFERON_ALPHA_RESPONSE;NOTCH_SIGNALING
ENSG00000000685	RHO858	129.8	0.0	0	-0.1415	INTERFERON_GAMMA_RESPONSE
ENSG00000000686	SPTB138	16.94	0.0	0	-0.6446	
ENSG00000000687	ADAM134	62.45	0.0	0	-0.1813	WNT_BETA_CATENIN_SIGNALING
ENSG00000000688	DNMT663	122.35	0.0	0	-0.1744	E2F_TARGETS
ENSG00000000689	CACN879	42.93	0.0	0	1.3357	
ENSG00000000690	PPP2R272	74.65	0.0	0	-1.0507	
ENSG00000000691	MMP62	348.42	0.0	0	0.3982	
ENSG00000000692	DDX833	172.33	0.0	0	-1.0417	
ENSG00000000693	TOMM651	8.82	0.0	0	-0.2868	APOPTOSIS;ANDROGEN_RESPONSE
ENSG00000000694	TRIM593	194.3	0.0	0	0.6081	PI3K_AKT_MTOR_SIGNALING
ENSG00000000695	DNMT183	257.07	0.0	0	0.8619	DNA_REPAIR
ENSG00000000696	MYO559	7.03	0.0	0	1.0259	P53_SIGNALING
ENSG00000000697	SLC474	32.96	-0.9955	1	-0.6287	TNFA_SIGNALING_VIA_NFKB;HYPOXIA;PI3K_AKT_MTOR_SIGNALING
ENSG00000000698	HTR743	63.35	1.9468	1	-0.8865	
ENSG00000000699	COPB184	179.26	0.0	0	0.282	HYPOXIA;WNT_BETA_CATENIN_SIGNALING;MYOGENESIS
ENSG00000000700	MYO566	133.5	0.0	0	0.4193	ESTROGEN_RESPONSE;REACTIVE_OXYGEN_SPECIES
ENSG00000000701	KCN450	519.64	0.0	0	-0.296	NOTCH_SIGNALING
ENSG00000000702	SLC15	904.46	0.0	0	0.943	
ENSG00000000703	HIST1H367	4.56	0.0	0	0.1929	PI3K_AKT_MTOR_SIGNALING
ENSG00000000704	VPS206	5.97	0.0	0	-0.4204	
ENSG00000000705	ANAPC483	27.49	0.0	0	-1.3364	SPERMATOGENESIS;REACTIVE_OXYGEN_SPECIES
ENSG00000000706	ARF390	658.81	0.0	0	-0.2859	INTERFERON_ALPHA_RESPONSE
ENSG00000000707	COL357	40.04	0.0	0	-0.4307	INTERFERON_ALPHA_RESPONSE;EPITHELIAL_MESENCHYMAL_TRANSITION;PROTEIN_SECRETION
ENSG00000000708	ABC215	72.74	0.0	0	1.0328	
ENSG00000000709	DRD839	240.99	0.0	0	-0.3027	NOTCH_SIGNALING
ENSG00000000710	DUSP851	8.47	0.0	0	0.3697	ESTROGEN_RESPONSE
ENSG00000000711	RPS343	5.76	0.0	0	-0.5431	
ENSG00000000712	MRPS776	3.51	0.0	0	-0.4195	DNA_REPAIR
ENSG00000000713	SIRT467	104.54	0.0	0	-1.4656	INTERFERON_ALPHA_RESPONSE
ENSG00000000714	TET505	76.34	0.0	0	-0.5562	EXTRACELLULAR_MATRIX_ORGANIZATION
ENSG00000000715	ACTN827	189.02	0.0	0	1.379	
ENSG00000000716	COPB297	3.31	0.0	0	-0.0367	
ENSG00000000717	DHX830	59.72	0.0	0	-0.8717	HEDGEHOG_SIGNALING
ENSG00000000718	TLN548	5.8	0.0	0	-0.1826	SPERMATOGENESIS
ENSG00000000719	PPP1R256	10.87	0.0	0	-1.8957	
ENSG00000000720	KIF859	56.01	0.0	0	-0.1134	
ENSG00000000721	MYO639	0.43	0.0	0	0.3748	COAGULATION
ENSG00000000722	RAB169	77.53	0.0	0	-1.0774	UNFOLDED_PROTEIN_RESPONSE
ENSG00000000723	KIF578	7.69	0.0	0	0.9462	
ENSG00000000724	PPP1R515	147.68	0.0	0	-0.7719	
ENSG00000000725	GABR447	10.45	0.0	0	-0.6248	OXIDATIVE_PHOSPHORYLATION
ENSG00000000726	DNMT550	15.92	0.0	0	1.1041	GLYCOLYSIS;SPERMATOGENESIS
ENSG00000000727	CACN35	3.15	0.0	0	0.8873	
ENSG00000000728	DHX61	220.41	0.0	0	0.4369	
ENSG00000000729	H2AF753	8.33	0.0	0	-1.3595	
ENSG00000000730	GRIN11	172.73	0.0	0	0.9055	WNT_BETA_CATENIN_SIGNALING
ENSG00000000731	TLN431	69.29	0.0	0	-0.1155	
ENSG00000000732	NOTCH2	80.53	-1.9974	1	0.4224	HYPOXIA
ENSG00000000733	DYNC276	63.58	0.0	0	-1.0677	
ENSG00000000734	SCN785	15.66	0.0	0	0.5774	
ENSG00000000735	DUSP556	211.54	0.0	0	0.1848	PI3K_AKT_MTOR_SIGNALING;PEROXISOME
ENSG00000000736	MRPS633	13.12	0.0	0	0.1209	
ENSG00000000737	TRIM736	3.98	0.0	0	1.1631	APOPTOSIS;SPERMATOGENESIS
ENSG00000000738	FBXO610	1426.74	0.0	0	1.3484	EXTRACELLULAR_MATRIX_ORGANIZATION
ENSG00000000739	UBE2568	18.43	0.0	0	0.1384	
ENSG00000000740	UGT341	10.5	0.0	0	0.3808	
ENSG00000000741	TET235	700.02	0.0	0	-0.6311	
ENSG00000000742	PRKC372	6.76	0.0	0	0.2394	OXIDATIVE_PHOSPHORYLATION
ENSG00000000743	VCL78	264.4	0.0	0	-0.1729	
ENSG00000000744	ADAM395	1.83	0.0	0	0.5891	
ENSG00000000745	SEC820	154.34	0.0	0	1.0333	WNT_BETA_CATENIN_SIGNALING
ENSG00000000746	MMP882	53.77	0.0	0	-0.2056	AUTOPHAGY
ENSG00000000747	UGT234	1322.19	0.0	0	0.8502	APOPTOSIS;COMPLEMENT_CASCADE;MYOGENESIS
ENSG00000000748	ZNF338	3.36	0.0	0	1.1299	TNFA_SIGNALING_VIA_NFKB
ENSG00000000749	TUBB573	227.76	0.0	0	0.4242	
ENSG00000000750	EIF598	37.39	0.0	0	0.2897	
ENSG00000000751	RPS365	569.04	0.0	0	-0.9763	P53_SIGNALING
ENSG00000000752	SPTB533	788.6	0.0	0	-0.8499	UNFOLDED_PROTEIN_RESPONSE;IL6_JAK_STAT3_SIGNALING
ENSG00000000753	PPP1R162	39.01	0.0	0	0.2359	
ENSG00000000754	GRIN188	20.85	0.0	0	-0.8254	
ENSG00000000755	CCNB881	4.42	0.0	0	0.2322	P53_SIGNALING
ENSG00000000756	SNX633	4.7	0.0	0	-0.9439	CHOLESTEROL_HOMEOSTASIS
ENSG00000000757	ADAM626	7.87	0.0	0	1.0109	EXTRACELLULAR_MATRIX_ORGANIZATION;MAPK_SIGNALING
ENSG00000000758	KRT710	56.77	0.0	0	1.401	PI3K_AKT_MTOR_SIGNALING
ENSG00000000759	RAB11FIP479	30.78	0.0	0	0.1248	EXTRACELLULAR_MATRIX_ORGANIZATION;NOTCH_SIGNALING
ENSG00000000760	SMARC784	42.58	0.0	0	-0.5374	CHOLESTEROL_HOMEOSTASIS
ENSG00000000761	MRPS445	0.39	0.0	0	0.1648	COMPLEMENT_CASCADE
ENSG00000000762	SPTB593	5.0	0.0	0	0.8393	
ENSG00000000763	H2AF633	180.87	0.0	0	0.6534	
ENSG00000000764	TMEM78	4.69	0.0	0	-2.2884	
ENSG00000000765	SLC403	3.96	0.0	0	0.0417	P53_SIGNALING
ENSG00000000766	HIST1H668	1401.37	0.0	0	-0.0429	INTERFERON_ALPHA_RESPONSE
ENSG00000000767	TET386	32.71	0.0	0	0.5912	
ENSG00000000768	MRPS35	317.87	0.0	0	-0.7783	
ENSG00000000769	H2AF20	3485.82	0.0	0	1.2111	
ENSG00000000770	KMT2612	115.78	0.0	0	0.1311	RIBOSOME_BIOGENESIS
ENSG00000000771	ANAPC329	52.89	0.0	0	0.6438	EXTRACELLULAR_MATRIX_ORGANIZATION;TGF_BETA_SIGNALING
ENSG00000000772	RAB11FIP599	17.38	0.0	0	-0.164	
ENSG00000000773	BRAF	2.13	0.0	0	-0.1648	COMPLEMENT_CASCADE
ENSG00000000774	ABC818	239.27	0.0	0	0.7581	PROTEIN_SECRETION
ENSG00000000775	RNF411	0.28	0.0	0	0.9773	
ENSG00000000776	GNA72	179.42	0.0	0	0.931	GLYCOLYSIS;DNA_REPAIR;ADIPOGENESIS
ENSG00000000777	HIST1H445	11.61	0.0	0	0.2916	FATTY_ACID_METABOLISM;IL6_JAK_STAT3_SIGNALING
ENSG00000000778	UGT247	115.55	0.0	0	0.2352	REACTIVE_OXYGEN_SPECIES
ENSG00000000779	ANK179	215.79	0.0	0	-0.802	
ENSG00000000780	BRD86	199.82	1.0555	1	-1.388	INFLAMMATORY_RESPONSE
ENSG00000000781	GNA541	211.15	0.0	0	-0.0079	
ENSG00000000782	DHX419	55.6	0.0	0	-0.2724	GLYCOLYSIS;P53_SIGNALING;MYC_TARGETS
ENSG00000000783	CCNB110	1221.29	0.0	0	-0.9288	COMPLEMENT_CASCADE;ESTROGEN_RESPONSE
ENSG00000000784	SEC894	99.48	0.0	0	-0.0712	
ENSG00000000785	CHRM460	4.06	0.0	0	-0.8001	
ENSG00000000786	PPP1R486	211.18	0.0	0	-0.375	
ENSG00000000787	VPS896	6.3	0.0	0	-0.5024	CELL_CYCLE_G2M_CHECKPOINT;INTERFERON_ALPHA_RESPONSE;PI3K_AKT_MTOR_SIGNALING
ENSG00000000788	ZNF766	7.9	0.0	0	-1.8839	
ENSG00000000789	PXN763	27.55	0.0	0	-0.8797	
ENSG00000000790	UGT309	34.28	0.0	0	0.0091	INTERFERON_ALPHA_RESPONSE
ENSG00000000791	DHX713	1.87	0.0	0	0.0304	E2F_TARGETS
ENSG00000000792	GRIN215	60.35	0.0	0	-1.0929	
ENSG00000000793	YAP1	338.31	1.9855	1	-0.8347	TNFA_SIGNALING_VIA_NFKB
ENSG00000000794	KMT2396	2.67	0.0	0	-0.5697	CELL_CYCLE_G2M_CHECKPOINT;HYPOXIA
ENSG00000000795	USP164	370.04	0.0	0	-0.9629	
ENSG00000000796	PLC536	6.95	0.0	0	0.0964	
ENSG00000000797	DRD443	67.76	0.0	0	-0.6894	
ENSG00000000798	OR84	297.51	0.0	0	0.3295	TGF_BETA_SIGNALING
ENSG00000000799	ARF549	399.52	0.0	0	-1.4968	
ENSG00000000800	ADAM569	5.46	0.0	0	-1.2975	
ENSG00000000801	ACTN390	3.19	0.0	0	-0.917	REACTIVE_OXYGEN_SPECIES
ENSG00000000802	KRT159	1826.31	0.0	0	-0.2139	
ENSG00000000803	EZH397	526.71	0.0	0	0.5416	
ENSG00000000804	MAPK296	1150.04	0.0	0	-0.7073	
ENSG00000000805	ADRB587	16.34	0.0	0	-1.1597	NOTCH_SIGNALING
ENSG00000000806	CYP234	1165.36	0.0	0	0.6431	
ENSG00000000807	KIF575	86.85	0.0	0	0.2696	E2F_TARGETS;PROTEIN_SECRETION
ENSG00000000808	COL38	22.05	0.0	0	1.8226	
ENSG00000000809	ATAD283	42.0	0.0	0	-0.0209	
ENSG00000000810	EIF27	221.75	0.0	0	-0.3858	DNA_REPAIR
ENSG00000000811	SKP479	4.45	0.0	0	-0.3479	
ENSG00000000812	HIST1H770	115.4	0.0	0	-1.3414	
ENSG00000000813	USP47	1088.85	0.0	0	-0.2059	ANGIOGENESIS
ENSG00000000814	COPB349	4.0	0.0	0	-0.3525	HEDGEHOG_SIGNALING
ENSG00000000815	MRPL744	78.54	0.0	0	-0.0254	
ENSG00000000816	GABR324	6.16	0.0	0	-0.9786	MAPK_SIGNALING;MRNA_SPLICING
ENSG00000000817	CCNB672	6.29	0.0	0	-0.281	EPITHELIAL_MESENCHYMAL_TRANSITION
ENSG00000000818	SCN490	30.07	0.0	0	0.0367	EXTRACELLULAR_MATRIX_ORGANIZATION
ENSG00000000819	CACN290	17.85	0.0	0	-0.5239	
ENSG00000000820	SLC399	4.49	0.0	0	1.3284	WNT_BETA_CATENIN_SIGNALING;ANDROGEN_RESPONSE
ENSG00000000821	EIF1	68.23	0.0	0	0.1704	
ENSG00000000822	SMARC113	10.4	0.0	0	0.0692	
ENSG00000000823	OR275	55.43	0.0	0	-1.4472	MAPK_SIGNALING
ENSG00000000824	RNF51	148.68	-1.8978	1	-0.0049	HYPOXIA
ENSG00000000825	TET361	606.46	0.0	0	-1.435	CHOLESTEROL_HOMEOSTASIS;MRNA_SPLICING
ENSG00000000826	SKP147	7.66	0.0	0	0.9658	P53_SIGNALING
ENSG00000000827	RNF715	2.59	0.0	0	0.5324	
ENSG00000000828	PLC94	202.22	0.0	0	-0.4356	DNA_REPAIR;PI3K_AKT_MTOR_SIGNALING
ENSG00000000829	KIF652	2.99	0.0	0	0.4838	PI3K_AKT_MTOR_SIGNALING;MYC_TARGETS
ENSG00000000830	MYO251	9.84	0.0	0	-0.8527	UNFOLDED_PROTEIN_RESPONSE;HEDGEHOG_SIGNALING
ENSG00000000831	RNF177	110.83	-1.9907	1	-1.3041	DNA_REPAIR
ENSG00000000832	SEC619	93.55	-1.5699	1	-0.3752	DNA_REPAIR;ANGIOGENESIS;E2F_TARGETS
ENSG00000000833	SKP622	13.03	0.0	0	0.0882	FATTY_ACID_METABOLISM;MRNA_SPLICING
ENSG00000000834	DNMT182	127.45	0.0	0	-0.0959	
ENSG00000000835	PPP2R543	513.22	0.0	0	-0.4274	REACTIVE_OXYGEN_SPECIES
ENSG00000000836	UBE2844	61.28	0.0	0	0.0489	
ENSG00000000837	ZEB2	648.8	-2.2961	1	-0.1234	EXTRACELLULAR_MATRIX_ORGANIZATION;MYOGENESIS
ENSG00000000838	GNA329	0.33	0.0	0	0.716	
ENSG00000000839	DRD805	364.52	0.0	0	0.8764	COAGULATION
ENSG00000000840	TIMP2	17.45	0.0	0	0.4032	
ENSG00000000841	FBXO649	143.97	0.0	0	0.9917	CELL_CYCLE_G2M_CHECKPOINT
ENSG00000000842	GRIN140	112.21	0.0	0	-0.9977	
ENSG00000000843	PDHA1	75.81	-2.1942	1	-0.2885	
ENSG00000000844	CDC333	232.39	0.0	0	-0.5685	ANGIOGENESIS;MAPK_SIGNALING
ENSG00000000845	ADAM344	11.36	0.0	0	0.4764	PI3K_AKT_MTOR_SIGNALING;ESTROGEN_RESPONSE
ENSG00000000846	MAPK706	9.88	0.0	0	0.4192	PI3K_AKT_MTOR_SIGNALING
ENSG00000000847	RPS509	136.45	0.0	0	-0.0204	
ENSG00000000848	MRPL824	4.6	0.0	0	-0.3017	
ENSG00000000849	VPS119	10.09	0.0	0	-0.9288	OXIDATIVE_PHOSPHORYLATION;HYPOXIA;EXTRACELLULAR_MATRIX_ORGANIZATION;REACTIVE_OXYGEN_SPECIES
ENSG00000000850	CS	14.19	0.0	0	-0.4444	HEDGEHOG_SIGNALING
ENSG00000000851	CCNB193	814.17	0.0	0	0.9209	
ENSG00000000852	CCNB769	20.92	0.0	0	-0.3524	
ENSG00000000853	CACN315	125.53	0.0	0	-1.0723	
ENSG00000000854	TIMM90	3.78	0.0	0	-0.1219	
ENSG00000000855	GNA44	32.56	0.0	0	1.0742	
ENSG00000000856	SLC457	398.46	-1.7196	1	0.4072	HYPOXIA;NOTCH_SIGNALING
ENSG00000000857	IRS1	9.31	0.0	0	-0.6921	CHOLESTEROL_HOMEOSTASIS;HYPOXIA;HEDGEHOG_SIGNALING
ENSG00000000858	ANK99	132.93	0.0	0	1.5945	CHOLESTEROL_HOMEOSTASIS;WNT_BETA_CATENIN_SIGNALING;MYOGENESIS
ENSG00000000859	SIRT812	207.82	0.0	0	0.513	TGF_BETA_SIGNALING;WNT_BETA_CATENIN_SIGNALING;NOTCH_SIGNALING
ENSG00000000860	TMEM521	7.37	0.0	0	0.0461	PROTEIN_SECRETION
ENSG00000000861	PPP2R712	46.34	0.0	0	-1.1594	
ENSG00000000862	HDAC875	210.54	0.0	0	0.17	
ENSG00000000863	FBXO605	57.75	0.0	0	-1.0423	EXTRACELLULAR_MATRIX_ORGANIZATION;TGF_BETA_SIGNALING
ENSG00000000864	RAB11FIP442	11.53	0.0	0	0.2351	
ENSG00000000865	GRIN299	2.76	0.0	0	-0.7042	UNFOLDED_PROTEIN_RESPONSE
ENSG00000000866	GABR161	127.69	0.0	0	-0.6239	
ENSG00000000867	OR861	36.4	0.0	0	-1.2633	
ENSG00000000868	CHRM732	57.41	0.0	0	0.618	DNA_REPAIR;COMPLEMENT_CASCADE
ENSG00000000869	KCN898	7.66	0.0	0	0.8732	
ENSG00000000870	MRPL246	2026.39	0.0	0	-0.0	
ENSG00000000871	SUZ302	15.41	0.0	0	0.1697	
ENSG00000000872	ARID19	85.05	0.0	0	1.5688	
ENSG00000000873	DRD663	18.76	0.0	0	-0.1932	
ENSG00000000874	KMT236	0.71	0.0	0	-0.2922	COMPLEMENT_CASCADE
ENSG00000000875	CUL257	388.43	0.0	0	-0.4579	
ENSG00000000876	DYNC546	83.6	0.0	0	-1.8771	
ENSG00000000877	VCL312	6.33	0.0	0	0.5882	
ENSG00000000878	KRT339	128.83	0.0	0	-0.1656	
ENSG00000000879	SIRT121	16.18	0.0	0	0.1493	
ENSG00000000880	PPP2R288	1704.91	0.0	0	-1.4649	COMPLEMENT_CASCADE
ENSG00000000881	SLC633	2.97	0.0	0	0.5712	
ENSG00000000882	DUSP252	785.33	0.0	0	0.6154	DNA_REPAIR
ENSG00000000883	GRIN35	12.25	0.0	0	-0.115	
ENSG00000000884	SUZ228	0.38	0.0	0	-1.0747	AUTOPHAGY;PEROXISOME
ENSG00000000885	DNMT616	33.74	0.0	0	0.6219	FATTY_ACID_METABOLISM
ENSG00000000886	KRT92	72.85	0.0	0	-0.8978	DNA_REPAIR;MAPK_SIGNALING
ENSG00000000887	ZNF696	1.42	0.0	0	-0.8063	
ENSG00000000888	BRD253	67.93	0.0	0	0.2789	SPERMATOGENESIS
ENSG00000000889	SLC646	10.76	0.0	0	-0.3313	P53_SIGNALING
ENSG00000000890	EZH850	4.65	0.0	0	-0.3529	AUTOPHAGY
ENSG00000000891	DNMT509	11.7	0.0	0	0.0383	
ENSG00000000892	UGT881	40.69	0.0	0	-1.0026	
ENSG00000000893	ADAM821	23.77	0.0	0	0.2294	
ENSG00000000894	KIF850	22.31	0.0	0	-1.5144	COAGULATION
ENSG00000000895	ADAM540	2.1	0.0	0	-0.3917	
ENSG00000000896	FBXO631	123.14	0.0	0	0.2935	
ENSG00000000897	TUBB584	1792.42	0.0	0	0.7124	
ENSG00000000898	TLN287	466.12	0.0	0	0.2406	
ENSG00000000899	PLC650	25.89	0.0	0	-1.2598	CHOLESTEROL_HOMEOSTASIS;EXTRACELLULAR_MATRIX_ORGANIZATION
ENSG00000000900	DHX695	59.4	0.0	0	0.7857	
ENSG00000000901	ARF54	7.83	0.0	0	-0.2573	
ENSG00000000902	CACN607	534.48	0.0	0	0.6367	AUTOPHAGY
ENSG00000000903	SPARC	17.78	0.0	0	-0.5368	EXTRACELLULAR_MATRIX_ORGANIZATION
ENSG00000000904	SMARC471	1888.84	0.0	0	-0.4488	PROTEIN_SECRETION
ENSG00000000905	TET408	6.18	0.0	0	2.2103	
ENSG00000000906	CACN722	71.98	0.0	0	-1.0895	IL6_JAK_STAT3_SIGNALING
ENSG00000000907	EZH176	3101.89	0.0	0	-0.3276	
ENSG00000000908	SCN741	2.52	0.0	0	-0.7285	
ENSG00000000909	EZH48	3088.04	0.0	0	-0.5013	INFLAMMATORY_RESPONSE
ENSG00000000910	SNX45	4.61	0.0	0	-0.1716	
ENSG00000000911	COL725	38.52	0.0	0	-0.5225	HYPOXIA
ENSG00000000912	GNA119	16.62	0.0	0	-1.2305	
ENSG00000000913	HTR700	216.23	0.0	0	-0.5773	ANGIOGENESIS
ENSG00000000914	SPTB576	12.69	0.0	0	-0.4771	EPITHELIAL_MESENCHYMAL_TRANSITION;NOTCH_SIGNALING
ENSG00000000915	GABR584	11.24	0.0	0	-0.5119	CHOLESTEROL_HOMEOSTASIS;COMPLEMENT_CASCADE;EPITHELIAL_MESENCHYMAL_TRANSITION;HEDGEHOG_SIGNALING
ENSG00000000916	TMEM703	0.16	0.0	0	-3.1279	
ENSG00000000917	KIF87	174.63	0.0	0	-0.6157	
ENSG00000000918	ANK866	880.28	0.0	0	0.4827	HYPOXIA;MRNA_SPLICING
ENSG00000000919	DUSP411	1.31	0.0	0	-1.8919	WNT_BETA_CATENIN_SIGNALING
ENSG00000000920	TMEM745	1140.49	0.0	0	0.8143	
ENSG00000000921	SEC594	184.31	0.0	0	-0.9357	MRNA_SPLICING
ENSG00000000922	KIF267	183.89	0.0	0	-0.0669	
ENSG00000000923	GABR689	66.84	0.0	0	-0.938	HEDGEHOG_SIGNALING
ENSG00000000924	TET366	139.56	0.0	0	-0.2312	
ENSG00000000925	PRKC523	197.14	0.0	0	-1.3	EXTRACELLULAR_MATRIX_ORGANIZATION
ENSG00000000926	PXN4	20.18	0.0	0	-0.486	
ENSG00000000927	VPS664	2.93	0.0	0	0.3198	APOPTOSIS;INTERFERON_GAMMA_RESPONSE;WNT_BETA_CATENIN_SIGNALING
ENSG00000000928	KCN845	105.76	0.0	0	-0.6281	
ENSG00000000929	USP144	30.59	0.0	0	-0.0311	
ENSG00000000930	VPS579	42.03	0.0	0	-1.0532	
ENSG00000000931	MRPL368	69.93	0.0	0	-0.0266	ADIPOGENESIS
ENSG00000000932	ANK809	240.76	1.878	1	-0.2812	INFLAMMATORY_RESPONSE
ENSG00000000933	RPL487	0.4	0.0	0	1.1426	CHOLESTEROL_HOMEOSTASIS;MRNA_SPLICING
ENSG00000000934	SEC446	1365.35	0.0	0	-0.4705	
ENSG00000000935	HIST1H107	103.5	0.0	0	-0.8996	
ENSG00000000936	KDM682	4.09	0.0	0	0.5875	
ENSG00000000937	ARF879	167.31	0.0	0	-1.0419	HYPOXIA
ENSG00000000938	ADAM333	1.81	0.0	0	0.9769	P53_SIGNALING;UNFOLDED_PROTEIN_RESPONSE
ENSG00000000939	MAPK62	112.43	0.0	0	-1.3259	
ENSG00000000940	IL1B	0.11	0.0	0	-0.8674	APOPTOSIS
ENSG00000000941	PRKC733	13.28	0.0	0	0.4989	INTERFERON_GAMMA_RESPONSE;PI3K_AKT_MTOR_SIGNALING
ENSG00000000942	DNMT809	6.74	0.0	0	0.86	
ENSG00000000943	ADRB286	65.36	0.0	0	1.2615	EXTRACELLULAR_MATRIX_ORGANIZATION
ENSG00000000944	PXN313	13.73	0.0	0	-0.2215	
ENSG00000000945	ANK321	31.74	0.0	0	-1.6297	WNT_BETA_CATENIN_SIGNALING
ENSG00000000946	PPP1R118	50.43	0.0	0	-0.531	DNA_REPAIR
ENSG00000000947	CCNB125	79.38	0.0	0	0.644	MYC_TARGETS
ENSG00000000948	ATAD671	4.02	0.0	0	-1.0846	APOPTOSIS
ENSG00000000949	KRT857	1277.79	0.0	0	-0.0024	INTERFERON_GAMMA_RESPONSE
ENSG00000000950	ABC311	146.39	0.0	0	-0.2484	
ENSG00000000951	PPP2R350	62.24	0.0	0	-0.7699	
ENSG00000000952	FBXO470	6.92	0.0	0	-0.2211	UNFOLDED_PROTEIN_RESPONSE;INTERFERON_ALPHA_RESPONSE
ENSG00000000953	USP68	28.41	0.0	0	0.0708	
ENSG00000000954	OR577	11.59	0.0	0	1.039	
ENSG00000000955	CDH2	210.81	1.5698	1	0.8406	TNFA_SIGNALING_VIA_NFKB
ENSG00000000956	RHO201	30.07	0.0	0	-0.6578	IL6_JAK_STAT3_SIGNALING
ENSG00000000957	RPS6KB1	119.52	1.587	1	0.5674	INFLAMMATORY_RESPONSE;SPERMATOGENESIS;REACTIVE_OXYGEN_SPECIES
ENSG00000000958	RAB11FIP565	3.59	0.0	0	-0.632	ESTROGEN_RESPONSE
ENSG00000000959	EIF388	1472.2	0.0	0	-0.8004	
ENSG00000000960	UGT329	586.53	0.0	0	0.2665	
ENSG00000000961	DNMT681	284.53	0.0	0	0.9157	
ENSG00000000962	MYD88	3050.02	-2.6342	1	0.2591	
ENSG00000000963	TOMM641	12.53	0.0	0	0.5899	COMPLEMENT_CASCADE
ENSG00000000964	SIRT83	9.53	0.0	0	1.4223	NOTCH_SIGNALING;ADIPOGENESIS
ENSG00000000965	ABC494	1.02	0.0	0	-0.7177	
ENSG00000000966	KMT2674	3.59	0.0	0	-0.594	
ENSG00000000967	HIST1H85	2356.34	0.0	0	-0.7488	DNA_REPAIR;WNT_BETA_CATENIN_SIGNALING;SPERMATOGENESIS
ENSG00000000968	KRT284	1.6	0.0	0	-1.412	
ENSG00000000969	ABC435	6.99	0.0	0	-1.0955	INTERFERON_ALPHA_RESPONSE
ENSG00000000970	ARID362	37.48	0.0	0	0.4047	
ENSG00000000971	OR323	11.97	0.0	0	0.9511	COMPLEMENT_CASCADE
ENSG00000000972	VCL677	69.24	0.0	0	-0.7108	
ENSG00000000973	SIRT337	31.93	0.0	0	-0.5574	INFLAMMATORY_RESPONSE;INTERFERON_ALPHA_RESPONSE;ANGIOGENESIS
ENSG00000000974	CUL882	32.86	0.0	0	0.7553	TGF_BETA_SIGNALING
ENSG00000000975	KIF699	62.83	0.0	0	0.7762	
ENSG00000000976	CCR7	47.42	1.7604	1	0.5456	DNA_REPAIR
ENSG00000000977	ARID143	24.2	0.0	0	-0.5302	
ENSG00000000978	ATAD465	28.05	0.0	0	-1.5181	PROTEIN_SECRETION
ENSG00000000979	HDAC292	133.15	0.0	0	0.2923	WNT_BETA_CATENIN_SIGNALING
ENSG00000000980	TET858	45.94	0.0	0	-0.2718	
ENSG00000000981	PPP2R477	5.63	0.0	0	1.1846	
ENSG00000000982	HTR513	11.3	0.0	0	-0.6268	
ENSG00000000983	PPP1R573	29.69	0.0	0	0.2707	
ENSG00000000984	ANAPC67	245.11	0.0	0	1.4782	IL6_JAK_STAT3_SIGNALING
ENSG00000000985	ABC597	2535.09	0.0	0	-1.4781	
ENSG00000000986	CYP163	203.15	0.0	0	-0.1288	
ENSG00000000987	BRD731	119.62	0.0	0	-1.6087	GLYCOLYSIS;UNFOLDED_PROTEIN_RESPONSE
ENSG00000000988	KMT254	231.95	0.0	0	-0.6573	
ENSG00000000989	PXN446	89.04	0.0	0	0.0775	
ENSG00000000990	TUBB829	20.29	0.0	0	2.0412	
ENSG00000000991	RAB11FIP398	48.18	0.0	0	-0.6864	PROTEIN_SECRETION
ENSG00000000992	VPS237	23.1	0.0	0	0.1612	
ENSG00000000993	SUZ852	52.34	0.0	0	0.4816	
ENSG00000000994	CYP707	715.86	0.0	0	1.4585	
ENSG00000000995	CACN823	17.73	0.0	0	-0.8239	INTERFERON_ALPHA_RESPONSE;EXTRACELLULAR_MATRIX_ORGANIZATION
ENSG00000000996	KMT2805	27.14	0.0	0	0.7704	CHOLESTEROL_HOMEOSTASIS;AUTOPHAGY;WNT_BETA_CATENIN_SIGNALING;RIBOSOME_BIOGENESIS
ENSG00000000997	RPL221	1.35	0.0	0	1.9007	NOTCH_SIGNALING;MRNA_SPLICING
ENSG00000000998	DDX803	2.52	0.0	0	0.6575	
ENSG00000000999	CYP842	177.13	0.0	0	0.4159	MAPK_SIGNALING;ESTROGEN_RESPONSE;MRNA_SPLICING
ENSG00000001000	KDM736	15.0	0.0	0	0.006	E2F_TARGETS
ENSG00000001001	GABR668	3.0	0.0	0	0.0407	
ENSG00000001002	DRD392	65.22	-0.9632	1	-0.7268	CELL_CYCLE_G2M_CHECKPOINT;INFLAMMATORY_RESPONSE
ENSG00000001003	PXN229	78.32	0.0	0	-0.5088	APOPTOSIS
ENSG00000001004	CYP602	180.54	1.2624	1	0.2859	INFLAMMATORY_RESPONSE;PI3K_AKT_MTOR_SIGNALING
ENSG00000001005	GNA136	79.88	0.0	0	-1.0608	EXTRACELLULAR_MATRIX_ORGANIZATION
ENSG00000001006	TIMM43	27.42	0.0	0	1.2047	
ENSG00000001007	RAD51	15.22	0.0	0	0.7239	
ENSG00000001008	MRPL525	24.82	0.0	0	-1.1549	NOTCH_SIGNALING;XENOBIOTIC_METABOLISM
ENSG00000001009	H2AF743	7.32	0.0	0	0.1559	ANDROGEN_RESPONSE
ENSG00000001010	COPB727	15.73	0.0	0	-0.0379	FATTY_ACID_METABOLISM
ENSG00000001011	KIF53	949.73	1.7895	1	0.5771	INTERFERON_ALPHA_RESPONSE;HYPOXIA
ENSG00000001012	ANK476	128.44	0.0	0	0.7605	GLYCOLYSIS;DNA_REPAIR
ENSG00000001013	CUL103	201.15	0.0	0	-0.209	
ENSG00000001014	KCN599	573.19	0.0	0	-0.0686	P53_SIGNALING;PROTEIN_SECRETION
ENSG00000001015	TUBB251	81.81	0.0	0	0.6632	
ENSG00000001016	TRIM670	6.78	0.0	0	-0.8232	EPITHELIAL_MESENCHYMAL_TRANSITION;MRNA_SPLICING
ENSG00000001017	RHO427	180.55	0.0	0	-1.2812	GLYCOLYSIS
ENSG00000001018	ATAD407	4.03	0.0	0	-0.3884	APOPTOSIS;INTERFERON_ALPHA_RESPONSE;PI3K_AKT_MTOR_SIGNALING
ENSG00000001019	CDC183	4.39	0.0	0	-0.3704	E2F_TARGETS
ENSG00000001020	HES1	283.83	0.0	0	1.0762	SPERMATOGENESIS
ENSG00000001021	KRT589	229.65	0.0	0	0.6605	
ENSG00000001022	KDM827	37.32	0.0	0	-0.2253	
ENSG00000001023	ANK201	19.83	0.0	0	-1.1505	HEDGEHOG_SIGNALING
ENSG00000001024	SCN161	289.69	0.0	0	-0.5592	E2F_TARGETS;MYOGENESIS
ENSG00000001025	MRPL776	13.41	0.0	0	0.187	AUTOPHAGY
ENSG00000001026	SERPINE1	1.67	0.0	0	1.0493	
ENSG00000001027	MAPK810	51.19	0.0	0	-0.7206	MAPK_SIGNALING
ENSG00000001028	H2AF119	0.66	0.0	0	-1.1053	
ENSG00000001029	SKP73	193.36	0.0	0	1.3503	HYPOXIA;MAPK_SIGNALING;PROTEIN_SECRETION
ENSG00000001030	MYO580	63.13	0.0	0	-1.1219	CELL_CYCLE_G2M_CHECKPOINT
ENSG00000001031	TMEM791	12.97	0.0	0	-1.1569	XENOBIOTIC_METABOLISM
ENSG00000001032	KRT487	478.8	0.0	0	-0.5305	
ENSG00000001033	RNF550	25.26	0.0	0	-1.2109	DNA_REPAIR
ENSG00000001034	DDX222	19.28	0.0	0	-0.3959	UNFOLDED_PROTEIN_RESPONSE;MAPK_SIGNALING
ENSG00000001035	VCL292	60.23	0.0	0	1.1321	
ENSG00000001036	PPP2R647	40.83	0.0	0	-0.6657	AUTOPHAGY
ENSG00000001037	SNX835	58.24	0.0	0	-0.3348	
ENSG00000001038	HIST1H460	1.5	0.0	0	-0.104	ADIPOGENESIS
ENSG00000001039	VPS691	1.88	0.0	0	1.2355	WNT_BETA_CATENIN_SIGNALING;RIBOSOME_BIOGENESIS
ENSG00000001040	SPTB660	28.94	0.0	0	-0.3189	
ENSG00000001041	DNMT781	0.91	0.0	0	-0.0717	TGF_BETA_SIGNALING
ENSG00000001042	CASP3	1.67	0.0	0	0.209	ANGIOGENESIS
ENSG00000001043	COL840	66.36	0.0	0	0.4285	
ENSG00000001044	EZH130	39.12	0.0	0	0.0891	DNA_REPAIR;PI3K_AKT_MTOR_SIGNALING
ENSG00000001045	MAPK281	0.5	0.0	0	0.7663	
ENSG00000001046	DDX457	2.78	0.0	0	-0.2022	
ENSG00000001047	H2AF830	46.26	0.0	0	-0.5483	IL6_JAK_STAT3_SIGNALING;COAGULATION
ENSG00000001048	CCNB461	8.47	0.0	0	-0.9748	PROTEIN_SECRETION
ENSG00000001049	TET9	130.35	0.0	0	1.6695	P53_SIGNALING;MAPK_SIGNALING;SPERMATOGENESIS
ENSG00000001050	EIF514	0.44	0.0	0	-0.8504	DNA_REPAIR;MAPK_SIGNALING
ENSG00000001051	IGF1	1.53	0.0	0	-0.0742	COAGULATION;MYC_TARGETS;REACTIVE_OXYGEN_SPECIES
ENSG00000001052	TUBB636	16.89	0.0	0	-0.2275	
ENSG00000001053	MYO312	1.52	0.0	0	-0.2745	XENOBIOTIC_METABOLISM
ENSG00000001054	CUL507	15.04	0.0	0	1.0664	EPITHELIAL_MESENCHYMAL_TRANSITION;EXTRACELLULAR_MATRIX_ORGANIZATION;PROTEIN_SECRETION
ENSG00000001055	HDAC171	27.27	0.0	0	-0.466	P53_SIGNALING
ENSG00000001056	UBE2149	62.67	0.0	0	-1.5212	
ENSG00000001057	VPS808	32.79	0.0	0	-0.1711	
ENSG00000001058	MRPL442	94.46	0.0	0	0.4312	
ENSG00000001059	KMT2693	244.67	0.0	0	0.7784	
ENSG00000001060	AXIN2	843.81	2.4952	1	0.2029	INFLAMMATORY_RESPONSE
ENSG00000001061	PRKC130	236.48	0.0	0	0.0518	
ENSG00000001062	ANK120	7.74	0.0	0	0.3312	
ENSG00000001063	KRT697	3.96	0.0	0	-0.7733	
ENSG00000001064	G6PD	32.05	2.3538	1	-0.9967	TNFA_SIGNALING_VIA_NFKB
ENSG00000001065	GRIN141	36.83	0.0	0	0.2207	
ENSG00000001066	SCN887	52.03	0.0	0	-0.0569	OXIDATIVE_PHOSPHORYLATION
ENSG00000001067	EZH521	98.99	0.0	0	-0.7401	
ENSG00000001068	UGT872	160.7	0.0	0	0.3814	
ENSG00000001069	CDC757	68.75	0.0	0	0.1426	PI3K_AKT_MTOR_SIGNALING
ENSG00000001070	DRD505	66.63	0.0	0	0.172	INTERFERON_ALPHA_RESPONSE;IL6_JAK_STAT3_SIGNALING
ENSG00000001071	USP444	323.1	0.0	0	-1.6196	
ENSG00000001072	MRPS585	68.87	0.0	0	-0.4234	
ENSG00000001073	ZNF837	24.8	0.0	0	-0.525	
ENSG00000001074	DDX661	4.23	0.0	0	-0.4767	SPERMATOGENESIS
ENSG00000001075	SKP516	12.06	0.0	0	-0.1435	
ENSG00000001076	HIST1H66	8.08	0.0	0	-0.1323	SPERMATOGENESIS
ENSG00000001077	PPP1R769	38.58	0.0	0	-1.782	
ENSG00000001078	ARF819	68.49	0.0	0	0.0452	
ENSG00000001079	TRIM825	119.93	0.0	0	0.2938	P53_SIGNALING;EXTRACELLULAR_MATRIX_ORGANIZATION
ENSG00000001080	ADRB349	7.88	0.0	0	-0.4835	
ENSG00000001081	SKP377	71.85	-1.2792	1	0.1853	TNFA_SIGNALING_VIA_NFKB
ENSG00000001082	HDAC689	11.21	0.0	0	-0.5945	
ENSG00000001083	CCNB670	220.57	0.0	0	0.5962	ESTROGEN_RESPONSE
ENSG00000001084	SUZ304	67.74	0.0	0	-0.2997	
ENSG00000001085	CYP898	61.37	0.0	0	-0.0724	COMPLEMENT_CASCADE
ENSG00000001086	VPS847	13.2	0.0	0	0.2493	MRNA_SPLICING
ENSG00000001087	ACTN759	130.17	0.0	0	0.5592	
ENSG00000001088	TUBB782	5.46	0.0	0	-0.0946	
ENSG00000001089	ARID101	12.71	0.0	0	-0.651	DNA_REPAIR
ENSG00000001090	SDHA	55.98	-1.6889	1	0.5343	AUTOPHAGY
ENSG00000001091	GNA122	12.41	0.0	0	-0.2842	OXIDATIVE_PHOSPHORYLATION;INFLAMMATORY_RESPONSE;IL6_JAK_STAT3_SIGNALING;XENOBIOTIC_METABOLISM
ENSG00000001092	PRKC277	4.75	0.0	0	0.0779	WNT_BETA_CATENIN_SIGNALING;NOTCH_SIGNALING;PI3K_AKT_MTOR_SIGNALING
ENSG00000001093	ABC554	6.05	0.0	0	0.3194	EXTRACELLULAR_MATRIX_ORGANIZATION;TGF_BETA_SIGNALING;SPERMATOGENESIS;REACTIVE_OXYGEN_SPECIES
ENSG00000001094	MYO619	22.0	0.0	0	0.2349	
ENSG00000001095	H2AF671	84.98	0.0	0	-0.3996	ADIPOGENESIS
ENSG00000001096	UBE2628	20.67	0.0	0	0.1045	
ENSG00000001097	TUBB394	52.77	0.0	0	-1.1114	PI3K_AKT_MTOR_SIGNALING;ADIPOGENESIS
ENSG00000001098	ARID102	39.6	0.0	0	-0.5147	
ENSG00000001099	TRIM492	536.87	0.0	0	-1.2245	NOTCH_SIGNALING
ENSG00000001100	KRT896	108.46	0.0	0	-0.375	
ENSG00000001101	LDHB	105.25	1.9631	1	-0.1777	
ENSG00000001102	ADRB108	11.86	0.0	0	1.1993	
ENSG00000001103	PRKC626	371.27	0.0	0	0.6997	CHOLESTEROL_HOMEOSTASIS
ENSG00000001104	MAPK421	43.81	0.0	0	-0.9983	
ENSG00000001105	SIRT729	414.53	0.0	0	-0.1504	
ENSG00000001106	RHO430	225.07	0.0	0	-0.0367	INFLAMMATORY_RESPONSE;COAGULATION;ANDROGEN_RESPONSE
ENSG00000001107	SUZ821	2.33	0.0	0	0.606	
ENSG00000001108	TP53	13.14	0.0	0	0.0872	
ENSG00000001109	COL467	28.83	0.0	0	1.1489	PROTEIN_SECRETION
ENSG00000001110	KRT465	30.26	0.0	0	-1.8326	AUTOPHAGY;ESTROGEN_RESPONSE
ENSG00000001111	COL455	102.43	0.0	0	0.6335	
ENSG00000001112	DNMT361	119.25	0.0	0	0.5097	
ENSG00000001113	SUZ684	60.08	0.0	0	0.6689	ANGIOGENESIS
ENSG00000001114	KCN612	175.79	0.0	0	0.3545	CELL_CYCLE_G2M_CHECKPOINT
ENSG00000001115	FBXO114	32.02	1.5872	1	0.4183	TNFA_SIGNALING_VIA_NFKB;HEDGEHOG_SIGNALING
ENSG00000001116	BRD13	379.85	0.0	0	0.2862	COAGULATION;ANDROGEN_RESPONSE
ENSG00000001117	EZH170	290.03	0.0	0	-0.7342	PI3K_AKT_MTOR_SIGNALING
ENSG00000001118	ANK559	427.73	0.0	0	-0.1029	REACTIVE_OXYGEN_SPECIES
ENSG00000001119	FBXO493	438.25	0.0	0	0.5685	EXTRACELLULAR_MATRIX_ORGANIZATION;RIBOSOME_BIOGENESIS
ENSG00000001120	SPTB440	6.07	0.0	0	1.2682	INTERFERON_GAMMA_RESPONSE
ENSG00000001121	SUZ3	110.75	0.0	0	0.8144	
ENSG00000001122	H2AF277	313.11	0.0	0	0.158	AUTOPHAGY;MRNA_SPLICING
ENSG00000001123	MRPS651	664.4	0.0	0	-0.2284	INTERFERON_GAMMA_RESPONSE;NOTCH_SIGNALING
ENSG00000001124	KIF619	4.29	0.0	0	-0.0966	
ENSG00000001125	ANK282	14.28	0.0	0	-0.7222	
ENSG00000001126	RAB11FIP67	154.48	0.0	0	0.4573	GLYCOLYSIS
ENSG00000001127	GABR677	2.22	0.0	0	0.8006	TNFA_SIGNALING_VIA_NFKB
ENSG00000001128	CHRM539	53.25	1.2519	1	0.1014	OXIDATIVE_PHOSPHORYLATION;HEDGEHOG_SIGNALING
ENSG00000001129	TET606	116.77	0.0	0	1.7403	SPERMATOGENESIS
ENSG00000001130	KIF378	821.17	0.0	0	-0.7896	
ENSG00000001131	OR887	38.78	0.0	0	-0.1039	
ENSG00000001132	PRKC135	546.38	0.0	0	1.6359	ADIPOGENESIS
ENSG00000001133	TIMM186	5.85	0.0	0	-0.6317	E2F_TARGETS
ENSG00000001134	MAPK36	0.87	0.0	0	-0.3676	
ENSG00000001135	SUZ591	5.36	0.0	0	-0.2887	INTERFERON_GAMMA_RESPONSE
ENSG00000001136	SEC744	27.93	1.0974	1	1.2563	APOPTOSIS
ENSG00000001137	PRKC195	92.98	0.0	0	1.4721	MRNA_SPLICING
ENSG00000001138	SPTB645	5.75	0.0	0	-0.2864	TGF_BETA_SIGNALING
ENSG00000001139	TMEM139	11.49	0.0	0	-0.3791	MRNA_SPLICING
ENSG00000001140	DNMT419	176.66	0.0	0	1.0322	EPITHELIAL_MESENCHYMAL_TRANSITION
ENSG00000001141	BRD818	55.61	0.0	0	0.2238	
ENSG00000001142	SKP714	276.11	1.1044	1	-0.4921	
ENSG00000001143	CUL875	39.33	0.0	0	-1.3736	PI3K_AKT_MTOR_SIGNALING
ENSG00000001144	PXN31	7.4	0.0	0	1.0008	
ENSG00000001145	ZNF868	1.56	0.0	0	-0.0055	
ENSG00000001146	HDAC399	24.5	0.0	0	-0.7755	
ENSG00000001147	EIF199	41.39	0.0	0	-0.2342	P53_SIGNALING;IL6_JAK_STAT3_SIGNALING
ENSG00000001148	HDAC126	46.17	0.0	0	-0.7669	APOPTOSIS;NOTCH_SIGNALING
ENSG00000001149	VCL426	2.44	0.0	0	0.5171	EPITHELIAL_MESENCHYMAL_TRANSITION;WNT_BETA_CATENIN_SIGNALING;ESTROGEN_RESPONSE
ENSG00000001150	SMARC170	8.74	0.0	0	0.7847	
ENSG00000001151	BRD639	27.07	0.0	0	0.6207	
ENSG00000001152	PRKC420	26.78	0.0	0	-0.6149	CELL_CYCLE_G2M_CHECKPOINT
ENSG00000001153	ANAPC608	3.33	0.0	0	0.0026	DNA_REPAIR;P53_SIGNALING
ENSG00000001154	SEC827	116.64	0.0	0	0.3514	TGF_BETA_SIGNALING
ENSG00000001155	OR181	77.19	0.0	0	-0.8432	
ENSG00000001156	FH	22.52	0.0	0	-0.2872	OXIDATIVE_PHOSPHORYLATION;PROTEIN_SECRETION
ENSG00000001157	CHRM361	448.02	0.0	0	-0.6529	
ENSG00000001158	RAB161	54.49	0.0	0	-0.3352	
ENSG00000001159	ANK556	2664.22	0.0	0	1.7742	APOPTOSIS;PI3K_AKT_MTOR_SIGNALING
ENSG00000001160	HDAC268	26.06	0.0	0	-0.6928	INTERFERON_GAMMA_RESPONSE
ENSG00000001161	DRD684	354.99	0.0	0	1.6384	
ENSG00000001162	UGT47	14.28	0.0	0	-1.0998	AUTOPHAGY;UNFOLDED_PROTEIN_RESPONSE
ENSG00000001163	USP408	20.85	0.0	0	-0.3068	
ENSG00000001164	HTR301	654.25	0.0	0	0.0606	REACTIVE_OXYGEN_SPECIES
ENSG00000001165	MRPS320	12.1	0.0	0	0.0101	CHOLESTEROL_HOMEOSTASIS
ENSG00000001166	MMP759	11.68	0.0	0	0.7677	INTERFERON_GAMMA_RESPONSE
ENSG00000001167	BRD631	3.3	0.0	0	-0.3046	
ENSG00000001168	ADAM229	174.34	0.0	0	-0.5717	INTERFERON_ALPHA_RESPONSE
ENSG00000001169	RAB11FIP654	76.59	0.0	0	0.2708	INTERFERON_GAMMA_RESPONSE
ENSG00000001170	SPTB315	4.19	0.0	0	0.8361	PROTEIN_SECRETION
ENSG00000001171	UGT103	2.07	0.0	0	0.3704	MRNA_SPLICING
ENSG00000001172	UBE2289	139.8	0.0	0	0.07	ANGIOGENESIS;SPERMATOGENESIS
ENSG00000001173	ANK440	138.56	0.0	0	-1.0547	
ENSG00000001174	IDH2	10.32	0.0	0	-0.7799	
ENSG00000001175	SMARC303	232.94	0.0	0	-0.6946	CELL_CYCLE_G2M_CHECKPOINT
ENSG00000001176	EIF569	2096.27	0.0	0	0.3261	
ENSG00000001177	VCL715	63.03	0.0	0	-1.18	EPITHELIAL_MESENCHYMAL_TRANSITION
ENSG00000001178	ANK255	40.78	0.0	0	-0.09	AUTOPHAGY;HEDGEHOG_SIGNALING
ENSG00000001179	KDM709	21.32	0.0	0	0.3723	
ENSG00000001180	DRD65	6.91	0.0	0	-0.9174	PEROXISOME
ENSG00000001181	CUL697	48.78	0.0	0	0.5554	MRNA_SPLICING
ENSG00000001182	TLN709	3.52	0.0	0	0.2211	REACTIVE_OXYGEN_SPECIES
ENSG00000001183	ANAPC680	16.94	0.0	0	0.9041	INTERFERON_ALPHA_RESPONSE
ENSG00000001184	ADRB197	80.06	0.0	0	-0.0937	OXIDATIVE_PHOSPHORYLATION
ENSG00000001185	CUL688	104.3	0.0	0	0.1073	
ENSG00000001186	PXN7	24.92	0.0	0	0.7073	COMPLEMENT_CASCADE
ENSG00000001187	SCN239	64.97	0.0	0	1.0575	
ENSG00000001188	SKP682	4.87	0.0	0	-1.1418	WNT_BETA_CATENIN_SIGNALING
ENSG00000001189	PPP1R648	17.22	0.0	0	-0.9102	CHOLESTEROL_HOMEOSTASIS;E2F_TARGETS
ENSG00000001190	HDAC578	18.39	0.0	0	-0.4047	INTERFERON_ALPHA_RESPONSE;ESTROGEN_RESPONSE
ENSG00000001191	GABR245	18.06	0.0	0	0.1526	
ENSG00000001192	DYNC98	2.17	0.0	0	0.1822	INTERFERON_GAMMA_RESPONSE
ENSG00000001193	SPTB298	21.04	0.0	0	-0.2177	EXTRACELLULAR_MATRIX_ORGANIZATION
ENSG00000001194	USP633	56.19	0.0	0	-0.8744	
ENSG00000001195	UBE2358	4.37	0.0	0	-0.1188	
ENSG00000001196	SCN725	25.84	0.0	0	-0.529	COMPLEMENT_CASCADE;WNT_BETA_CATENIN_SIGNALING;ADIPOGENESIS
ENSG00000001197	COPB34	62.65	0.0	0	0.6798	WNT_BETA_CATENIN_SIGNALING;ADIPOGENESIS
ENSG00000001198	KMT2509	4.71	0.0	0	0.0886	ANGIOGENESIS
ENSG00000001199	EZH148	108.2	0.0	0	-0.388	FATTY_ACID_METABOLISM;HYPOXIA
ENSG00000001200	RNF281	14.87	0.0	0	0.3646	
ENSG00000001201	MRPL532	41.01	0.0	0	0.7288	
ENSG00000001202	MRPL183	34.06	0.0	0	0.1642	ESTROGEN_RESPONSE
ENSG00000001203	MYO655	122.85	-1.3501	1	-0.1474	CHOLESTEROL_HOMEOSTASIS;INFLAMMATORY_RESPONSE;PROTEIN_SECRETION
ENSG00000001204	DNMT71	9.14	0.0	0	-0.5373	
ENSG00000001205	HDAC522	0.32	0.0	0	-0.6439	SPERMATOGENESIS
ENSG00000001206	KDM611	1083.64	0.0	0	1.1921	
ENSG00000001207	HIST1H417	5.34	0.0	0	0.1407	ADIPOGENESIS
ENSG00000001208	TRIM191	4.21	0.0	0	-0.3217	
ENSG00000001209	PPP2R31	141.42	0.0	0	-1.5202	
ENSG00000001210	ARF888	0.86	0.0	0	0.4446	
ENSG00000001211	DUSP724	23.84	0.0	0	-0.224	
ENSG00000001212	TUBB851	305.31	1.8409	1	0.4486	TNFA_SIGNALING_VIA_NFKB
ENSG00000001213	FBXO58	27.48	0.0	0	0.8944	TGF_BETA_SIGNALING
ENSG00000001214	SNX439	203.89	0.0	0	-0.6644	CELL_CYCLE_G2M_CHECKPOINT;HYPOXIA;TGF_BETA_SIGNALING
ENSG00000001215	ERCC1	23.17	0.0	0	0.7868	
ENSG00000001216	SLC323	48.54	0.0	0	-0.2029	APOPTOSIS
ENSG00000001217	BRD389	130.34	0.0	0	0.574	IL6_JAK_STAT3_SIGNALING
ENSG00000001218	VEGFA	3.57	0.0	0	-0.3363	
ENSG00000001219	DRD669	31.05	0.0	0	0.7468	MAPK_SIGNALING
ENSG00000001220	UBE2266	17.92	0.0	0	-1.0081	
ENSG00000001221	TMEM618	28.16	0.0	0	0.4479	INTERFERON_GAMMA_RESPONSE;PI3K_AKT_MTOR_SIGNALING
ENSG00000001222	ZNF729	28.56	0.0	0	0.6345	MAPK_SIGNALING;REACTIVE_OXYGEN_SPECIES
ENSG00000001223	PLC127	4.71	0.0	0	0.4809	
ENSG00000001224	RHO207	1.94	0.0	0	-0.3694	APOPTOSIS
ENSG00000001225	RAB11FIP147	20.85	0.0	0	-0.9189	INTERFERON_ALPHA_RESPONSE;ADIPOGENESIS
ENSG00000001226	TET292	1235.48	0.0	0	-0.8981	
ENSG00000001227	KDM477	3.66	0.0	0	1.0945	GLYCOLYSIS;P53_SIGNALING;COMPLEMENT_CASCADE;HEDGEHOG_SIGNALING
ENSG00000001228	SIRT248	34.03	0.0	0	0.6833	GLYCOLYSIS
ENSG00000001229	GRIN335	56.26	0.0	0	-0.9525	
ENSG00000001230	HIST1H555	1.04	0.0	0	-1.4845	HYPOXIA
ENSG00000001231	GRIN572	30.81	0.0	0	2.3706	
ENSG00000001232	TET896	5.2	0.0	0	1.8201	
ENSG00000001233	DYNC248	0.22	0.0	0	0.2873	HEDGEHOG_SIGNALING
ENSG00000001234	CHRM219	300.3	1.1413	1	0.6636	P53_SIGNALING;COMPLEMENT_CASCADE;EXTRACELLULAR_MATRIX_ORGANIZATION
ENSG00000001235	KCN36	11.11	0.0	0	-0.2684	NOTCH_SIGNALING
ENSG00000001236	TMEM582	142.04	0.0	0	-0.2179	DNA_REPAIR
ENSG00000001237	COL741	3.64	0.0	0	0.1246	DNA_REPAIR;INTERFERON_ALPHA_RESPONSE
ENSG00000001238	EIF823	2.07	0.0	0	0.5197	ANDROGEN_RESPONSE
ENSG00000001239	KMT2877	22.23	0.0	0	1.707	
ENSG00000001240	RHO305	228.14	0.0	0	0.6455	REACTIVE_OXYGEN_SPECIES
ENSG00000001241	GABR415	677.9	0.0	0	0.2295	
ENSG00000001242	DHX7	71.45	0.0	0	-0.1194	
ENSG00000001243	ARF445	4.13	0.0	0	0.1212	DNA_REPAIR
ENSG00000001244	EZH162	1.2	0.0	0	1.3917	
ENSG00000001245	RAB11FIP483	19.28	0.0	0	-0.0578	APOPTOSIS
ENSG00000001246	COPB143	2.35	0.0	0	1.7511	AUTOPHAGY
ENSG00000001247	MYO695	37.33	0.0	0	-0.8422	HEDGEHOG_SIGNALING
ENSG00000001248	CDC68	32.56	0.0	0	-0.0472	INTERFERON_GAMMA_RESPONSE;MAPK_SIGNALING
ENSG00000001249	KDM549	6.12	0.0	0	-0.1691	
ENSG00000001250	PRKC27	110.03	0.0	0	-0.7847	
ENSG00000001251	ANK630	1.43	0.0	0	0.7896	HEDGEHOG_SIGNALING
ENSG00000001252	CAT	0.43	0.0	0	-0.4031	RIBOSOME_BIOGENESIS
ENSG00000001253	PPP2R29	49.07	0.0	0	0.5579	HEDGEHOG_SIGNALING
ENSG00000001254	MMP298	12.18	0.0	0	-1.1735	COAGULATION;HEDGEHOG_SIGNALING;PROTEIN_SECRETION
ENSG00000001255	TUBB655	320.85	0.0	0	-1.1366	EXTRACELLULAR_MATRIX_ORGANIZATION
ENSG00000001256	CCNB514	80.05	0.0	0	0.3159	
ENSG00000001257	FBXO811	17.06	0.0	0	-0.1964	MYOGENESIS
ENSG00000001258	KIF117	31.52	0.0	0	1.3024	
ENSG00000001259	TUBB206	9.63	0.0	0	-0.2311	P53_SIGNALING;AUTOPHAGY
ENSG00000001260	OR85	24.14	0.0	0	-0.3308	
ENSG00000001261	TRIM133	0.99	0.0	0	0.2018	PI3K_AKT_MTOR_SIGNALING;ADIPOGENESIS
ENSG00000001262	MYO498	17.95	0.0	0	-0.2974	RIBOSOME_BIOGENESIS
ENSG00000001263	GABR574	57.82	0.0	0	0.3339	CHOLESTEROL_HOMEOSTASIS;HEDGEHOG_SIGNALING
ENSG00000001264	TRIM804	63.44	0.0	0	-1.2786	ANDROGEN_RESPONSE;XENOBIOTIC_METABOLISM
ENSG00000001265	OR723	1308.96	0.0	0	0.2836	EXTRACELLULAR_MATRIX_ORGANIZATION;E2F_TARGETS
ENSG00000001266	SEC722	996.64	0.0	0	0.3321	
ENSG00000001267	GNA167	2402.98	0.0	0	-1.156	
ENSG00000001268	UGT549	4.05	0.0	0	0.6576	UNFOLDED_PROTEIN_RESPONSE
ENSG00000001269	UBE289	7.8	0.0	0	-0.5145	
ENSG00000001270	KCN702	38.26	0.0	0	0.8888	
ENSG00000001271	HDAC17	4.8	0.0	0	-2.0499	GLYCOLYSIS
ENSG00000001272	USP483	121.35	0.0	0	-1.8678	
ENSG00000001273	CCNB551	72.91	0.0	0	-0.1006	
ENSG00000001274	VPS492	42.06	0.0	0	-0.335	NOTCH_SIGNALING;PEROXISOME
ENSG00000001275	PPP2R121	457.0	0.0	0	0.0597	INTERFERON_ALPHA_RESPONSE
ENSG00000001276	KRT60	2588.94	0.0	0	0.1695	GLYCOLYSIS
ENSG00000001277	TRIM527	3.25	0.0	0	-0.637	
ENSG00000001278	PXN519	1.67	0.0	0	1.0738	P53_SIGNALING
ENSG00000001279	GRIN522	5.94	0.0	0	-0.1698	
ENSG00000001280	KDM444	223.49	0.0	0	0.7757	
ENSG00000001281	HTR528	6.07	0.0	0	-1.4536	
ENSG00000001282	ARID310	2.93	0.0	0	0.005	PEROXISOME
ENSG00000001283	SKP635	35.69	0.0	0	0.853	
ENSG00000001284	SMARC683	741.33	0.0	0	-0.9146	P53_SIGNALING;MAPK_SIGNALING
ENSG00000001285	GNA151	160.97	0.0	0	1.9601	MRNA_SPLICING
ENSG00000001286	EZH597	359.15	0.0	0	0.0577	
ENSG00000001287	MRPL810	46.17	0.0	0	-0.1376	RIBOSOME_BIOGENESIS
ENSG00000001288	DYNC719	253.36	0.0	0	0.4115	
ENSG00000001289	CPT1A	4.81	0.0	0	-1.1398	
ENSG00000001290	SMARC344	3.04	0.0	0	0.6374	
ENSG00000001291	TRIM475	17.47	0.0	0	-0.344	DNA_REPAIR
ENSG00000001292	KCN414	0.94	0.0	0	1.0589	
ENSG00000001293	DDX60	51.34	0.0	0	0.6522	
ENSG00000001294	SCN733	22.31	0.0	0	-0.1034	
ENSG00000001295	SLC61	425.3	0.0	0	0.4441	
ENSG00000001296	UBE2654	248.82	0.0	0	-0.072	
ENSG00000001297	HTR848	7.6	0.0	0	-0.7852	TGF_BETA_SIGNALING
ENSG00000001298	COPB877	184.38	0.0	0	-0.4569	INTERFERON_ALPHA_RESPONSE
ENSG00000001299	HDAC614	6.96	0.0	0	-0.1325	
ENSG00000001300	UGT682	202.81	0.0	0	-0.6581	
ENSG00000001301	MRPL555	125.19	0.0	0	0.8567	WNT_BETA_CATENIN_SIGNALING
ENSG00000001302	PPP2R650	33.35	0.0	0	-0.5823	
ENSG00000001303	FBXO432	35.2	0.0	0	-0.2089	DNA_REPAIR
ENSG00000001304	CHRM163	162.46	0.0	0	0.8443	NOTCH_SIGNALING
ENSG00000001305	RPS462	23.16	0.0	0	-0.6406	PI3K_AKT_MTOR_SIGNALING
ENSG00000001306	UBE2415	28.64	0.0	0	0.012	
ENSG00000001307	VIM	142.12	2.1507	1	0.4707	HYPOXIA
ENSG00000001308	KCN126	62.0	0.0	0	-0.4707	
ENSG00000001309	TLN179	97.29	0.0	0	0.3369	
ENSG00000001310	GABR51	33.77	0.0	0	-0.5248	DNA_REPAIR;INTERFERON_ALPHA_RESPONSE;PROTEIN_SECRETION;XENOBIOTIC_METABOLISM
ENSG00000001311	TMEM11	5.54	0.0	0	0.2467	ANGIOGENESIS
ENSG00000001312	PLC284	24.27	0.0	0	0.3846	HEDGEHOG_SIGNALING;PI3K_AKT_MTOR_SIGNALING
ENSG00000001313	CCNB731	38.2	0.0	0	-1.322	
ENSG00000001314	CACN308	20.05	0.0	0	-0.6666	MAPK_SIGNALING
ENSG00000001315	TET262	3.75	0.0	0	-0.2208	
ENSG00000001316	FBXO239	9.39	0.0	0	-1.0354	CHOLESTEROL_HOMEOSTASIS;SPERMATOGENESIS
ENSG00000001317	HDAC487	51.01	0.0	0	0.0477	
ENSG00000001318	KMT2529	0.92	0.0	0	-0.8655	INTERFERON_ALPHA_RESPONSE;EXTRACELLULAR_MATRIX_ORGANIZATION
ENSG00000001319	EZH363	367.39	0.0	0	0.2894	
ENSG00000001320	FBXO306	88.75	0.0	0	-0.3217	
ENSG00000001321	GNA271	414.96	0.0	0	0.5295	E2F_TARGETS
ENSG00000001322	SMARC413	152.41	0.0	0	0.0705	
ENSG00000001323	RPS448	5.35	0.0	0	0.7225	
ENSG00000001324	CDC210	5.1	0.0	0	1.5279	CHOLESTEROL_HOMEOSTASIS;MYOGENESIS
ENSG00000001325	DYNC573	34.93	0.0	0	-0.2881	NOTCH_SIGNALING;MRNA_SPLICING
ENSG00000001326	GNA272	25.88	1.5329	1	0.2544	TNFA_SIGNALING_VIA_NFKB
ENSG00000001327	HK2	206.55	0.0	0	-0.7046	INTERFERON_ALPHA_RESPONSE
ENSG00000001328	ADRB263	93.9	0.0	0	-0.232	
ENSG00000001329	MRPL116	363.3	0.0	0	0.5687	MAPK_SIGNALING
ENSG00000001330	VPS141	132.99	0.0	0	1.3362	ESTROGEN_RESPONSE;MYOGENESIS
ENSG00000001331	SPTB288	108.11	0.0	0	-1.1883	
ENSG00000001332	HTR434	74.17	0.0	0	-1.4436	DNA_REPAIR;PI3K_AKT_MTOR_SIGNALING
ENSG00000001333	CD19	101.72	2.6074	1	0.4383	ESTROGEN_RESPONSE
ENSG00000001334	MYO357	308.42	0.0	0	-0.6663	E2F_TARGETS
ENSG00000001335	SIRT80	416.66	0.0	0	-0.1617	
ENSG00000001336	ACTN393	1376.37	0.0	0	0.3053	
ENSG00000001337	ADRB697	176.04	0.0	0	0.8266	WNT_BETA_CATENIN_SIGNALING;ESTROGEN_RESPONSE
ENSG00000001338	KRT82	8.85	0.0	0	-0.5427	ESTROGEN_RESPONSE
ENSG00000001339	SCN56	1.31	0.0	0	-0.7127	AUTOPHAGY
ENSG00000001340	ZNF88	30.87	0.0	0	0.5188	INTERFERON_GAMMA_RESPONSE;PEROXISOME
ENSG00000001341	SCN155	29.97	0.0	0	1.0061	UNFOLDED_PROTEIN_RESPONSE;COMPLEMENT_CASCADE
ENSG00000001342	BRD79	16.42	0.0	0	-0.6995	PI3K_AKT_MTOR_SIGNALING;PEROXISOME
ENSG00000001343	ANAPC459	10.25	0.0	0	-0.1411	COMPLEMENT_CASCADE;RIBOSOME_BIOGENESIS
ENSG00000001344	COL657	812.0	0.0	0	-0.9378	OXIDATIVE_PHOSPHORYLATION
ENSG00000001345	HIST1H366	72.18	0.0	0	-0.054	TGF_BETA_SIGNALING
ENSG00000001346	MRPS597	463.8	0.0	0	0.2465	COAGULATION
ENSG00000001347	RPL793	169.6	0.0	0	0.5572	HEDGEHOG_SIGNALING
ENSG00000001348	VCL304	4071.05	0.0	0	0.6469	
ENSG00000001349	MRPL143	210.48	0.0	0	-1.3529	ANDROGEN_RESPONSE
ENSG00000001350	RPL61	17.38	0.0	0	-0.5413	HYPOXIA
ENSG00000001351	KIF146	6.72	0.0	0	-0.7267	EPITHELIAL_MESENCHYMAL_TRANSITION
ENSG00000001352	CDC26	58.08	0.0	0	-1.1107	WNT_BETA_CATENIN_SIGNALING
ENSG00000001353	RPS290	26.1	0.0	0	-1.1043	
ENSG00000001354	DHX385	22.63	0.0	0	0.9323	
ENSG00000001355	EIF404	146.04	0.0	0	0.2368	
ENSG00000001356	EZH477	58.12	0.0	0	-0.7856	
ENSG00000001357	SPTB816	18.15	0.0	0	-0.0689	NOTCH_SIGNALING
ENSG00000001358	MYO617	65.21	0.0	0	-1.1755	
ENSG00000001359	PLC80	246.62	0.0	0	0.7186	
ENSG00000001360	DUSP50	3.51	0.0	0	-0.2615	
ENSG00000001361	SUZ134	12.96	0.0	0	-0.306	MAPK_SIGNALING
ENSG00000001362	VCL102	4.68	0.0	0	-0.1376	
ENSG00000001363	GABR482	1.87	0.0	0	-0.6896	WNT_BETA_CATENIN_SIGNALING
ENSG00000001364	KIF376	3.73	0.0	0	0.8855	
ENSG00000001365	ADRB100	45.6	0.0	0	-0.7262	MYOGENESIS
ENSG00000001366	COPB341	87.76	0.0	0	1.4327	INTERFERON_GAMMA_RESPONSE;COAGULATION
ENSG00000001367	RPS29	43.29	0.0	0	0.0216	
ENSG00000001368	DUSP421	13.5	0.0	0	-0.6262	CHOLESTEROL_HOMEOSTASIS;UNFOLDED_PROTEIN_RESPONSE
ENSG00000001369	KIF503	1.7	0.0	0	-0.1481	
ENSG00000001370	TMEM661	45.37	0.0	0	0.7556	
ENSG00000001371	ADAM389	92.34	0.0	0	0.6525	PI3K_AKT_MTOR_SIGNALING
ENSG00000001372	EIF846	30.19	0.0	0	-1.1926	
ENSG00000001373	MMP587	41.0	0.0	0	0.6949	
ENSG00000001374	HIST1H246	5.95	0.0	0	0.5146	
ENSG00000001375	H2AF214	71.67	0.0	0	-0.3548	
ENSG00000001376	CCNB658	34.26	0.0	0	1.3888	PROTEIN_SECRETION
ENSG00000001377	COPB853	59.12	0.0	0	0.8372	
ENSG00000001378	TOMM612	19.69	0.0	0	1.7322	
ENSG00000001379	PLC708	9.17	0.0	0	-0.902	
ENSG00000001380	UGT546	29.48	0.0	0	0.3806	
ENSG00000001381	PPP2R217	378.51	0.0	0	-0.6075	GLYCOLYSIS
ENSG00000001382	RAB11FIP476	5.28	0.0	0	-1.0223	
ENSG00000001383	GPX1	113.17	0.0	0	0.3385	REACTIVE_OXYGEN_SPECIES
ENSG00000001384	PPARGC1A	1.12	0.0	0	0.6788	
ENSG00000001385	SPTB182	97.16	0.0	0	-0.1386	
ENSG00000001386	RAB11FIP795	93.75	0.0	0	0.1213	ANGIOGENESIS
ENSG00000001387	TOMM374	6.15	0.0	0	0.0874	
ENSG00000001388	TLN521	262.96	0.0	0	-0.9171	OXIDATIVE_PHOSPHORYLATION;MRNA_SPLICING
ENSG00000001389	GRIN307	0.77	0.0	0	-1.3112	
ENSG00000001390	CUL284	14.27	0.0	0	1.5174	
ENSG00000001391	ZNF171	25.98	0.0	0	1.2081	INTERFERON_GAMMA_RESPONSE
ENSG00000001392	SUZ145	1.81	0.0	0	0.2525	
ENSG00000001393	ARF224	14.31	0.0	0	1.099	
ENSG00000001394	COL789	2.3	0.0	0	-0.1797	ANGIOGENESIS
ENSG00000001395	CCNB831	11.04	0.0	0	0.0882	
ENSG00000001396	DNMT554	62.01	0.0	0	-1.1643	P53_SIGNALING
ENSG00000001397	BRD96	472.55	0.0	0	0.1913	OXIDATIVE_PHOSPHORYLATION;EPITHELIAL_MESENCHYMAL_TRANSITION
ENSG00000001398	CACN870	0.64	0.0	0	-0.4767	ANDROGEN_RESPONSE
ENSG00000001399	SIRT885	10.08	0.0	0	-0.3423	
ENSG00000001400	TOMM825	0.63	0.0	0	-0.0391	EPITHELIAL_MESENCHYMAL_TRANSITION;PEROXISOME
ENSG00000001401	TRIM818	935.46	0.0	0	0.6169	
ENSG00000001402	UGT471	250.7	0.0	0	-0.5144	COMPLEMENT_CASCADE;RIBOSOME_BIOGENESIS
ENSG00000001403	MMP724	3.41	0.0	0	-1.0992	MRNA_SPLICING
ENSG00000001404	VPS473	38.93	0.0	0	0.2338	FATTY_ACID_METABOLISM;CHOLESTEROL_HOMEOSTASIS;CELL_CYCLE_G2M_CHECKPOINT;ADIPOGENESIS
ENSG00000001405	TET212	26.19	0.0	0	0.9445	
ENSG00000001406	ZNF72	2.75	0.0	0	-1.0572	
ENSG00000001407	ARF162	4.89	0.0	0	1.371	
ENSG00000001408	ATAD688	9.2	0.0	0	-1.7239	IL6_JAK_STAT3_SIGNALING
ENSG00000001409	MYO459	293.9	0.0	0	-0.5477	
ENSG00000001410	ANK759	80.31	0.0	0	0.6797	ANDROGEN_RESPONSE;RIBOSOME_BIOGENESIS
ENSG00000001411	CACN761	33.97	0.0	0	-0.4872	ANGIOGENESIS;EXTRACELLULAR_MATRIX_ORGANIZATION
ENSG00000001412	MRPL229	11.61	0.0	0	1.4549	
ENSG00000001413	SUZ108	15.65	0.0	0	-1.0046	
ENSG00000001414	GRIN667	6.25	0.0	0	0.1031	APOPTOSIS
ENSG00000001415	ARF519	5.02	0.0	0	0.4357	EXTRACELLULAR_MATRIX_ORGANIZATION
ENSG00000001416	HDAC203	123.14	0.0	0	-1.1742	IL6_JAK_STAT3_SIGNALING;ADIPOGENESIS
ENSG00000001417	HIST1H220	326.28	0.0	0	-0.0254	
ENSG00000001418	RNF170	5.47	0.0	0	-0.025	WNT_BETA_CATENIN_SIGNALING
ENSG00000001419	DYNC31	28.39	0.0	0	-0.4456	SPERMATOGENESIS
ENSG00000001420	PLC609	156.68	0.0	0	1.0033	
ENSG00000001421	HMOX1	91.32	0.0	0	1.1567	HYPOXIA;HEDGEHOG_SIGNALING
ENSG00000001422	OR684	13.4	0.0	0	0.0247	
ENSG00000001423	TMEM697	2526.04	0.0	0	-1.185	GLYCOLYSIS;CELL_CYCLE_G2M_CHECKPOINT;IL6_JAK_STAT3_SIGNALING
ENSG00000001424	RNF105	7.8	0.0	0	-0.2427	
ENSG00000001425	RNF323	6.15	0.0	0	-0.2085	
ENSG00000001426	SCN847	7.76	0.0	0	0.3677	
ENSG00000001427	EZH215	172.43	0.0	0	0.2981	WNT_BETA_CATENIN_SIGNALING
ENSG00000001428	ATAD152	62.46	0.0	0	1.6487	
ENSG00000001429	ATAD239	242.42	0.0	0	0.5388	
ENSG00000001430	GRIN677	10.82	0.0	0	-1.5476	E2F_TARGETS
ENSG00000001431	DYNC853	16.61	0.0	0	-1.1234	NOTCH_SIGNALING
ENSG00000001432	TRIM106	11.67	0.0	0	-2.2002	COMPLEMENT_CASCADE
ENSG00000001433	DNMT317	28.23	0.0	0	-0.4182	
ENSG00000001434	CASP9	454.67	-2.6134	1	0.3829	DNA_REPAIR;MAPK_SIGNALING;E2F_TARGETS
ENSG00000001435	SKP878	3.9	0.0	0	-0.3325	COAGULATION;WNT_BETA_CATENIN_SIGNALING
ENSG00000001436	RPS259	148.0	0.0	0	-0.0425	ANGIOGENESIS
ENSG00000001437	HDAC650	242.45	0.0	0	-0.9019	TNFA_SIGNALING_VIA_NFKB
ENSG00000001438	SKP890	33.93	0.0	0	-0.4875	HEDGEHOG_SIGNALING
ENSG00000001439	PLC183	110.4	0.0	0	0.3505	MAPK_SIGNALING
ENSG00000001440	EZH608	5.07	0.0	0	0.5228	
ENSG00000001441	SPTB142	127.97	0.0	0	0.6795	
ENSG00000001442	RAB465	19.91	0.0	0	-0.0759	HEDGEHOG_SIGNALING
ENSG00000001443	KDM580	481.95	0.0	0	-0.1044	
ENSG00000001444	ADRB456	18.57	0.0	0	1.118	CELL_CYCLE_G2M_CHECKPOINT;COMPLEMENT_CASCADE;E2F_TARGETS
ENSG00000001445	VPS863	61.07	0.0	0	0.0008	P53_SIGNALING;COMPLEMENT_CASCADE
ENSG00000001446	UBE2725	29.33	0.0	0	0.1803	
ENSG00000001447	MMP83	35.81	0.0	0	0.4926	
ENSG00000001448	BCL2L1	8139.06	2.4258	1	1.8316	TNFA_SIGNALING_VIA_NFKB
ENSG00000001449	GABR452	536.6	0.0	0	0.4759	
ENSG00000001450	RAB11FIP509	34.33	0.0	0	-0.7675	
ENSG00000001451	KDM226	2.6	0.0	0	-0.0948	
ENSG00000001452	SCD	933.31	-2.4144	1	0.0853	INFLAMMATORY_RESPONSE
ENSG00000001453	SMARC273	150.65	0.0	0	-0.6468	
ENSG00000001454	ARF722	4.6	0.0	0	-0.3167	CHOLESTEROL_HOMEOSTASIS;RIBOSOME_BIOGENESIS
ENSG00000001455	TOMM171	781.74	0.0	0	0.793	
ENSG00000001456	GNA792	99.31	0.0	0	-0.1287	CHOLESTEROL_HOMEOSTASIS;NOTCH_SIGNALING
ENSG00000001457	CUL17	433.96	0.0	0	0.072	OXIDATIVE_PHOSPHORYLATION;EXTRACELLULAR_MATRIX_ORGANIZATION
ENSG00000001458	ADAM895	1427.29	0.0	0	1.1569	ESTROGEN_RESPONSE
ENSG00000001459	ARF622	44.97	0.0	0	-0.6544	UNFOLDED_PROTEIN_RESPONSE;MAPK_SIGNALING
ENSG00000001460	VPS130	1213.77	0.0	0	1.5	
ENSG00000001461	HDAC18	39.97	0.0	0	-0.7134	
ENSG00000001462	ABC607	40.43	0.0	0	-1.5707	
ENSG00000001463	TOMM323	164.93	0.0	0	-1.2013	CHOLESTEROL_HOMEOSTASIS;INTERFERON_ALPHA_RESPONSE;MAPK_SIGNALING
ENSG00000001464	KMT2853	10.43	0.0	0	-0.7995	RIBOSOME_BIOGENESIS
ENSG00000001465	SUZ308	52.67	0.0	0	-0.7144	AUTOPHAGY
ENSG00000001466	MYO236	111.3	0.0	0	0.2667	E2F_TARGETS
ENSG00000001467	ANK807	588.84	0.0	0	0.1001	IL6_JAK_STAT3_SIGNALING;EPITHELIAL_MESENCHYMAL_TRANSITION;E2F_TARGETS
ENSG00000001468	DHX751	443.87	0.0	0	0.2044	
ENSG00000001469	HTR384	55.81	0.0	0	0.4468	
ENSG00000001470	TET474	19.87	0.0	0	1.9762	
ENSG00000001471	TET38	416.82	0.0	0	0.1395	GLYCOLYSIS;INTERFERON_GAMMA_RESPONSE;ESTROGEN_RESPONSE;PEROXISOME
ENSG00000001472	DNMT837	418.68	0.0	0	-0.6341	
ENSG00000001473	PPP2R442	34.79	0.0	0	0.2986	
ENSG00000001474	KRT829	359.53	0.0	0	-0.5044	
ENSG00000001475	RHO74	48.49	0.0	0	-1.0232	PI3K_AKT_MTOR_SIGNALING
ENSG00000001476	EZH447	199.99	0.0	0	-0.0413	IL6_JAK_STAT3_SIGNALING;MYC_TARGETS
ENSG00000001477	TET291	85.62	0.0	0	1.115	GLYCOLYSIS
ENSG00000001478	PLC544	29.34	0.0	0	0.4727	
ENSG00000001479	MT-CO1	15566.28	0.0	0	1.7192	
ENSG00000001480	ATAD193	214.29	0.0	0	-1.5843	INTERFERON_ALPHA_RESPONSE
ENSG00000001481	HIST1H683	2.79	0.0	0	-0.2467	
ENSG00000001482	SUZ227	6.09	0.0	0	-1.1945	RIBOSOME_BIOGENESIS
ENSG00000001483	TET300	21.61	0.0	0	-0.6186	AUTOPHAGY
ENSG00000001484	RPL670	108.83	-1.273	1	-0.5011	P53_SIGNALING
ENSG00000001485	RPS304	2.8	0.0	0	-0.7198	
ENSG00000001486	SKP388	5.53	0.0	0	-0.5245	EXTRACELLULAR_MATRIX_ORGANIZATION
ENSG00000001487	EZH274	23.32	0.0	0	-1.4391	INTERFERON_ALPHA_RESPONSE;PROTEIN_SECRETION
ENSG00000001488	UBE215	248.3	0.0	0	-0.0079	UNFOLDED_PROTEIN_RESPONSE
ENSG00000001489	PRKC792	26.06	0.0	0	0.3393	XENOBIOTIC_METABOLISM
ENSG00000001490	CCNB390	45.64	0.0	0	0.3927	
ENSG00000001491	GRIN37	18.77	0.0	0	-1.092	
ENSG00000001492	H2AF719	1.92	0.0	0	0.7846	
ENSG00000001493	ATAD466	3.37	0.0	0	-0.3474	INTERFERON_ALPHA_RESPONSE
ENSG00000001494	SKP317	2.97	0.0	0	1.0131	INTERFERON_GAMMA_RESPONSE
ENSG00000001495	DHX312	13.58	0.0	0	0.1889	
ENSG00000001496	DYNC797	53.84	0.0	0	1.814	P53_SIGNALING
ENSG00000001497	ZNF692	687.16	0.0	0	0.4694	
ENSG00000001498	PGR	41.1	2.8776	1	-0.8424	TNFA_SIGNALING_VIA_NFKB
ENSG00000001499	MRPS412	1.58	0.0	0	0.0418	
ENSG00000001500	HTR536	10.79	0.0	0	0.7344	CELL_CYCLE_G2M_CHECKPOINT
ENSG00000001501	MRPL140	3.41	0.0	0	0.0946	
ENSG00000001502	EIF515	20.05	0.0	0	-0.9925	INTERFERON_ALPHA_RESPONSE
ENSG00000001503	EZH414	54.01	0.0	0	0.3014	UNFOLDED_PROTEIN_RESPONSE;HYPOXIA
ENSG00000001504	DDX250	29.07	0.0	0	-0.1769	ANGIOGENESIS
ENSG00000001505	KCN365	25.32	0.0	0	-0.1804	EPITHELIAL_MESENCHYMAL_TRANSITION;PEROXISOME
ENSG00000001506	GNA769	101.4	0.0	0	-0.3205	UNFOLDED_PROTEIN_RESPONSE
ENSG00000001507	MRPS87	27.65	0.0	0	0.9693	TGF_BETA_SIGNALING
ENSG00000001508	DDX34	30.15	0.0	0	1.0748	DNA_REPAIR
ENSG00000001509	KDM521	105.73	0.0	0	0.2517	
ENSG00000001510	PPP1R685	12.05	0.0	0	0.7534	
ENSG00000001511	MRPS451	1.43	0.0	0	-0.2781	
ENSG00000001512	UBE2559	5.87	0.0	0	-0.5232	
ENSG00000001513	ATAD661	22.09	0.0	0	-0.5955	INTERFERON_ALPHA_RESPONSE
ENSG00000001514	CDC643	91.95	0.0	0	1.4935	COAGULATION
ENSG00000001515	GABR119	22.37	0.0	0	0.0382	EXTRACELLULAR_MATRIX_ORGANIZATION;SPERMATOGENESIS;PROTEIN_SECRETION
ENSG00000001516	GRIN536	25.9	0.0	0	-1.2702	
ENSG00000001517	RAB11FIP759	50.23	0.0	0	1.5858	RIBOSOME_BIOGENESIS
ENSG00000001518	RPL776	830.09	0.0	0	1.6593	
ENSG00000001519	TOMM467	1612.39	0.0	0	-0.1842	
ENSG00000001520	HTR229	10.86	0.0	0	1.7171	INTERFERON_ALPHA_RESPONSE;MYOGENESIS
ENSG00000001521	ATAD310	15.14	0.0	0	0.3215	MAPK_SIGNALING
ENSG00000001522	SIRT215	20.36	0.0	0	-0.3057	EPITHELIAL_MESENCHYMAL_TRANSITION
ENSG00000001523	PPP2R210	21.38	0.0	0	-0.3651	
ENSG00000001524	HTR655	4.87	0.0	0	0.4115	
ENSG00000001525	CDC231	39.92	0.0	0	1.8662	APOPTOSIS
ENSG00000001526	CDC150	60.76	0.0	0	-1.2888	
ENSG00000001527	KMT2356	39.72	0.0	0	1.7107	
ENSG00000001528	SEC565	150.69	0.0	0	-0.3709	
ENSG00000001529	DNMT734	33.51	0.0	0	0.077	
ENSG00000001530	DYNC511	5.86	0.0	0	-0.5343	
ENSG00000001531	VCL347	72.69	0.0	0	-0.5002	NOTCH_SIGNALING
ENSG00000001532	CHRM530	8.78	0.0	0	0.2436	EPITHELIAL_MESENCHYMAL_TRANSITION;ESTROGEN_RESPONSE
ENSG00000001533	PLC360	2.24	0.0	0	-0.2285	IL6_JAK_STAT3_SIGNALING
ENSG00000001534	HTR744	0.52	0.0	0	-0.0265	IL6_JAK_STAT3_SIGNALING;SPERMATOGENESIS
ENSG00000001535	RHO711	226.3	0.0	0	0.8615	INFLAMMATORY_RESPONSE
ENSG00000001536	EIF524	8.69	0.0	0	0.109	AUTOPHAGY;INFLAMMATORY_RESPONSE
ENSG00000001537	ADRB131	456.66	0.0	0	0.9341	
ENSG00000001538	DUSP344	5.2	0.0	0	-1.2562	WNT_BETA_CATENIN_SIGNALING
ENSG00000001539	GNA324	17.47	0.0	0	-1.0787	
ENSG00000001540	HTR264	252.65	-0.9	1	-1.1465	CHOLESTEROL_HOMEOSTASIS
ENSG00000001541	PXN168	7.31	0.0	0	-1.0529	
ENSG00000001542	CHRM79	11.92	0.0	0	-0.2457	HYPOXIA
ENSG00000001543	TOMM485	2.56	0.0	0	0.097	
ENSG00000001544	DYNC845	55.99	0.0	0	0.5339	
ENSG00000001545	TET404	4.65	0.0	0	0.0357	
ENSG00000001546	LEP	21.7	0.0	0	0.6394	
ENSG00000001547	ACTN446	222.64	0.0	0	-2.3918	
ENSG00000001548	SEC633	41.45	0.0	0	-0.0375	
ENSG00000001549	VCL564	1.15	0.0	0	-1.3107	ESTROGEN_RESPONSE
ENSG00000001550	PPP2R896	1.67	0.0	0	0.2623	
ENSG00000001551	MMP364	1.86	0.0	0	-1.6587	
ENSG00000001552	COPB315	38.23	0.0	0	-2.012	ADIPOGENESIS
ENSG00000001553	ADRB753	10.04	0.0	0	-0.1257	APOPTOSIS
ENSG00000001554	CYP465	27.88	0.0	0	0.3804	
ENSG00000001555	PXN347	2.07	0.0	0	1.4659	
ENSG00000001556	ARID150	41.12	0.0	0	-0.2298	
ENSG00000001557	PRKC331	239.14	0.0	0	1.6208	APOPTOSIS;WNT_BETA_CATENIN_SIGNALING
ENSG00000001558	VCL473	14.52	0.0	0	0.5695	GLYCOLYSIS;AUTOPHAGY
ENSG00000001559	SMAD3	12.01	0.0	0	-0.5327	TGF_BETA_SIGNALING
ENSG00000001560	TRIM302	29.75	0.0	0	0.5149	PI3K_AKT_MTOR_SIGNALING
ENSG00000001561	UGT412	248.87	0.0	0	-1.3494	OXIDATIVE_PHOSPHORYLATION;PROTEIN_SECRETION
ENSG00000001562	CACN266	2.0	0.0	0	-0.7283	
ENSG00000001563	PXN626	70.11	0.0	0	0.0405	TNFA_SIGNALING_VIA_NFKB
ENSG00000001564	KRT743	165.07	0.0	0	0.4836	SPERMATOGENESIS
ENSG00000001565	SLC263	14.51	0.0	0	0.9284	
ENSG00000001566	KRT756	99.72	0.0	0	-0.2637	
ENSG00000001567	RHO589	452.91	0.0	0	0.3915	
ENSG00000001568	EZH66	106.0	0.0	0	-0.7383	
ENSG00000001569	BRD427	91.4	0.0	0	-0.0513	
ENSG00000001570	TIMM350	0.7	0.0	0	0.2685	EXTRACELLULAR_MATRIX_ORGANIZATION
ENSG00000001571	CD8A	10.05	0.0	0	0.7711	
ENSG00000001572	ARID356	1354.71	0.0	0	0.1575	
ENSG00000001573	TET881	0.67	0.0	0	-0.4075	TGF_BETA_SIGNALING
ENSG00000001574	SCN533	45.59	0.0	0	-0.1919	
ENSG00000001575	HDAC516	13.18	0.0	0	-0.9784	MAPK_SIGNALING
ENSG00000001576	MT-CYB	11198.69	0.0	0	-0.8853	
ENSG00000001577	PPP1R591	2.03	0.0	0	0.0003	INTERFERON_ALPHA_RESPONSE
ENSG00000001578	KCN680	69.44	0.0	0	0.1531	
ENSG00000001579	RHO304	1.36	0.0	0	-1.7072	ANGIOGENESIS;MAPK_SIGNALING
ENSG00000001580	CYP787	75.9	0.0	0	-1.1732	PI3K_AKT_MTOR_SIGNALING
ENSG00000001581	RPS682	1.82	0.0	0	0.7433	
ENSG00000001582	PPARG	44.37	0.0	0	-0.1294	
ENSG00000001583	HTR213	30.33	1.3081	1	-1.5493	
ENSG00000001584	ABC232	32.81	0.0	0	0.2857	
ENSG00000001585	EZH255	5.15	0.0	0	-0.4102	OXIDATIVE_PHOSPHORYLATION;MYC_TARGETS
ENSG00000001586	ARF65	1.98	0.0	0	-0.0344	CELL_CYCLE_G2M_CHECKPOINT;HEDGEHOG_SIGNALING
ENSG00000001587	RAB416	7.37	0.0	0	-0.1508	EPITHELIAL_MESENCHYMAL_TRANSITION
ENSG00000001588	ACTN396	24.07	0.0	0	-0.2373	
ENSG00000001589	CCL2	28.37	2.9444	1	-1.162	
ENSG00000001590	RNF568	5.02	0.0	0	-1.5179	
ENSG00000001591	BRD303	23.29	0.0	0	0.6173	
ENSG00000001592	RAB255	403.34	0.0	0	-1.1933	
ENSG00000001593	PPP1R499	0.81	0.0	0	0.0681	
ENSG00000001594	SCN177	30.57	0.0	0	0.5812	
ENSG00000001595	DYNC340	70.16	0.0	0	0.98	COAGULATION
ENSG00000001596	ZNF838	90.0	0.0	0	-0.5382	ANGIOGENESIS
ENSG00000001597	PLC814	7.25	0.0	0	-0.4379	WNT_BETA_CATENIN_SIGNALING
ENSG00000001598	MRPS643	10.12	0.0	0	0.1106	INTERFERON_GAMMA_RESPONSE;TGF_BETA_SIGNALING
ENSG00000001599	SNX10	90.24	0.0	0	-0.8923	PROTEIN_SECRETION
ENSG00000001600	PLC370	1.76	0.0	0	-0.8137	
ENSG00000001601	COPB669	291.77	0.0	0	-0.2957	ANGIOGENESIS;REACTIVE_OXYGEN_SPECIES
ENSG00000001602	SUZ700	12.73	0.0	0	-0.3172	AUTOPHAGY
ENSG00000001603	ATP5F1A	5.49	0.0	0	-0.3543	
ENSG00000001604	ABC726	94.93	0.0	0	-0.4983	
ENSG00000001605	SIRT367	132.23	0.0	0	-1.148	
ENSG00000001606	KRT449	23.52	0.0	0	-0.4116	
ENSG00000001607	SIRT752	68.67	0.0	0	0.2379	
ENSG00000001608	ATAD377	48.76	0.0	0	0.7108	HEDGEHOG_SIGNALING;PEROXISOME
ENSG00000001609	SLC7A11	82.7	-2.1508	1	-0.4144	P53_SIGNALING;HYPOXIA
ENSG00000001610	KDM609	318.27	0.0	0	-0.2444	MAPK_SIGNALING
ENSG00000001611	ZNF750	4.39	0.0	0	-1.3371	
ENSG00000001612	ACTN579	65.41	0.0	0	-1.1811	
ENSG00000001613	EIF365	62.57	0.0	0	0.1313	
ENSG00000001614	SCN848	6.31	0.0	0	0.4362	IL6_JAK_STAT3_SIGNALING
ENSG00000001615	RPS832	18.4	0.0	0	-0.3262	AUTOPHAGY;MYOGENESIS
ENSG00000001616	ADAM715	27.54	0.0	0	0.1504	COMPLEMENT_CASCADE
ENSG00000001617	USP523	8.23	0.0	0	0.3089	
ENSG00000001618	DHX836	7.19	0.0	0	-1.0103	PEROXISOME
ENSG00000001619	MRPL97	2.69	0.0	0	-0.9453	MAPK_SIGNALING
ENSG00000001620	ADRB255	164.18	0.0	0	-1.0936	UNFOLDED_PROTEIN_RESPONSE
ENSG00000001621	AKT1	186.18	0.0	0	-0.0737	
ENSG00000001622	PPP2R890	3106.37	1.1204	1	-0.0649	TNFA_SIGNALING_VIA_NFKB;IL6_JAK_STAT3_SIGNALING;MYOGENESIS
ENSG00000001623	GABR493	383.78	0.0	0	-0.9882	UNFOLDED_PROTEIN_RESPONSE;EPITHELIAL_MESENCHYMAL_TRANSITION;XENOBIOTIC_METABOLISM
ENSG00000001624	SLC104	114.72	0.0	0	0.0123	WNT_BETA_CATENIN_SIGNALING;MRNA_SPLICING
ENSG00000001625	PXN868	1.82	0.0	0	0.1046	
ENSG00000001626	DRD410	25.9	0.0	0	-1.017	
ENSG00000001627	DNMT146	18.52	0.0	0	0.2042	P53_SIGNALING
ENSG00000001628	COL113	11.58	0.0	0	1.2962	APOPTOSIS
ENSG00000001629	GRIN191	1.43	0.0	0	-0.3955	TGF_BETA_SIGNALING;MAPK_SIGNALING
ENSG00000001630	MAPK167	1160.22	0.0	0	0.0969	
ENSG00000001631	VPS632	0.71	0.0	0	0.4241	P53_SIGNALING
ENSG00000001632	PTEN	22.87	0.0	0	0.7236	
ENSG00000001633	TLN91	20.89	0.0	0	0.5665	
ENSG00000001634	MT-CO2	15651.16	0.0	0	1.7874	
ENSG00000001635	SEC564	11.75	0.0	0	0.0722	
ENSG00000001636	PPP2R78	24.76	0.0	0	1.6276	WNT_BETA_CATENIN_SIGNALING;MRNA_SPLICING
ENSG00000001637	TLN390	106.13	0.0	0	-0.9088	
ENSG00000001638	SEC431	54.84	0.0	0	-0.0955	
ENSG00000001639	CYP332	47.85	0.0	0	-0.1626	RIBOSOME_BIOGENESIS
ENSG00000001640	TLN636	678.06	0.0	0	-1.869	ANGIOGENESIS
ENSG00000001641	HTR777	9.58	0.0	0	0.6138	
ENSG00000001642	ARF87	64.48	0.0	0	0.9392	
ENSG00000001643	KMT2602	9.78	0.0	0	1.208	MYC_TARGETS
ENSG00000001644	SUZ218	3.08	0.0	0	-0.65	
ENSG00000001645	TOMM578	62.11	0.0	0	0.7023	EPITHELIAL_MESENCHYMAL_TRANSITION;MYOGENESIS
ENSG00000001646	SEC517	257.14	0.0	0	-0.8718	
ENSG00000001647	SEC234	342.33	0.0	0	0.0963	
ENSG00000001648	UGT738	249.78	0.0	0	0.1992	
ENSG00000001649	KRT323	126.65	0.0	0	-0.455	P53_SIGNALING
ENSG00000001650	DDX485	0.61	0.0	0	-1.7747	SPERMATOGENESIS
ENSG00000001651	RAB196	22.76	0.0	0	1.8097	E2F_TARGETS
ENSG00000001652	OR804	0.39	0.0	0	-0.2314	AUTOPHAGY
ENSG00000001653	PXN83	15.35	0.0	0	-0.381	
ENSG00000001654	RPL825	4.54	0.0	0	-0.8804	CHOLESTEROL_HOMEOSTASIS
ENSG00000001655	KCN626	11.01	0.0	0	-0.4503	INTERFERON_ALPHA_RESPONSE
ENSG00000001656	SEC390	2527.76	0.0	0	-0.4993	AUTOPHAGY
ENSG00000001657	SPTB516	166.38	1.8761	1	0.8812	MAPK_SIGNALING
ENSG00000001658	TMEM121	112.74	0.0	0	0.4124	P53_SIGNALING;MYC_TARGETS;SPERMATOGENESIS
ENSG00000001659	KDM239	43.64	0.0	0	-0.573	INTERFERON_GAMMA_RESPONSE;ESTROGEN_RESPONSE
ENSG00000001660	GABR342	50.65	0.0	0	-0.6525	
ENSG00000001661	DHX644	72.26	0.0	0	-0.1072	
ENSG00000001662	OR472	11.41	0.0	0	-0.5184	DNA_REPAIR
ENSG00000001663	SIRT730	5.66	0.0	0	1.8331	MRNA_SPLICING
ENSG00000001664	CUL159	66.34	0.0	0	1.0286	
ENSG00000001665	HIST1H475	33.02	0.0	0	-1.1153	
ENSG00000001666	SKP449	6.65	0.0	0	1.3912	ADIPOGENESIS
ENSG00000001667	MYO787	32.6	0.0	0	1.5238	
ENSG00000001668	TOMM459	43.74	0.0	0	-0.7219	
ENSG00000001669	GRIN620	96.46	0.0	0	-0.3336	HEDGEHOG_SIGNALING
ENSG00000001670	EZH143	13.6	0.0	0	0.6778	DNA_REPAIR
ENSG00000001671	TET886	423.51	0.0	0	-0.3879	
ENSG00000001672	TMEM473	46.43	0.0	0	-0.9467	PROTEIN_SECRETION
ENSG00000001673	SUZ746	11.99	0.0	0	0.3459	CHOLESTEROL_HOMEOSTASIS
ENSG00000001674	CCNB484	108.38	0.0	0	-1.2721	P53_SIGNALING
ENSG00000001675	KDM383	5.32	0.0	0	-0.4693	
ENSG00000001676	PRKC447	86.54	0.0	0	0.1492	PROTEIN_SECRETION
ENSG00000001677	GNA841	8.48	0.0	0	-0.5753	
ENSG00000001678	KRT705	2.85	0.0	0	-0.9897	REACTIVE_OXYGEN_SPECIES
ENSG00000001679	EZH851	14.31	0.0	0	-1.0194	CELL_CYCLE_G2M_CHECKPOINT;AUTOPHAGY
ENSG00000001680	SKP44	123.25	0.0	0	0.7053	
ENSG00000001681	TET354	16.58	0.0	0	-0.9088	
ENSG00000001682	OR432	61.85	0.0	0	-2.164	
ENSG00000001683	GABR751	2.87	0.0	0	-0.1331	EPITHELIAL_MESENCHYMAL_TRANSITION;EXTRACELLULAR_MATRIX_ORGANIZATION
ENSG00000001684	PXN738	1.04	0.0	0	0.2795	
ENSG00000001685	VPS340	41.32	0.0	0	0.1387	
ENSG00000001686	DHX493	296.12	0.0	0	-0.4186	
ENSG00000001687	KCN6	0.92	0.0	0	1.4161	
ENSG00000001688	DYNC711	482.97	0.0	0	0.3819	
ENSG00000001689	ABC501	337.12	1.2767	1	-0.4838	INFLAMMATORY_RESPONSE
ENSG00000001690	RHO670	3.56	0.0	0	0.0907	TNFA_SIGNALING_VIA_NFKB
ENSG00000001691	HTR560	2768.26	0.0	0	-0.7535	
ENSG00000001692	DNMT494	228.77	0.0	0	-0.1859	CHOLESTEROL_HOMEOSTASIS;HYPOXIA
ENSG00000001693	OR487	36.08	0.0	0	0.2293	
ENSG00000001694	VPS207	2.86	0.0	0	0.7207	DNA_REPAIR;ESTROGEN_RESPONSE;PROTEIN_SECRETION
ENSG00000001695	MMP414	4.85	0.0	0	-0.0042	
ENSG00000001696	FBXO545	3.4	0.0	0	1.5813	
ENSG00000001697	RPL574	23.92	0.0	0	-0.838	
ENSG00000001698	RAB805	20.93	0.0	0	-0.0321	
ENSG00000001699	SCN37	83.34	0.0	0	-0.054	
ENSG00000001700	SCN455	7.9	0.0	0	-0.1365	
ENSG00000001701	IGF1R	24.86	0.0	0	-0.5339	
ENSG00000001702	CCNB371	78.57	0.0	0	0.8265	
ENSG00000001703	RPS18	20330.39	0.0	0	-0.1508	
ENSG00000001704	ZNF727	75.48	0.0	0	0.294	
ENSG00000001705	DHX870	41.51	0.0	0	-0.522	
ENSG00000001706	PRKC670	309.85	0.0	0	-0.1041	
ENSG00000001707	COL537	16.6	0.0	0	-1.0033	
ENSG00000001708	EIF458	1.32	0.0	0	1.3518	INTERFERON_ALPHA_RESPONSE;COMPLEMENT_CASCADE;SPERMATOGENESIS
ENSG00000001709	EIF34	167.34	0.0	0	0.1173	
ENSG00000001710	ADIPOQ	34.47	-2.0516	1	0.6194	
ENSG00000001711	BRD403	3346.05	0.0	0	1.0287	AUTOPHAGY
ENSG00000001712	CUL318	15.84	0.0	0	-1.5384	AUTOPHAGY
ENSG00000001713	FBXO396	65.87	0.0	0	-0.3355	
ENSG00000001714	ANGPT1	59.2	0.0	0	-0.1575	WNT_BETA_CATENIN_SIGNALING
ENSG00000001715	ZNF485	16.99	0.0	0	-1.1554	
ENSG00000001716	DUSP115	0.75	0.0	0	-0.6131	E2F_TARGETS
ENSG00000001717	CHRM86	15.69	0.0	0	-0.1189	
ENSG00000001718	ATAD694	66.1	0.0	0	1.1052	PI3K_AKT_MTOR_SIGNALING
ENSG00000001719	MRPL757	420.51	0.0	0	-0.57	TGF_BETA_SIGNALING;MYC_TARGETS
ENSG00000001720	ANAPC492	29.36	0.0	0	-0.1894	INTERFERON_ALPHA_RESPONSE
ENSG00000001721	DDX306	212.12	0.0	0	-0.2446	CELL_CYCLE_G2M_CHECKPOINT
ENSG00000001722	SMARC627	252.61	0.0	0	-0.208	PI3K_AKT_MTOR_SIGNALING
ENSG00000001723	ACTN96	11.6	0.0	0	1.1523	
ENSG00000001724	SNX727	73.46	0.0	0	0.4705	
ENSG00000001725	SPTB321	522.77	0.0	0	0.7755	RIBOSOME_BIOGENESIS
ENSG00000001726	COL644	226.63	0.0	0	1.3356	
ENSG00000001727	RPS852	1347.52	0.0	0	-0.3777	PEROXISOME
ENSG00000001728	UGT554	3935.5	0.0	0	0.623	INFLAMMATORY_RESPONSE;ANGIOGENESIS;HEDGEHOG_SIGNALING
ENSG00000001729	PRKC757	60.93	0.0	0	-0.4221	UNFOLDED_PROTEIN_RESPONSE;MAPK_SIGNALING
ENSG00000001730	CDC725	59.82	0.0	0	-0.0704	
ENSG00000001731	CUL657	63.37	0.0	0	-0.7987	PEROXISOME
ENSG00000001732	CDC870	228.63	0.0	0	-1.3657	
ENSG00000001733	UBE2461	24.96	0.0	0	0.4708	
ENSG00000001734	FBXO504	84.03	0.0	0	-0.1589	ANDROGEN_RESPONSE;REACTIVE_OXYGEN_SPECIES
ENSG00000001735	AR	13.06	0.0	0	-0.7908	
ENSG00000001736	TOMM696	46.24	0.0	0	0.2232	
ENSG00000001737	JAG1	30.5	2.3827	1	-0.7285	FATTY_ACID_METABOLISM;DNA_REPAIR;INFLAMMATORY_RESPONSE;ANGIOGENESIS
ENSG00000001738	DUSP815	7.88	0.0	0	-1.152	ANDROGEN_RESPONSE
ENSG00000001739	SMARC18	82.93	1.5238	1	-1.0752	INTERFERON_ALPHA_RESPONSE;HYPOXIA;PEROXISOME;PROTEIN_SECRETION
ENSG00000001740	PLC64	174.01	0.0	0	-0.3163	
ENSG00000001741	TMEM420	106.95	0.0	0	0.6446	
ENSG00000001742	RHO504	4.41	0.0	0	-0.7305	INFLAMMATORY_RESPONSE
ENSG00000001743	KMT2361	36.1	0.0	0	0.2167	
ENSG00000001744	PPP1R889	49.86	1.5499	1	0.0255	CHOLESTEROL_HOMEOSTASIS;AUTOPHAGY
ENSG00000001745	TRIM435	170.99	0.0	0	1.6394	MAPK_SIGNALING
ENSG00000001746	ARF716	3.32	0.0	0	0.7018	
ENSG00000001747	MMP271	6.04	0.0	0	-1.2612	
ENSG00000001748	USP322	175.49	0.0	0	0.6211	
ENSG00000001749	HIST1H552	206.97	0.0	0	-0.3117	IL6_JAK_STAT3_SIGNALING
ENSG00000001750	HTR842	4.27	0.0	0	2.6154	CHOLESTEROL_HOMEOSTASIS;INTERFERON_ALPHA_RESPONSE;IL6_JAK_STAT3_SIGNALING;ADIPOGENESIS
ENSG00000001751	TIMM244	7.2	0.0	0	-1.3831	COAGULATION;ANDROGEN_RESPONSE
ENSG00000001752	OR455	32.28	0.0	0	-0.0113	REACTIVE_OXYGEN_SPECIES
ENSG00000001753	OR553	39.68	1.6219	1	-0.8903	TNFA_SIGNALING_VIA_NFKB;WNT_BETA_CATENIN_SIGNALING
ENSG00000001754	EZH169	49.9	0.0	0	-0.1169	
ENSG00000001755	KRT505	58.21	0.0	0	0.1499	COMPLEMENT_CASCADE;PI3K_AKT_MTOR_SIGNALING
ENSG00000001756	ADRB84	3.51	0.0	0	-0.6164	PEROXISOME
ENSG00000001757	COPB369	108.21	0.0	0	0.1244	HYPOXIA;MYC_TARGETS;ANDROGEN_RESPONSE
ENSG00000001758	VCL68	222.94	0.0	0	0.2789	
ENSG00000001759	PPP2R886	31.5	0.0	0	0.6877	
ENSG00000001760	PLC836	2.39	0.0	0	1.1985	ESTROGEN_RESPONSE
ENSG00000001761	ARF797	35.86	0.0	0	0.8554	
ENSG00000001762	BMP4	431.18	2.6453	1	-1.3557	
ENSG00000001763	GABR109	68.27	0.0	0	1.1629	
ENSG00000001764	H2AF44	107.72	0.0	0	1.3168	HYPOXIA;ESTROGEN_RESPONSE
ENSG00000001765	ABC462	350.83	0.0	0	0.8096	
ENSG00000001766	KMT2454	597.77	1.253	1	0.3297	HYPOXIA
ENSG00000001767	MRPS91	34.1	0.0	0	-1.2916	
ENSG00000001768	ACTN535	68.32	0.0	0	0.8869	
ENSG00000001769	SKP448	1.96	0.0	0	-0.8957	RIBOSOME_BIOGENESIS
ENSG00000001770	RPL460	0.87	0.0	0	-1.1247	
ENSG00000001771	PPP1R51	257.67	0.0	0	0.0637	
ENSG00000001772	KCN58	3.13	0.0	0	-0.1151	ANDROGEN_RESPONSE
ENSG00000001773	VCL155	12.44	0.0	0	-0.2882	COMPLEMENT_CASCADE;ADIPOGENESIS
ENSG00000001774	HIST1H446	17.94	0.0	0	-0.3084	
ENSG00000001775	RPL304	32.49	0.0	0	-0.2042	
ENSG00000001776	FBXO877	333.83	0.0	0	0.4064	HEDGEHOG_SIGNALING;ADIPOGENESIS;XENOBIOTIC_METABOLISM
ENSG00000001777	CYP770	18.0	0.0	0	-0.5386	DNA_REPAIR;NOTCH_SIGNALING
ENSG00000001778	PPP2R135	39.85	0.0	0	-0.039	
ENSG00000001779	MMP327	17.05	0.0	0	0.186	
ENSG00000001780	ATAD630	27.85	0.0	0	0.5353	
ENSG00000001781	PPP1R242	1.95	0.0	0	-0.5674	ESTROGEN_RESPONSE;PROTEIN_SECRETION
ENSG00000001782	SPTB311	21.03	0.0	0	0.4624	INTERFERON_ALPHA_RESPONSE
ENSG00000001783	ADAM841	83.76	0.0	0	0.8248	
ENSG00000001784	PPP2R474	73.52	0.0	0	-0.7819	
ENSG00000001785	SKP130	4.2	0.0	0	0.9337	PROTEIN_SECRETION
ENSG00000001786	GRIN880	6.24	0.0	0	-0.8151	INTERFERON_GAMMA_RESPONSE;MYC_TARGETS;MYOGENESIS
ENSG00000001787	EIF644	15.01	0.0	0	0.283	HEDGEHOG_SIGNALING;E2F_TARGETS
ENSG00000001788	RNF499	5.49	0.0	0	0.7312	
ENSG00000001789	TLN851	705.09	0.0	0	-0.1549	COAGULATION
ENSG00000001790	GNA810	40.5	0.0	0	-0.6291	
ENSG00000001791	PPP1R611	72.05	0.0	0	0.4059	
ENSG00000001792	KDM37	16.19	0.0	0	0.8338	
ENSG00000001793	MAPK162	63.93	0.0	0	0.915	
ENSG00000001794	ZNF584	35.34	0.0	0	-1.0044	
ENSG00000001795	FBXO541	759.8	0.0	0	-0.2441	PI3K_AKT_MTOR_SIGNALING
ENSG00000001796	ARF410	7.14	0.0	0	0.8233	CHOLESTEROL_HOMEOSTASIS
ENSG00000001797	PLC295	488.12	0.0	0	-1.1525	INTERFERON_GAMMA_RESPONSE
ENSG00000001798	DHX895	8.68	0.0	0	-0.7289	
ENSG00000001799	HDAC518	6.75	0.0	0	0.421	
ENSG00000001800	TLN281	1.41	0.0	0	0.7865	
ENSG00000001801	VPS312	49.98	0.0	0	0.5012	P53_SIGNALING
ENSG00000001802	CYP242	58.14	0.0	0	1.2117	PI3K_AKT_MTOR_SIGNALING
ENSG00000001803	HTR469	5.41	0.0	0	0.9457	EXTRACELLULAR_MATRIX_ORGANIZATION
ENSG00000001804	CDC71	694.24	0.0	0	-0.1638	
ENSG00000001805	PRKC754	42.61	0.0	0	-0.0289	FATTY_ACID_METABOLISM;REACTIVE_OXYGEN_SPECIES
ENSG00000001806	TMEM358	18.73	0.0	0	2.1316	APOPTOSIS
ENSG00000001807	TLN646	50.34	0.0	0	0.8807	P53_SIGNALING
ENSG00000001808	VPS415	56.42	0.0	0	0.0715	MRNA_SPLICING
ENSG00000001809	TUBB886	173.92	0.0	0	0.7073	
ENSG00000001810	EZH458	7.12	0.0	0	0.2742	MYOGENESIS
ENSG00000001811	CACN776	32.07	-1.3841	1	1.0109	HYPOXIA
ENSG00000001812	VCL890	9.62	0.0	0	-0.7209	IL6_JAK_STAT3_SIGNALING;ANGIOGENESIS
ENSG00000001813	ARID637	23.51	0.0	0	0.3188	
ENSG00000001814	CTGF	106.41	-2.7124	1	0.5737	
ENSG00000001815	RPS337	4.56	0.0	0	-0.3523	
ENSG00000001816	RAB11FIP884	160.45	0.0	0	-0.2528	INTERFERON_GAMMA_RESPONSE
ENSG00000001817	UGT886	660.25	0.0	0	0.6187	
ENSG00000001818	NFKB1	4.52	0.0	0	0.0402	TGF_BETA_SIGNALING
ENSG00000001819	MRPS741	14.31	0.0	0	-0.4265	UNFOLDED_PROTEIN_RESPONSE
ENSG00000001820	FBXO265	230.87	0.0	0	0.4273	GLYCOLYSIS;DNA_REPAIR;ANGIOGENESIS
ENSG00000001821	KIF737	2.61	0.0	0	0.0751	OXIDATIVE_PHOSPHORYLATION;RIBOSOME_BIOGENESIS
ENSG00000001822	MRPS601	13.77	0.0	0	0.294	
ENSG00000001823	TMEM705	26.18	0.0	0	0.542	APOPTOSIS
ENSG00000001824	DDX192	2.41	0.0	0	0.6869	
ENSG00000001825	PLC601	198.3	0.0	0	-1.6	ADIPOGENESIS;SPERMATOGENESIS
ENSG00000001826	PXN568	1.8	0.0	0	0.1375	
ENSG00000001827	RPS611	8.67	0.0	0	-1.0029	P53_SIGNALING;REACTIVE_OXYGEN_SPECIES
ENSG00000001828	CDC563	71.76	0.0	0	0.1065	IL6_JAK_STAT3_SIGNALING;PROTEIN_SECRETION
ENSG00000001829	USP48	22.69	0.0	0	-1.0701	UNFOLDED_PROTEIN_RESPONSE;ADIPOGENESIS
ENSG00000001830	COPB511	2.7	0.0	0	0.3759	
ENSG00000001831	SCN849	71.53	0.0	0	-0.672	EXTRACELLULAR_MATRIX_ORGANIZATION
ENSG00000001832	HTR381	672.03	0.0	0	-0.1736	
ENSG00000001833	SIRT778	7.38	0.0	0	0.2818	
ENSG00000001834	UBE241	5.04	0.0	0	0.471	PROTEIN_SECRETION
ENSG00000001835	MRPS9	85.07	0.0	0	-0.0127	
ENSG00000001836	ACTN486	23.7	0.0	0	0.7143	APOPTOSIS;UNFOLDED_PROTEIN_RESPONSE
ENSG00000001837	KRT581	111.52	-1.8799	1	-0.8626	
ENSG00000001838	VCL8	6.07	0.0	0	0.3659	
ENSG00000001839	RAB11FIP302	46.01	0.0	0	-0.1599	
ENSG00000001840	HTR571	203.25	0.0	0	0.8186	
ENSG00000001841	COPB446	101.56	0.0	0	0.344	
ENSG00000001842	VCL46	544.38	0.0	0	-2.1389	HYPOXIA;REACTIVE_OXYGEN_SPECIES
ENSG00000001843	PRKC825	19.63	0.0	0	0.686	
ENSG00000001844	TIMM493	199.85	0.0	0	0.915	
ENSG00000001845	HDAC402	113.02	0.0	0	-0.2615	
ENSG00000001846	GRIN546	22.66	0.0	0	0.2465	
ENSG00000001847	KIF567	111.31	0.0	0	0.1715	UNFOLDED_PROTEIN_RESPONSE;WNT_BETA_CATENIN_SIGNALING
ENSG00000001848	ANAPC759	25.95	0.0	0	-0.5062	
ENSG00000001849	CHRM867	218.67	0.0	0	0.637	NOTCH_SIGNALING
ENSG00000001850	ZNF586	8.22	0.0	0	1.1585	MRNA_SPLICING
ENSG00000001851	PLC55	9.01	0.0	0	0.0154	
ENSG00000001852	KMT2371	498.33	0.0	0	-0.2465	
ENSG00000001853	DDX327	46.26	0.0	0	-1.8377	
ENSG00000001854	BRD625	13.14	0.0	0	-0.0167	
ENSG00000001855	KRT302	5.57	0.0	0	0.4454	P53_SIGNALING;HEDGEHOG_SIGNALING
ENSG00000001856	SKP393	1.78	0.0	0	-0.7548	
ENSG00000001857	SLC338	91.4	0.0	0	0.3717	AUTOPHAGY
ENSG00000001858	TET866	44.44	0.0	0	0.9111	NOTCH_SIGNALING
ENSG00000001859	CUL437	65.72	0.0	0	0.7101	
ENSG00000001860	BRD323	9.64	0.0	0	0.6463	ESTROGEN_RESPONSE
ENSG00000001861	TET689	12.59	0.0	0	-0.597	P53_SIGNALING;UNFOLDED_PROTEIN_RESPONSE
ENSG00000001862	TUBB884	75.55	0.0	0	-0.6337	COAGULATION
ENSG00000001863	CHRM610	181.55	0.0	0	0.0225	
ENSG00000001864	ADRB99	6.54	0.0	0	-0.5175	RIBOSOME_BIOGENESIS
ENSG00000001865	SUZ37	11.29	0.0	0	0.2243	
ENSG00000001866	APC	166.39	1.6194	1	0.8661	DNA_REPAIR
ENSG00000001867	CACN882	21.69	0.0	0	1.0105	TNFA_SIGNALING_VIA_NFKB
ENSG00000001868	GNA201	87.49	0.0	0	-0.8227	HEDGEHOG_SIGNALING
ENSG00000001869	TIMM756	260.19	0.0	0	-0.7404	
ENSG00000001870	SLC414	22.93	0.0	0	0.6725	
ENSG00000001871	MRPS658	42.22	0.0	0	0.8462	ADIPOGENESIS
ENSG00000001872	TMEM410	3.37	0.0	0	0.6038	COMPLEMENT_CASCADE
ENSG00000001873	COPB452	11.77	0.0	0	-0.1054	
ENSG00000001874	GABR624	4.86	0.0	0	1.1417	
ENSG00000001875	ACTN897	13.98	0.0	0	0.9331	OXIDATIVE_PHOSPHORYLATION
ENSG00000001876	PPP2R191	7.47	0.0	0	-1.1813	APOPTOSIS;EXTRACELLULAR_MATRIX_ORGANIZATION
ENSG00000001877	GABR629	4561.05	0.0	0	0.7687	WNT_BETA_CATENIN_SIGNALING
ENSG00000001878	MAPK497	4.36	0.0	0	-0.0275	REACTIVE_OXYGEN_SPECIES
ENSG00000001879	RAB533	24.27	0.0	0	-0.8232	
ENSG00000001880	RNF867	127.32	0.0	0	-0.9254	IL6_JAK_STAT3_SIGNALING;ANGIOGENESIS;MAPK_SIGNALING
ENSG00000001881	DHX10	146.06	0.0	0	-0.1483	MAPK_SIGNALING;PEROXISOME
ENSG00000001882	PPP2R114	391.62	0.0	0	0.159	
ENSG00000001883	ATAD768	1.8	0.0	0	0.3743	
ENSG00000001884	USP334	4.23	0.0	0	-0.8629	
ENSG00000001885	HDAC473	9.58	0.0	0	0.5355	TGF_BETA_SIGNALING;PEROXISOME
ENSG00000001886	RPS79	23.39	0.0	0	-0.6814	REACTIVE_OXYGEN_SPECIES
ENSG00000001887	H2AF431	42.82	0.0	0	-0.698	TGF_BETA_SIGNALING
ENSG00000001888	COX5A	0.85	0.0	0	-0.1968	
ENSG00000001889	DHX124	79.05	0.0	0	-0.5474	REACTIVE_OXYGEN_SPECIES
ENSG00000001890	MMP894	9.62	0.0	0	0.4816	
ENSG00000001891	BRD583	122.66	0.0	0	-0.273	ANGIOGENESIS
ENSG00000001892	GRIN895	214.13	0.0	0	0.1082	
ENSG00000001893	MRPL303	389.37	0.0	0	-0.9789	PI3K_AKT_MTOR_SIGNALING
ENSG00000001894	ATAD141	14.67	0.0	0	-0.0475	EXTRACELLULAR_MATRIX_ORGANIZATION
ENSG00000001895	COL580	10.87	0.0	0	-0.0966	NOTCH_SIGNALING
ENSG00000001896	H2AF150	249.14	0.0	0	0.2305	AUTOPHAGY
ENSG00000001897	KCN234	369.49	0.0	0	-0.5553	
ENSG00000001898	PLC881	68.61	0.0	0	-0.1636	EPITHELIAL_MESENCHYMAL_TRANSITION;MRNA_SPLICING;RIBOSOME_BIOGENESIS
ENSG00000001899	DYNC748	0.66	0.0	0	1.0194	
ENSG00000001900	TRIM636	50.63	0.8097	1	0.3618	TNFA_SIGNALING_VIA_NFKB
ENSG00000001901	ABC38	14.53	0.0	0	-1.5352	UNFOLDED_PROTEIN_RESPONSE;WNT_BETA_CATENIN_SIGNALING;PEROXISOME;XENOBIOTIC_METABOLISM
ENSG00000001902	HDAC89	7.39	0.0	0	-0.2347	RIBOSOME_BIOGENESIS
ENSG00000001903	GABR478	5.49	0.0	0	0.4713	
ENSG00000001904	DUSP88	18.27	0.0	0	0.5679	
ENSG00000001905	FBXO8	35.88	0.0	0	0.1129	
ENSG00000001906	ATAD802	3.8	0.0	0	-1.2313	
ENSG00000001907	SMARC769	30.03	0.0	0	-0.5819	IL6_JAK_STAT3_SIGNALING
ENSG00000001908	CYR61	86.54	0.0	0	1.0441	
ENSG00000001909	WNT5A	49.86	-2.9384	1	-0.9679	INFLAMMATORY_RESPONSE
ENSG00000001910	RPL40	871.31	0.0	0	-0.9043	E2F_TARGETS
ENSG00000001911	SPTB439	72.49	0.0	0	-0.5929	
ENSG00000001912	KRT49	0.93	0.0	0	-0.9695	
ENSG00000001913	RAB824	76.89	0.0	0	0.8939	
ENSG00000001914	CCL5	1.93	0.0	0	1.3998	
ENSG00000001915	RPS67	34.57	0.0	0	-0.6628	
ENSG00000001916	ARID730	25.87	0.0	0	-0.6145	COMPLEMENT_CASCADE
ENSG00000001917	UBE2125	123.33	0.0	0	0.1793	
ENSG00000001918	DHX123	1.34	0.0	0	0.6561	MAPK_SIGNALING;MRNA_SPLICING
ENSG00000001919	CCNB862	15.16	0.0	0	-0.2375	OXIDATIVE_PHOSPHORYLATION
ENSG00000001920	PPP2R843	84.29	0.0	0	1.0204	
ENSG00000001921	TRIM842	35.86	0.0	0	0.7829	MYOGENESIS
ENSG00000001922	ACTN734	19.29	0.0	0	-0.6716	P53_SIGNALING
ENSG00000001923	CDC146	0.11	0.0	0	-1.2339	
ENSG00000001924	KMT263	141.59	0.0	0	-1.098	ADIPOGENESIS
ENSG00000001925	DNMT535	287.08	0.0	0	-0.1713	
ENSG00000001926	PPP2R482	1.99	0.0	0	-0.6998	IL6_JAK_STAT3_SIGNALING;ANDROGEN_RESPONSE
ENSG00000001927	HTR771	869.97	0.0	0	0.2315	TGF_BETA_SIGNALING
ENSG00000001928	COPB172	136.76	0.0	0	0.588	
ENSG00000001929	KMT2475	77.76	0.0	0	-0.5499	
ENSG00000001930	OR681	870.29	0.0	0	-0.1483	
ENSG00000001931	KRT603	5.37	0.0	0	0.7476	
ENSG00000001932	UGT159	1819.47	0.0	0	0.0137	
ENSG00000001933	ADRB546	147.43	0.0	0	0.0592	
ENSG00000001934	CCNB894	1.38	0.0	0	-0.2021	
ENSG00000001935	ANAPC101	19.75	0.0	0	0.2014	
ENSG00000001936	ANAPC372	3.46	0.0	0	0.3682	
ENSG00000001937	SLC737	691.89	0.0	0	-0.1121	
ENSG00000001938	CYP241	106.39	0.0	0	1.1204	
ENSG00000001939	DYNC246	1216.31	0.0	0	-0.0451	
ENSG00000001940	BRD551	58.03	0.0	0	-0.0924	PEROXISOME
ENSG00000001941	PXN553	5.0	0.0	0	-1.2417	FATTY_ACID_METABOLISM
ENSG00000001942	GNA597	35.41	0.0	0	0.0612	ESTROGEN_RESPONSE
ENSG00000001943	BRD431	66.94	0.0	0	-0.0841	WNT_BETA_CATENIN_SIGNALING
ENSG00000001944	TUBB20	22.61	0.0	0	0.6226	MYOGENESIS
ENSG00000001945	EZH488	2.24	0.0	0	-1.1838	TGF_BETA_SIGNALING
ENSG00000001946	CHRM153	20.33	0.0	0	-0.2309	
ENSG00000001947	UBE2591	220.72	0.0	0	0.0597	INTERFERON_ALPHA_RESPONSE
ENSG00000001948	PPP1R681	5.46	0.0	0	-0.4695	CHOLESTEROL_HOMEOSTASIS
ENSG00000001949	COL130	7.56	0.0	0	0.8387	
ENSG00000001950	SEC678	6.94	0.0	0	-1.2934	
ENSG00000001951	KDM453	5.98	0.0	0	0.8803	
ENSG00000001952	MRPS422	13.79	0.0	0	1.1951	
ENSG00000001953	HTR340	5.11	0.0	0	0.0359	IL6_JAK_STAT3_SIGNALING;MRNA_SPLICING
ENSG00000001954	CHRM869	3.35	0.0	0	0.2392	TNFA_SIGNALING_VIA_NFKB
ENSG00000001955	RHO578	27.09	0.0	0	1.3927	
ENSG00000001956	FBXO467	0.61	0.0	0	0.7408	
ENSG00000001957	SMARC644	240.69	0.0	0	-0.0148	NOTCH_SIGNALING
ENSG00000001958	USP518	9273.33	0.0	0	-0.5144	ANGIOGENESIS
ENSG00000001959	SNX850	5.22	0.0	0	0.4962	
ENSG00000001960	HTR758	20.32	0.0	0	-1.577	ESTROGEN_RESPONSE;MRNA_SPLICING
ENSG00000001961	MAPK434	20.42	0.0	0	0.7914	WNT_BETA_CATENIN_SIGNALING
ENSG00000001962	ANAPC513	84.56	0.0	0	0.8453	EPITHELIAL_MESENCHYMAL_TRANSITION;RIBOSOME_BIOGENESIS
ENSG00000001963	PPP2R577	68.85	0.0	0	0.3143	ESTROGEN_RESPONSE;PROTEIN_SECRETION
ENSG00000001964	PXN267	3.97	0.0	0	-0.5685	CHOLESTEROL_HOMEOSTASIS
ENSG00000001965	TOMM319	1443.02	0.0	0	0.6848	
ENSG00000001966	H2AF8	173.87	0.0	0	-0.0429	
ENSG00000001967	CYP323	15.16	0.0	0	-0.0045	TGF_BETA_SIGNALING
ENSG00000001968	ARF898	31.58	0.0	0	-0.7965	ESTROGEN_RESPONSE
ENSG00000001969	ARF594	2.1	0.0	0	0.6364	
ENSG00000001970	COL3A1	51.19	0.0	0	0.7476	
ENSG00000001971	CACN544	153.05	0.0	0	-0.0033	
ENSG00000001972	USP259	26.91	0.0	0	0.1501	EXTRACELLULAR_MATRIX_ORGANIZATION;PROTEIN_SECRETION
ENSG00000001973	BRD102	15.49	0.0	0	-0.1146	
ENSG00000001974	SKP579	24.97	0.0	0	0.1494	
ENSG00000001975	SEC210	11.04	0.0	0	0.6071	
ENSG00000001976	SLC797	17.74	0.0	0	-0.9039	MYOGENESIS
ENSG00000001977	TOMM482	0.55	0.0	0	-0.7742	
ENSG00000001978	TLN140	2.8	0.0	0	0.2602	
ENSG00000001979	ZNF437	157.38	0.0	0	-0.679	PROTEIN_SECRETION
ENSG00000001980	ACTN119	31.65	0.0	0	0.7852	
ENSG00000001981	ATAD674	9.98	0.0	0	0.0913	
ENSG00000001982	ARID235	89.92	0.0	0	-0.9046	HYPOXIA
ENSG00000001983	EIF742	32.44	0.0	0	0.6346	INFLAMMATORY_RESPONSE
ENSG00000001984	HTR833	24.84	0.0	0	-0.5516	P53_SIGNALING
ENSG00000001985	RPL240	19.79	0.0	0	0.0602	TNFA_SIGNALING_VIA_NFKB;MAPK_SIGNALING
ENSG00000001986	PXN173	3.87	0.0	0	0.0054	
ENSG00000001987	ACTN164	13.0	0.0	0	0.8066	HYPOXIA
ENSG00000001988	H2AF578	62.42	0.0	0	-0.2121	HYPOXIA
ENSG00000001989	SCN160	1.47	0.0	0	0.2471	INTERFERON_ALPHA_RESPONSE;MAPK_SIGNALING
ENSG00000001990	GABR93	22.69	0.0	0	-0.0281	
ENSG00000001991	KRT429	121.55	0.0	0	0.9768	ANDROGEN_RESPONSE;ADIPOGENESIS
ENSG00000001992	RPS302	19.21	0.0	0	-0.3884	
ENSG00000001993	RAB187	125.73	0.0	0	1.1243	OXIDATIVE_PHOSPHORYLATION
ENSG00000001994	PPP1R78	4.33	0.0	0	-0.15	TNFA_SIGNALING_VIA_NFKB
ENSG00000001995	KCN314	11.19	0.0	0	0.6927	CELL_CYCLE_G2M_CHECKPOINT
ENSG00000001996	ACTN537	10.45	0.0	0	0.252	
ENSG00000001997	VPS183	116.25	0.0	0	1.085	ESTROGEN_RESPONSE
ENSG00000001998	GRIN401	17.26	0.0	0	-0.8668	INTERFERON_ALPHA_RESPONSE
ENSG00000001999	COL547	5.72	0.0	0	-0.235	
ENSG00000002000	GABR521	317.54	0.0	0	0.8031	PI3K_AKT_MTOR_SIGNALING
ENSG00000002001	UGT320	217.45	0.0	0	-0.3207	
ENSG00000002002	TIMM365	60.03	0.0	0	0.7379	FATTY_ACID_METABOLISM;EPITHELIAL_MESENCHYMAL_TRANSITION
ENSG00000002003	TLN276	27.76	0.0	0	-0.0762	PROTEIN_SECRETION
ENSG00000002004	ABC486	46.39	0.0	0	-1.0135	INTERFERON_ALPHA_RESPONSE
ENSG00000002005	SKP676	2.93	0.0	0	0.8248	
ENSG00000002006	ZNF372	12.63	0.0	0	-0.3127	
ENSG00000002007	ABC541	124.26	0.0	0	1.1366	GLYCOLYSIS
ENSG00000002008	ADRB265	94.3	0.0	0	-0.2677	
ENSG00000002009	VPS777	0.28	0.0	0	-0.3372	
ENSG00000002010	CACN167	1.99	0.0	0	-0.4345	PI3K_AKT_MTOR_SIGNALING;XENOBIOTIC_METABOLISM
ENSG00000002011	PXN331	78.53	0.0	0	0.0613	
ENSG00000002012	ACTN456	18.12	0.0	0	0.438	APOPTOSIS;INTERFERON_ALPHA_RESPONSE
ENSG00000002013	TET277	430.06	0.0	0	-0.5564	
ENSG00000002014	SLC452	1.82	0.0	0	-2.135	NOTCH_SIGNALING;PEROXISOME
ENSG00000002015	KDM2	35.93	0.0	0	0.8286	CELL_CYCLE_G2M_CHECKPOINT
ENSG00000002016	HIF1A	10.01	0.0	0	0.6239	AUTOPHAGY
ENSG00000002017	GRIN643	1.85	0.0	0	1.0564	NOTCH_SIGNALING
ENSG00000002018	HDAC25	425.55	0.0	0	-0.3409	HYPOXIA;ADIPOGENESIS
ENSG00000002019	RNF247	1.35	0.0	0	0.3972	ANGIOGENESIS;TGF_BETA_SIGNALING
ENSG00000002020	TOMM614	4.12	0.0	0	-1.418	SPERMATOGENESIS
ENSG00000002021	ABC111	5.37	0.0	0	0.0576	
ENSG00000002022	CDC603	106.36	0.0	0	0.5919	TGF_BETA_SIGNALING
ENSG00000002023	SIRT110	9.32	0.0	0	-0.5681	EPITHELIAL_MESENCHYMAL_TRANSITION;ESTROGEN_RESPONSE
ENSG00000002024	HTR154	22.69	0.0	0	0.7528	
ENSG00000002025	RAB696	9.43	0.0	0	-0.4898	
ENSG00000002026	KMT2774	1985.29	0.0	0	0.195	P53_SIGNALING
ENSG00000002027	CDC678	69.94	0.0	0	1.3622	
ENSG00000002028	DYNC879	604.88	0.0	0	-0.904	AUTOPHAGY;HYPOXIA
ENSG00000002029	ZNF500	105.18	0.0	0	0.54	
ENSG00000002030	PPP2R829	103.77	0.0	0	0.7778	
ENSG00000002031	TRIM589	39.63	0.0	0	0.5289	COMPLEMENT_CASCADE;ANGIOGENESIS
ENSG00000002032	ATAD523	488.79	0.0	0	0.8474	
ENSG00000002033	ADRB94	164.66	0.0	0	0.7805	
ENSG00000002034	OR865	160.38	0.0	0	-0.7256	
ENSG00000002035	NOTCH1	2.24	0.0	0	-1.0065	
ENSG00000002036	EZH168	26.61	0.0	0	-0.6538	P53_SIGNALING;UNFOLDED_PROTEIN_RESPONSE
ENSG00000002037	USP842	697.14	0.0	0	-0.2879	
ENSG00000002038	TIMP1	107.76	0.0	0	-0.5311	ESTROGEN_RESPONSE
ENSG00000002039	CHRM740	73.57	0.0	0	-0.0783	GLYCOLYSIS
ENSG00000002040	DNMT804	246.63	0.0	0	0.1855	
ENSG00000002041	RAB11FIP306	85.1	0.0	0	-0.173	OXIDATIVE_PHOSPHORYLATION
ENSG00000002042	GLUT4	13.4	0.0	0	-0.3401	CELL_CYCLE_G2M_CHECKPOINT;WNT_BETA_CATENIN_SIGNALING
ENSG00000002043	SMARC782	3.14	0.0	0	1.4164	AUTOPHAGY;NOTCH_SIGNALING;MAPK_SIGNALING
ENSG00000002044	ABC549	168.65	0.0	0	0.1402	UNFOLDED_PROTEIN_RESPONSE
ENSG00000002045	PXN897	2.57	0.0	0	0.547	
ENSG00000002046	MRPL241	10.0	0.0	0	-0.1041	TNFA_SIGNALING_VIA_NFKB;REACTIVE_OXYGEN_SPECIES
ENSG00000002047	TET827	38.88	0.0	0	1.3681	PEROXISOME
ENSG00000002048	ATAD627	89.56	1.1145	1	-0.1212	DNA_REPAIR
ENSG00000002049	RAB11FIP471	147.56	0.0	0	-1.036	NOTCH_SIGNALING;XENOBIOTIC_METABOLISM
ENSG00000002050	TMEM669	39.57	0.0	0	-1.0095	UNFOLDED_PROTEIN_RESPONSE
ENSG00000002051	RAB11FIP387	3.16	0.0	0	1.3653	HYPOXIA
ENSG00000002052	TMEM702	10.24	0.0	0	2.3134	FATTY_ACID_METABOLISM
ENSG00000002053	TLN876	48.96	-1.3502	1	-1.3977	DNA_REPAIR;COMPLEMENT_CASCADE
ENSG00000002054	ABC756	52.56	0.0	0	-1.3364	HYPOXIA
ENSG00000002055	USP679	312.45	0.0	0	0.1697	
ENSG00000002056	FOXP3	190.72	-2.757	1	-1.2025	DNA_REPAIR
ENSG00000002057	CUL34	556.5	0.0	0	1.5198	OXIDATIVE_PHOSPHORYLATION;CHOLESTEROL_HOMEOSTASIS
ENSG00000002058	TET420	0.79	0.0	0	0.5544	
ENSG00000002059	VCL472	22.55	0.0	0	-0.8275	EPITHELIAL_MESENCHYMAL_TRANSITION
ENSG00000002060	ARID899	67.28	0.0	0	0.304	FATTY_ACID_METABOLISM
ENSG00000002061	OR779	368.08	0.0	0	-0.747	
ENSG00000002062	CYP8	6.01	0.0	0	0.8333	
ENSG00000002063	VCL460	717.17	0.0	0	0.0992	
ENSG00000002064	SMARC187	675.3	1.5237	1	0.8782	TNFA_SIGNALING_VIA_NFKB;SPERMATOGENESIS
ENSG00000002065	HDAC642	9.69	0.0	0	-0.1331	E2F_TARGETS;MRNA_SPLICING
ENSG00000002066	TET101	0.9	0.0	0	-0.0348	CHOLESTEROL_HOMEOSTASIS;IL6_JAK_STAT3_SIGNALING
ENSG00000002067	CHRM848	14.8	0.0	0	0.7286	INTERFERON_ALPHA_RESPONSE
ENSG00000002068	HDAC517	43.19	0.0	0	-0.4432	
ENSG00000002069	PLC371	85.32	0.0	0	0.6034	
ENSG00000002070	MAPK339	88.19	1.8927	1	0.1613	DNA_REPAIR
ENSG00000002071	TET202	1.22	0.0	0	0.5474	INTERFERON_ALPHA_RESPONSE
ENSG00000002072	PLC726	9.01	0.0	0	-0.5908	
ENSG00000002073	PPP1R672	144.94	0.0	0	0.3376	
ENSG00000002074	TMEM291	6.15	0.0	0	1.1568	APOPTOSIS
ENSG00000002075	ARID89	4.93	0.0	0	-0.9635	
ENSG00000002076	DYNC854	168.93	0.0	0	1.8585	
ENSG00000002077	DUSP24	147.6	0.0	0	-0.1418	
ENSG00000002078	MRPL497	8.77	0.0	0	-0.4415	EXTRACELLULAR_MATRIX_ORGANIZATION;SPERMATOGENESIS;MRNA_SPLICING
ENSG00000002079	TMEM73	29.97	0.0	0	0.1689	
ENSG00000002080	SKP692	104.28	0.0	0	0.274	
ENSG00000002081	UBE238	1434.51	0.0	0	-0.2862	APOPTOSIS;TGF_BETA_SIGNALING
ENSG00000002082	HDAC8	40.67	0.0	0	-0.8748	
ENSG00000002083	PXN309	1.86	0.0	0	-0.6698	ANDROGEN_RESPONSE
ENSG00000002084	SKP680	8.77	0.0	0	-0.4377	IL6_JAK_STAT3_SIGNALING;SPERMATOGENESIS
ENSG00000002085	HTR778	119.93	0.0	0	-0.7893	ADIPOGENESIS
ENSG00000002086	ACTN721	352.93	0.0	0	0.544	MRNA_SPLICING
ENSG00000002087	TOMM650	29.02	0.0	0	-0.9235	
ENSG00000002088	PXN341	5.71	0.0	0	0.628	E2F_TARGETS
ENSG00000002089	TLN423	4.31	0.0	0	-0.5157	TNFA_SIGNALING_VIA_NFKB
ENSG00000002090	ABC391	8.9	0.0	0	-1.4129	
ENSG00000002091	DUSP465	6.21	0.0	0	-0.3452	IL6_JAK_STAT3_SIGNALING
ENSG00000002092	KRT632	13.08	0.0	0	-0.2903	UNFOLDED_PROTEIN_RESPONSE;COAGULATION;ESTROGEN_RESPONSE
ENSG00000002093	ADRB723	158.51	0.0	0	-0.1241	P53_SIGNALING
ENSG00000002094	TUBB386	2.5	0.0	0	-0.8847	ADIPOGENESIS
ENSG00000002095	EIF171	27.74	0.0	0	-0.3223	
ENSG00000002096	ANK563	147.99	0.0	0	-0.021	PROTEIN_SECRETION
ENSG00000002097	DRD327	144.79	0.0	0	0.224	
ENSG00000002098	ARF640	22.57	0.0	0	1.1525	
ENSG00000002099	HTR849	20.5	0.0	0	-0.2754	FATTY_ACID_METABOLISM
ENSG00000002100	TLN563	74.59	0.0	0	-0.2663	
ENSG00000002101	RAB11FIP627	25.36	0.0	0	-0.5711	OXIDATIVE_PHOSPHORYLATION
ENSG00000002102	EZH172	32.15	0.0	0	-0.4231	
ENSG00000002103	UBE2399	36.68	0.0	0	-0.0895	
ENSG00000002104	RPL664	50.1	0.0	0	0.2353	
ENSG00000002105	CDC532	242.37	0.0	0	1.2355	
ENSG00000002106	RPL592	23.5	0.0	0	0.7455	SPERMATOGENESIS
ENSG00000002107	DYNC453	205.94	0.0	0	0.14	
ENSG00000002108	PPP1R671	69.5	0.0	0	0.4856	INTERFERON_ALPHA_RESPONSE;RIBOSOME_BIOGENESIS
ENSG00000002109	KRT275	126.13	0.0	0	-0.1941	
ENSG00000002110	RPL853	11.25	0.0	0	1.1493	HYPOXIA
ENSG00000002111	PPP1R503	4.28	0.0	0	-1.8655	
ENSG00000002112	ARF602	1071.16	0.0	0	1.2981	
ENSG00000002113	TIMM340	16.64	0.0	0	0.4352	ADIPOGENESIS
ENSG00000002114	CACN833	486.32	0.0	0	0.8373	
ENSG00000002115	RAB362	31.22	0.0	0	-0.2357	
ENSG00000002116	TLN535	6.28	0.0	0	0.607	
ENSG00000002117	SUZ705	14.71	0.0	0	0.0893	
ENSG00000002118	GNA294	2222.1	0.0	0	0.5881	
ENSG00000002119	ZNF686	541.08	0.0	0	-0.017	
ENSG00000002120	PRKC707	75.12	0.0	0	-0.831	INTERFERON_GAMMA_RESPONSE
ENSG00000002121	RHO238	553.11	0.0	0	0.4034	INTERFERON_ALPHA_RESPONSE;MAPK_SIGNALING;MYOGENESIS
ENSG00000002122	MAPK567	190.97	0.0	0	1.1006	TGF_BETA_SIGNALING
ENSG00000002123	ATAD756	24.47	0.0	0	0.4115	
ENSG00000002124	KDM86	709.25	0.0	0	-0.2245	APOPTOSIS;EXTRACELLULAR_MATRIX_ORGANIZATION
ENSG00000002125	H2AF26	45.07	0.0	0	0.7634	
ENSG00000002126	COPB729	34.88	0.0	0	-0.4279	
ENSG00000002127	VCL160	200.78	-0.9633	1	0.3737	HYPOXIA;MAPK_SIGNALING
ENSG00000002128	MMP775	18.06	0.0	0	-0.4727	DNA_REPAIR;MRNA_SPLICING
ENSG00000002129	GNA192	152.79	-1.2757	1	1.3596	HYPOXIA;HEDGEHOG_SIGNALING
ENSG00000002130	TRIM833	123.44	0.0	0	0.4748	
ENSG00000002131	HNF4A	661.06	1.615	1	0.2526	
ENSG00000002132	BRD640	581.5	0.0	0	0.9517	IL6_JAK_STAT3_SIGNALING
ENSG00000002133	CHRM143	26.44	0.0	0	-0.3526	GLYCOLYSIS;ESTROGEN_RESPONSE
ENSG00000002134	KRT576	142.39	0.0	0	-0.9224	DNA_REPAIR
ENSG00000002135	VCL743	3.64	0.0	0	1.4971	
ENSG00000002136	BRD850	223.3	0.0	0	-0.237	
ENSG00000002137	OR574	117.24	0.0	0	0.7628	
ENSG00000002138	KCN736	540.45	0.0	0	0.6322	
ENSG00000002139	EZH112	215.33	0.0	0	-0.8716	ANDROGEN_RESPONSE
ENSG00000002140	TUBB477	2.39	0.0	0	0.7052	
ENSG00000002141	SPTB119	24.36	0.0	0	-1.1317	
ENSG00000002142	SNX621	24.55	0.0	0	1.1754	CELL_CYCLE_G2M_CHECKPOINT;ANGIOGENESIS
ENSG00000002143	TAZ	203.79	-2.9299	1	-0.6729	DNA_REPAIR;HYPOXIA
ENSG00000002144	RHO721	11.03	0.0	0	1.6852	PROTEIN_SECRETION
ENSG00000002145	ADAM435	2352.77	0.0	0	-0.3866	COMPLEMENT_CASCADE;TGF_BETA_SIGNALING
ENSG00000002146	ANK189	6.85	0.0	0	0.2546	UNFOLDED_PROTEIN_RESPONSE;INTERFERON_ALPHA_RESPONSE;MAPK_SIGNALING
ENSG00000002147	KDM41	81.47	0.0	0	-0.1645	EXTRACELLULAR_MATRIX_ORGANIZATION
ENSG00000002148	FBXO409	0.94	0.0	0	1.1953	APOPTOSIS
ENSG00000002149	SEC198	43.09	0.0	0	-1.2222	XENOBIOTIC_METABOLISM
ENSG00000002150	PPP2R395	202.07	0.0	0	-0.5724	OXIDATIVE_PHOSPHORYLATION;COMPLEMENT_CASCADE;NOTCH_SIGNALING;MYC_TARGETS
ENSG00000002151	PLC293	1.52	0.0	0	-0.9012	INTERFERON_GAMMA_RESPONSE
ENSG00000002152	KCN317	10.83	0.0	0	-0.8081	P53_SIGNALING
ENSG00000002153	DNMT102	3.1	0.0	0	0.7464	NOTCH_SIGNALING
ENSG00000002154	TMEM574	40.0	0.0	0	0.0401	
ENSG00000002155	RAB11FIP334	0.77	0.0	0	-0.3525	UNFOLDED_PROTEIN_RESPONSE;EPITHELIAL_MESENCHYMAL_TRANSITION;WNT_BETA_CATENIN_SIGNALING
ENSG00000002156	ARID852	181.66	0.0	0	0.5013	INFLAMMATORY_RESPONSE
ENSG00000002157	MRPS95	55.92	0.0	0	-0.5209	
ENSG00000002158	TMEM246	1202.89	0.0	0	-0.3006	MYOGENESIS
ENSG00000002159	RNF290	233.06	0.0	0	-0.8511	WNT_BETA_CATENIN_SIGNALING
ENSG00000002160	ID1	35.29	-2.8442	1	1.2484	
ENSG00000002161	IFNG	17.06	0.0	0	-0.1023	
ENSG00000002162	VCL75	186.98	0.0	0	0.4472	IL6_JAK_STAT3_SIGNALING
ENSG00000002163	CCNB478	160.32	0.0	0	-1.1067	
ENSG00000002164	ACTN352	1446.23	0.0	0	-0.2631	
ENSG00000002165	HTR281	37.75	0.0	0	-0.3764	
ENSG00000002166	OR892	18.2	0.0	0	-0.558	FATTY_ACID_METABOLISM
ENSG00000002167	SCN757	3.24	0.0	0	0.5444	P53_SIGNALING
ENSG00000002168	DDX627	86.78	0.0	0	1.697	MYOGENESIS
ENSG00000002169	USP629	1049.98	0.0	0	0.235	ANGIOGENESIS
ENSG00000002170	RPS162	14.31	0.0	0	-0.121	E2F_TARGETS
ENSG00000002171	PXN79	3.38	0.0	0	1.1896	
ENSG00000002172	PXN194	81.16	0.0	0	1.4178	WNT_BETA_CATENIN_SIGNALING
ENSG00000002173	KCN796	69.78	0.0	0	0.5894	
ENSG00000002174	ATAD877	45.18	0.0	0	0.2524	EXTRACELLULAR_MATRIX_ORGANIZATION;SPERMATOGENESIS
ENSG00000002175	H2AF304	3.12	0.0	0	0.7486	P53_SIGNALING
ENSG00000002176	TLN633	51.01	-1.0067	1	-0.5428	CELL_CYCLE_G2M_CHECKPOINT
ENSG00000002177	VCL206	1.44	0.0	0	0.1146	WNT_BETA_CATENIN_SIGNALING
ENSG00000002178	FBXO18	185.44	0.0	0	-0.9198	
ENSG00000002179	EZH450	10.87	0.0	0	1.2022	
ENSG00000002180	KCN554	360.13	0.0	0	-0.5782	
ENSG00000002181	CCNB574	68.4	0.0	0	0.0948	
ENSG00000002182	RNF437	6.04	0.0	0	-0.1676	EPITHELIAL_MESENCHYMAL_TRANSITION
ENSG00000002183	TOMM755	472.99	0.0	0	1.514	GLYCOLYSIS
ENSG00000002184	KDM221	8.15	0.0	0	-0.9468	
ENSG00000002185	FBXO434	10.95	0.0	0	-0.6695	TGF_BETA_SIGNALING
ENSG00000002186	GABR621	28.93	0.0	0	-0.2411	FATTY_ACID_METABOLISM;EXTRACELLULAR_MATRIX_ORGANIZATION
ENSG00000002187	SPTB167	1.9	0.0	0	2.3811	PI3K_AKT_MTOR_SIGNALING
ENSG00000002188	PXN63	7.99	0.0	0	-0.7014	E2F_TARGETS
ENSG00000002189	EIF8	13.67	0.0	0	0.5629	COMPLEMENT_CASCADE
ENSG00000002190	KIF822	14.11	0.0	0	-1.4066	
ENSG00000002191	CCNB264	130.83	0.0	0	-0.7724	
ENSG00000002192	UBE25	1.21	0.0	0	-0.1088	TNFA_SIGNALING_VIA_NFKB;ANDROGEN_RESPONSE;RIBOSOME_BIOGENESIS
ENSG00000002193	CCNB706	58.8	0.0	0	0.0087	
ENSG00000002194	TET882	9.77	0.0	0	-0.4509	EXTRACELLULAR_MATRIX_ORGANIZATION
ENSG00000002195	COL748	330.03	0.0	0	1.1836	TGF_BETA_SIGNALING
ENSG00000002196	FBXO679	18.17	0.0	0	0.8772	UNFOLDED_PROTEIN_RESPONSE;COAGULATION
ENSG00000002197	HDAC199	9.58	0.0	0	-0.4062	
ENSG00000002198	EZH285	19.63	0.0	0	0.2839	
ENSG00000002199	PXN186	2.39	0.0	0	-0.0411	
ENSG00000002200	UBE2135	5.97	0.0	0	0.192	
ENSG00000002201	SCN797	39.19	0.0	0	0.9363	EPITHELIAL_MESENCHYMAL_TRANSITION;ESTROGEN_RESPONSE
ENSG00000002202	PLC845	9.89	0.0	0	-0.1017	
ENSG00000002203	PPP1R110	693.08	0.0	0	-0.421	
ENSG00000002204	USP855	1155.11	0.0	0	0.0452	
ENSG00000002205	TRIM389	19.78	0.0	0	1.3147	IL6_JAK_STAT3_SIGNALING
ENSG00000002206	KIF683	288.29	0.0	0	0.9606	CHOLESTEROL_HOMEOSTASIS;WNT_BETA_CATENIN_SIGNALING
ENSG00000002207	RAB267	185.5	0.0	0	0.7019	FATTY_ACID_METABOLISM
ENSG00000002208	GABR827	64.62	0.0	0	0.6813	AUTOPHAGY
ENSG00000002209	DYNC367	24.34	0.0	0	-0.3184	MAPK_SIGNALING
ENSG00000002210	KDM562	23.74	0.0	0	-0.8898	ESTROGEN_RESPONSE
ENSG00000002211	DRD731	111.14	0.0	0	0.7003	CHOLESTEROL_HOMEOSTASIS;AUTOPHAGY;HYPOXIA
ENSG00000002212	HTR686	119.07	0.0	0	1.7141	
ENSG00000002213	DRD300	0.4	0.0	0	0.312	EPITHELIAL_MESENCHYMAL_TRANSITION
ENSG00000002214	TIMM685	783.88	0.0	0	-0.3425	E2F_TARGETS
ENSG00000002215	DRD758	443.46	0.0	0	0.9479	INTERFERON_GAMMA_RESPONSE;WNT_BETA_CATENIN_SIGNALING
ENSG00000002216	ABC314	0.98	0.0	0	-1.1831	
ENSG00000002217	DNMT118	24.65	0.0	0	-0.0443	MRNA_SPLICING
ENSG00000002218	KCN607	5.99	0.0	0	-1.1828	PI3K_AKT_MTOR_SIGNALING;ESTROGEN_RESPONSE
ENSG00000002219	SMARC495	5.37	0.0	0	-1.2113	
ENSG00000002220	CUL43	20.12	0.0	0	0.0076	GLYCOLYSIS;EXTRACELLULAR_MATRIX_ORGANIZATION;SPERMATOGENESIS
ENSG00000002221	COL29	78.61	0.0	0	0.9928	XENOBIOTIC_METABOLISM
ENSG00000002222	BRD366	25.04	0.0	0	-0.4729	
ENSG00000002223	CYP559	121.67	0.0	0	-0.5827	SPERMATOGENESIS
ENSG00000002224	SNX127	132.84	0.0	0	-0.9167	UNFOLDED_PROTEIN_RESPONSE
ENSG00000002225	TRIM857	24.46	0.0	0	0.5891	TNFA_SIGNALING_VIA_NFKB
ENSG00000002226	UBE2870	30.43	0.0	0	1.0136	EPITHELIAL_MESENCHYMAL_TRANSITION;HEDGEHOG_SIGNALING
ENSG00000002227	ZNF277	72.05	0.0	0	1.3928	COMPLEMENT_CASCADE;NOTCH_SIGNALING
ENSG00000002228	MAPK413	10.0	0.0	0	0.1421	FATTY_ACID_METABOLISM
ENSG00000002229	MRPL376	255.01	0.0	0	0.3666	
ENSG00000002230	SUZ34	21.68	0.0	0	0.5621	NOTCH_SIGNALING
ENSG00000002231	KDM608	129.28	0.0	0	-1.8898	
ENSG00000002232	ANK596	267.48	0.0	0	0.2118	
ENSG00000002233	PRKC870	1.81	0.0	0	-0.2576	WNT_BETA_CATENIN_SIGNALING;ESTROGEN_RESPONSE
ENSG00000002234	TIMM802	0.34	0.0	0	-0.6225	REACTIVE_OXYGEN_SPECIES;XENOBIOTIC_METABOLISM
ENSG00000002235	SIRT782	47.59	0.0	0	-0.4592	P53_SIGNALING
ENSG00000002236	TLR4	1359.95	2.8107	1	-1.4967	HYPOXIA
ENSG00000002237	KCN159	4.2	0.0	0	-0.046	COAGULATION
ENSG00000002238	VCL854	155.2	0.0	0	-0.3053	FATTY_ACID_METABOLISM;MYC_TARGETS
ENSG00000002239	RHO49	76.95	0.0	0	-0.81	
ENSG00000002240	PRKC270	4.34	0.0	0	-0.5542	WNT_BETA_CATENIN_SIGNALING;ADIPOGENESIS
ENSG00000002241	SIRT779	40.25	1.0833	1	-1.5069	DNA_REPAIR;MRNA_SPLICING
ENSG00000002242	VPS103	11.09	0.0	0	1.721	AUTOPHAGY;INTERFERON_ALPHA_RESPONSE
ENSG00000002243	KCN474	11.18	0.0	0	-0.009	INTERFERON_GAMMA_RESPONSE;ESTROGEN_RESPONSE
ENSG00000002244	TOMM770	4.7	0.0	0	1.3256	INTERFERON_GAMMA_RESPONSE
ENSG00000002245	CDC41	626.04	0.0	0	1.0333	
ENSG00000002246	SIRT539	34.42	0.0	0	0.3836	INTERFERON_ALPHA_RESPONSE;COMPLEMENT_CASCADE
ENSG00000002247	SLC522	48.92	0.0	0	-0.1727	HEDGEHOG_SIGNALING
ENSG00000002248	DRD313	34.86	0.0	0	-0.2325	
ENSG00000002249	UBE2324	155.22	0.0	0	-0.6584	
ENSG00000002250	PPP1R706	1391.27	0.0	0	-1.1994	TGF_BETA_SIGNALING;HEDGEHOG_SIGNALING
ENSG00000002251	SMARC198	23.6	0.0	0	0.2144	
ENSG00000002252	NR3C1	338.26	-1.6343	1	-0.5231	DNA_REPAIR
ENSG00000002253	ADRB434	20.83	0.0	0	0.4511	COMPLEMENT_CASCADE
ENSG00000002254	CCNB284	286.29	0.0	0	0.7967	
ENSG00000002255	EIF754	18.18	0.0	0	1.7593	OXIDATIVE_PHOSPHORYLATION;REACTIVE_OXYGEN_SPECIES
ENSG00000002256	DHX624	4.41	0.0	0	0.455	
ENSG00000002257	EZH731	142.87	0.0	0	0.2257	
ENSG00000002258	EZH290	121.4	0.0	0	-0.4058	
ENSG00000002259	COPB101	2.34	0.0	0	-0.612	
ENSG00000002260	PPP2R250	33.69	0.0	0	0.9773	
ENSG00000002261	UGT515	13.22	0.0	0	-0.9748	
ENSG00000002262	KRT768	4.82	0.0	0	1.6489	INTERFERON_GAMMA_RESPONSE
ENSG00000002263	KIF679	227.17	0.8959	1	-0.5895	EXTRACELLULAR_MATRIX_ORGANIZATION
ENSG00000002264	BRD232	1.41	0.0	0	-0.1399	
ENSG00000002265	CUL423	314.78	0.0	0	-0.3231	
ENSG00000002266	DUSP429	40.0	0.0	0	0.3943	EXTRACELLULAR_MATRIX_ORGANIZATION
ENSG00000002267	UBE2818	26.06	0.0	0	-0.3538	EXTRACELLULAR_MATRIX_ORGANIZATION
ENSG00000002268	TOMM721	1.9	0.0	0	-0.8943	
ENSG00000002269	ARID550	305.89	0.0	0	0.1056	ESTROGEN_RESPONSE
ENSG00000002270	ARF210	258.12	0.0	0	0.6719	
ENSG00000002271	ACTN625	5.65	0.0	0	0.9731	
ENSG00000002272	ANK819	13.86	0.0	0	0.6363	ANDROGEN_RESPONSE
ENSG00000002273	ATAD885	65.39	0.0	0	0.3675	
ENSG00000002274	UBE2797	1.36	0.0	0	0.6879	
ENSG00000002275	PPP1R859	4.08	0.0	0	-1.2838	
ENSG00000002276	HDAC429	116.06	-1.5744	1	0.3511	MAPK_SIGNALING
ENSG00000002277	RAB11FIP418	20.05	0.0	0	1.367	APOPTOSIS;ANDROGEN_RESPONSE
ENSG00000002278	GNA768	364.9	0.0	0	-0.2517	
ENSG00000002279	DUSP779	260.47	0.0	0	0.1457	XENOBIOTIC_METABOLISM
ENSG00000002280	KIF344	22.33	0.0	0	1.0105	
ENSG00000002281	ABC500	49.9	0.0	0	0.4453	
ENSG00000002282	RAB11FIP517	10.12	0.0	0	1.2385	P53_SIGNALING;REACTIVE_OXYGEN_SPECIES
ENSG00000002283	RAB11FIP273	140.02	0.0	0	-0.2003	IL6_JAK_STAT3_SIGNALING
ENSG00000002284	MMP542	69.3	0.0	0	-1.1811	CHOLESTEROL_HOMEOSTASIS
ENSG00000002285	MRPS847	6.83	0.0	0	0.1088	INTERFERON_ALPHA_RESPONSE
ENSG00000002286	SMARC739	216.42	0.0	0	1.5062	DNA_REPAIR;MYC_TARGETS
ENSG00000002287	KDM36	382.94	0.0	0	-0.0126	APOPTOSIS;XENOBIOTIC_METABOLISM
ENSG00000002288	KCN686	191.72	0.0	0	2.3409	ESTROGEN_RESPONSE
ENSG00000002289	KDM320	23.01	0.0	0	0.3649	EXTRACELLULAR_MATRIX_ORGANIZATION;REACTIVE_OXYGEN_SPECIES
ENSG00000002290	HIST1H191	1.07	0.0	0	-0.9469	DNA_REPAIR;ADIPOGENESIS;PROTEIN_SECRETION;REACTIVE_OXYGEN_SPECIES
ENSG00000002291	OR204	3.26	0.0	0	-0.3698	
ENSG00000002292	USP567	34.15	0.0	0	0.1902	
ENSG00000002293	KIF435	137.71	0.0	0	0.2864	
ENSG00000002294	USP328	2.61	0.0	0	-0.0208	FATTY_ACID_METABOLISM;EXTRACELLULAR_MATRIX_ORGANIZATION;RIBOSOME_BIOGENESIS
ENSG00000002295	DHX3	57.36	0.0	0	-0.3852	INTERFERON_ALPHA_RESPONSE
ENSG00000002296	H2AF92	10.52	0.0	0	0.4557	CELL_CYCLE_G2M_CHECKPOINT
ENSG00000002297	CHRM793	110.87	0.0	0	1.3792	TGF_BETA_SIGNALING
ENSG00000002298	MAPK471	120.12	0.0	0	-0.3734	
ENSG00000002299	DDX644	109.01	0.0	0	-0.3094	DNA_REPAIR
ENSG00000002300	FBXO292	17.38	0.0	0	0.2603	ESTROGEN_RESPONSE;REACTIVE_OXYGEN_SPECIES
ENSG00000002301	ZNF306	117.04	0.0	0	0.6178	
ENSG00000002302	ARF608	12.42	0.0	0	0.3768	AUTOPHAGY;TGF_BETA_SIGNALING
ENSG00000002303	SUZ820	18.29	0.0	0	0.2324	COAGULATION
ENSG00000002304	TRIM454	86.28	0.0	0	0.5423	RIBOSOME_BIOGENESIS
ENSG00000002305	ADRB853	0.32	0.0	0	-0.2958	EXTRACELLULAR_MATRIX_ORGANIZATION;ESTROGEN_RESPONSE
ENSG00000002306	COL516	1765.01	0.0	0	0.1111	
ENSG00000002307	TMEM60	4.06	0.0	0	1.6376	E2F_TARGETS
ENSG00000002308	MCL1	3.46	0.0	0	-0.0768	
ENSG00000002309	TIMM391	18.65	0.0	0	-0.4761	ESTROGEN_RESPONSE
ENSG00000002310	DDX304	171.42	0.0	0	0.6873	IL6_JAK_STAT3_SIGNALING;HEDGEHOG_SIGNALING
ENSG00000002311	HIST1H71	64.75	0.0	0	-1.1669	HEDGEHOG_SIGNALING
ENSG00000002312	DUSP259	15.92	0.0	0	-0.9021	
ENSG00000002313	SNX294	174.74	0.0	0	-0.1388	CHOLESTEROL_HOMEOSTASIS;UNFOLDED_PROTEIN_RESPONSE
ENSG00000002314	KIF771	146.95	0.0	0	0.9406	
ENSG00000002315	TRIM755	246.82	0.0	0	-1.5541	CELL_CYCLE_G2M_CHECKPOINT;XENOBIOTIC_METABOLISM
ENSG00000002316	KRT645	3.74	0.0	0	0.1743	
ENSG00000002317	TOMM575	30.9	0.0	0	0.2747	OXIDATIVE_PHOSPHORYLATION
ENSG00000002318	ADRB403	21.51	0.0	0	-1.0377	
ENSG00000002319	CUL300	10.82	0.0	0	-0.5929	
ENSG00000002320	SLC460	192.86	0.0	0	-1.1454	WNT_BETA_CATENIN_SIGNALING
ENSG00000002321	RNF895	23.11	0.0	0	-0.4571	IL6_JAK_STAT3_SIGNALING
ENSG00000002322	SCN742	1636.58	0.0	0	-0.4398	IL6_JAK_STAT3_SIGNALING
ENSG00000002323	DHX650	2.41	0.0	0	-0.5642	P53_SIGNALING;HEDGEHOG_SIGNALING
ENSG00000002324	ACTN515	73.55	0.0	0	-0.4062	PEROXISOME
ENSG00000002325	PPP2R508	2.96	0.0	0	-0.1018	
ENSG00000002326	DDX690	2.15	0.0	0	-0.1324	CELL_CYCLE_G2M_CHECKPOINT;TGF_BETA_SIGNALING;ESTROGEN_RESPONSE
ENSG00000002327	H2AF586	20.79	0.0	0	-0.5397	
ENSG00000002328	PDK1	63.56	0.0	0	0.7489	PI3K_AKT_MTOR_SIGNALING
ENSG00000002329	TLN792	25.11	0.0	0	0.5277	
ENSG00000002330	ABC104	192.45	0.0	0	0.4597	COAGULATION
ENSG00000002331	DNMT250	0.78	0.0	0	-0.2552	
ENSG00000002332	TUBB232	11.35	0.0	0	1.3768	HEDGEHOG_SIGNALING
ENSG00000002333	USP560	477.15	0.0	0	0.6424	PROTEIN_SECRETION
ENSG00000002334	ARID469	17.67	0.0	0	-0.2369	INTERFERON_GAMMA_RESPONSE;ANGIOGENESIS
ENSG00000002335	RHO538	8.7	0.0	0	0.5737	IL6_JAK_STAT3_SIGNALING;TGF_BETA_SIGNALING
ENSG00000002336	PRKC872	178.15	0.0	0	0.6554	TGF_BETA_SIGNALING
ENSG00000002337	PRKC883	41.2	0.0	0	-0.1833	
ENSG00000002338	VPS258	9.17	0.0	0	-0.7097	EXTRACELLULAR_MATRIX_ORGANIZATION
ENSG00000002339	KIF715	100.9	0.0	0	-0.9901	TGF_BETA_SIGNALING
ENSG00000002340	GABR279	14.88	0.0	0	-0.0745	
ENSG00000002341	SEC331	14.73	0.0	0	-0.0026	IL6_JAK_STAT3_SIGNALING
ENSG00000002342	MRPL81	662.69	0.0	0	-1.1909	HYPOXIA;ESTROGEN_RESPONSE
ENSG00000002343	COL646	15.76	0.0	0	0.2432	
ENSG00000002344	UGT698	11.99	0.0	0	1.3463	
ENSG00000002345	DRD208	139.95	0.0	0	0.0347	PEROXISOME;XENOBIOTIC_METABOLISM
ENSG00000002346	RNF7	264.7	0.0	0	0.3404	
ENSG00000002347	H2AF222	39.05	0.0	0	0.7159	
ENSG00000002348	ANGPT2	23.91	0.0	0	0.517	PEROXISOME
ENSG00000002349	PXN475	2.71	0.0	0	-0.226	
ENSG00000002350	RPL318	3.77	0.0	0	-1.0569	HEDGEHOG_SIGNALING
ENSG00000002351	HIST1H783	62.57	0.0	0	0.2125	EXTRACELLULAR_MATRIX_ORGANIZATION
ENSG00000002352	TRIM716	73.59	0.0	0	-0.3459	ESTROGEN_RESPONSE
ENSG00000002353	DDX668	23.47	0.0	0	-0.2451	MYOGENESIS
ENSG00000002354	MRPL103	6.04	0.0	0	0.5482	EXTRACELLULAR_MATRIX_ORGANIZATION
ENSG00000002355	KIF90	2920.94	0.0	0	1.6994	
ENSG00000002356	MRPL417	494.84	0.0	0	1.0956	OXIDATIVE_PHOSPHORYLATION
ENSG00000002357	TOMM701	40.07	0.0	0	0.2375	
ENSG00000002358	CD4	359.33	-1.9003	1	0.0263	HYPOXIA
ENSG00000002359	PPP1R210	2.46	0.0	0	0.8305	CELL_CYCLE_G2M_CHECKPOINT;MRNA_SPLICING
ENSG00000002360	TUBB563	144.81	0.0	0	-0.1297	DNA_REPAIR
ENSG00000002361	UBE281	167.49	0.0	0	-0.1558	RIBOSOME_BIOGENESIS
ENSG00000002362	TRIM180	39.58	0.0	0	-0.5899	
ENSG00000002363	ANAPC715	100.6	0.0	0	-0.8127	
ENSG00000002364	RHO320	80.73	0.0	0	0.6855	
ENSG00000002365	ARF534	48.5	0.0	0	-0.593	
ENSG00000002366	GNA356	44.55	0.0	0	0.4215	
ENSG00000002367	CACN470	12.45	0.0	0	-0.0042	APOPTOSIS;INTERFERON_ALPHA_RESPONSE
ENSG00000002368	DNMT578	3.79	0.0	0	-0.6346	INTERFERON_GAMMA_RESPONSE
ENSG00000002369	SEC578	16.03	0.0	0	-0.802	CHOLESTEROL_HOMEOSTASIS
ENSG00000002370	KRT636	2.54	0.0	0	1.2121	
ENSG00000002371	ZNF215	35.37	-1.492	1	1.4806	INFLAMMATORY_RESPONSE;HYPOXIA;E2F_TARGETS
ENSG00000002372	DRD254	11.24	0.0	0	-0.7726	MAPK_SIGNALING
ENSG00000002373	CACN585	3210.68	0.0	0	1.4651	XENOBIOTIC_METABOLISM
ENSG00000002374	PRKC809	6.59	0.0	0	-0.2113	
ENSG00000002375	SNX788	24.9	0.0	0	-0.1255	EPITHELIAL_MESENCHYMAL_TRANSITION
ENSG00000002376	RAB11FIP452	7.43	0.0	0	-0.462	CHOLESTEROL_HOMEOSTASIS
ENSG00000002377	H2AF762	29.49	0.0	0	2.3141	NOTCH_SIGNALING;XENOBIOTIC_METABOLISM
ENSG00000002378	TGFB1	413.55	1.6912	1	0.1403	P53_SIGNALING;HYPOXIA
ENSG00000002379	USP194	408.24	-1.4843	1	0.6597	GLYCOLYSIS;TNFA_SIGNALING_VIA_NFKB
ENSG00000002380	DRD328	15.0	0.0	0	0.2853	
ENSG00000002381	HDAC481	105.23	0.0	0	-1.602	CELL_CYCLE_G2M_CHECKPOINT;EPITHELIAL_MESENCHYMAL_TRANSITION
ENSG00000002382	RPS68	809.23	1.6455	1	-0.8701	INFLAMMATORY_RESPONSE;HYPOXIA
ENSG00000002383	OR411	38.23	0.0	0	-1.6195	MAPK_SIGNALING;ANDROGEN_RESPONSE
ENSG00000002384	RAB11FIP331	175.24	0.0	0	-0.7768	
ENSG00000002385	ABC357	0.32	0.0	0	-0.6281	
ENSG00000002386	COPB426	5.06	0.0	0	1.2063	
ENSG00000002387	DUSP754	751.99	0.0	0	-0.5189	COMPLEMENT_CASCADE
ENSG00000002388	ADRB684	41.51	0.0	0	0.9983	SPERMATOGENESIS
ENSG00000002389	USP432	5.88	0.0	0	-0.394	RIBOSOME_BIOGENESIS
ENSG00000002390	MMP190	40.1	0.0	0	-0.2104	
ENSG00000002391	PPP1R336	28.34	0.0	0	-0.6994	CHOLESTEROL_HOMEOSTASIS;DNA_REPAIR;UNFOLDED_PROTEIN_RESPONSE
ENSG00000002392	MMP438	58.5	1.7608	1	1.0509	TNFA_SIGNALING_VIA_NFKB;MYC_TARGETS;ESTROGEN_RESPONSE
ENSG00000002393	SUZ418	1014.02	0.0	0	0.5474	COMPLEMENT_CASCADE
ENSG00000002394	H2AF294	10.01	0.0	0	0.2843	OXIDATIVE_PHOSPHORYLATION;PEROXISOME
ENSG00000002395	CACN737	500.17	0.0	0	0.7663	
ENSG00000002396	DDX484	780.92	0.0	0	-1.3895	OXIDATIVE_PHOSPHORYLATION;NOTCH_SIGNALING
ENSG00000002397	MAPK672	78.91	0.0	0	-0.69	
ENSG00000002398	GRIN530	696.74	0.0	0	-0.3784	
ENSG00000002399	SLC313	43.3	0.0	0	-0.0454	NOTCH_SIGNALING;ESTROGEN_RESPONSE
ENSG00000002400	COL125	4.66	0.0	0	-1.3617	UNFOLDED_PROTEIN_RESPONSE
ENSG00000002401	RAB626	54.75	0.0	0	1.0566	
ENSG00000002402	KCN67	155.59	0.0	0	-0.095	
ENSG00000002403	SUZ851	45.05	0.0	0	0.8467	DNA_REPAIR
ENSG00000002404	MAPK261	9.09	0.0	0	0.9337	
ENSG00000002405	SKP212	220.43	0.0	0	0.2469	DNA_REPAIR
ENSG00000002406	SLC548	2107.43	-0.9739	1	-1.836	DNA_REPAIR
ENSG00000002407	KIF171	55.03	0.0	0	0.3514	
ENSG00000002408	GNA433	45.94	0.0	0	-0.7121	MAPK_SIGNALING
ENSG00000002409	CYP645	6.34	0.0	0	-0.225	INTERFERON_GAMMA_RESPONSE
ENSG00000002410	MRPS827	43.93	0.0	0	-0.3913	
ENSG00000002411	RAB11FIP826	18.86	0.0	0	0.2816	CELL_CYCLE_G2M_CHECKPOINT;AUTOPHAGY
ENSG00000002412	VPS546	36.31	0.0	0	1.1703	ANGIOGENESIS
ENSG00000002413	CDC799	41.7	0.0	0	-0.5737	INTERFERON_ALPHA_RESPONSE
ENSG00000002414	RPL563	114.24	0.0	0	1.0634	
ENSG00000002415	RAB246	21.43	0.0	0	-0.0129	
ENSG00000002416	HDAC354	43.63	0.0	0	0.177	INTERFERON_GAMMA_RESPONSE
ENSG00000002417	PPP1R79	137.51	0.0	0	0.0198	
ENSG00000002418	FBXO389	25.46	0.0	0	1.6265	APOPTOSIS;EXTRACELLULAR_MATRIX_ORGANIZATION
ENSG00000002419	MAPK698	26.88	0.0	0	-1.8098	INTERFERON_ALPHA_RESPONSE;INTERFERON_GAMMA_RESPONSE
ENSG00000002420	PPP2R847	91.37	1.0526	1	-0.1825	IL6_JAK_STAT3_SIGNALING;HYPOXIA;ESTROGEN_RESPONSE
ENSG00000002421	USP510	13.68	0.0	0	0.2292	
ENSG00000002422	PRKC871	218.36	0.0	0	0.317	
ENSG00000002423	ARID173	12.09	0.0	0	-0.7254	REACTIVE_OXYGEN_SPECIES
ENSG00000002424	DYNC179	6.79	0.0	0	-0.8108	ESTROGEN_RESPONSE;REACTIVE_OXYGEN_SPECIES
ENSG00000002425	PPP1R506	6.06	0.0	0	0.4619	TGF_BETA_SIGNALING
ENSG00000002426	SMARC295	31.21	0.0	0	-0.4234	
ENSG00000002427	SIRT109	10.73	0.0	0	-1.3979	MYC_TARGETS;MRNA_SPLICING
ENSG00000002428	HDAC294	0.77	0.0	0	1.6438	FATTY_ACID_METABOLISM;E2F_TARGETS
ENSG00000002429	SPTB471	85.37	0.0	0	0.1466	
ENSG00000002430	ZNF447	96.83	0.0	0	-0.499	
ENSG00000002431	TIMM535	2475.87	0.0	0	-0.2241	P53_SIGNALING
ENSG00000002432	MMP196	118.02	0.0	0	1.0828	
ENSG00000002433	PRKC691	19.35	0.0	0	0.7229	FATTY_ACID_METABOLISM
ENSG00000002434	UGT339	152.04	0.0	0	-0.7541	
ENSG00000002435	TRIM441	15.01	0.0	0	0.0904	
ENSG00000002436	GRIN562	8.62	0.0	0	-0.9636	CHOLESTEROL_HOMEOSTASIS
ENSG00000002437	SKP486	184.07	0.0	0	1.4877	DNA_REPAIR;ESTROGEN_RESPONSE
ENSG00000002438	TUBB402	145.67	0.0	0	-0.1651	UNFOLDED_PROTEIN_RESPONSE
ENSG00000002439	KDM455	37.51	0.0	0	-0.3045	PI3K_AKT_MTOR_SIGNALING
ENSG00000002440	ZNF488	36.8	0.0	0	0.1473	
ENSG00000002441	TGFBR1	282.98	-2.5507	1	-0.0656	E2F_TARGETS
ENSG00000002442	DUSP800	17.97	0.0	0	-0.463	
ENSG00000002443	BMP2	3.83	0.0	0	3.2149	
ENSG00000002444	PPP1R514	15.43	0.0	0	1.0368	ANGIOGENESIS;MYOGENESIS
ENSG00000002445	GABR102	45.65	0.0	0	-1.2561	
ENSG00000002446	DDX490	5.38	0.0	0	-0.4048	DNA_REPAIR;P53_SIGNALING;COMPLEMENT_CASCADE;SPERMATOGENESIS
ENSG00000002447	RPL748	71.24	0.0	0	-0.1518	
ENSG00000002448	MMP573	2354.11	0.0	0	-0.0245	FATTY_ACID_METABOLISM
ENSG00000002449	ANAPC769	129.07	0.0	0	0.1811	XENOBIOTIC_METABOLISM
ENSG00000002450	MYO143	0.84	0.0	0	0.7037	EPITHELIAL_MESENCHYMAL_TRANSITION
ENSG00000002451	HDAC584	82.15	1.1306	1	-0.22	UNFOLDED_PROTEIN_RESPONSE;HYPOXIA;MYC_TARGETS
ENSG00000002452	SIRT1	184.62	-1.8902	1	0.4069	AUTOPHAGY;SPERMATOGENESIS
ENSG00000002453	ACTN601	85.66	0.0	0	-0.0879	
ENSG00000002454	DNMT537	36.82	0.0	0	-0.698	RIBOSOME_BIOGENESIS
ENSG00000002455	HTR90	9.85	0.0	0	-0.1789	
ENSG00000002456	CXCL10	0.62	0.0	0	0.0053	
ENSG00000002457	H2AF389	47.2	-1.973	1	-0.9639	HYPOXIA
ENSG00000002458	FBXO805	14.11	0.0	0	0.0003	NOTCH_SIGNALING
ENSG00000002459	CUL253	276.45	0.0	0	1.4769	
ENSG00000002460	SKP235	1.98	0.0	0	0.0287	
ENSG00000002461	KMT2495	6030.72	0.0	0	-1.9435	OXIDATIVE_PHOSPHORYLATION
ENSG00000002462	KIF240	258.67	0.0	0	0.0907	
ENSG00000002463	GNA584	274.47	0.0	0	1.7612	
ENSG00000002464	ANK274	72.13	0.0	0	-0.8844	
ENSG00000002465	ACTN374	101.71	0.0	0	0.8587	FATTY_ACID_METABOLISM
ENSG00000002466	MRPL536	46.09	0.0	0	0.6314	ANGIOGENESIS
ENSG00000002467	PPP2R325	58.28	0.0	0	0.0818	DNA_REPAIR;UNFOLDED_PROTEIN_RESPONSE
ENSG00000002468	KDM175	296.8	0.0	0	-0.3691	INTERFERON_ALPHA_RESPONSE
ENSG00000002469	GNA274	19.22	0.0	0	0.839	COMPLEMENT_CASCADE;SPERMATOGENESIS
ENSG00000002470	LDHA	215.24	-2.187	1	0.6094	EPITHELIAL_MESENCHYMAL_TRANSITION
ENSG00000002471	ACTN161	1065.41	0.0	0	1.2867	
ENSG00000002472	PLC466	24.17	0.0	0	0.2637	
ENSG00000002473	BRD612	2.91	0.0	0	-0.0298	AUTOPHAGY;E2F_TARGETS
ENSG00000002474	HTR202	122.87	0.0	0	-0.3943	SPERMATOGENESIS
ENSG00000002475	PRKC574	39.93	0.0	0	-0.4502	
ENSG00000002476	OR790	26.91	0.0	0	-1.168	
ENSG00000002477	VCL90	28.27	0.0	0	0.7014	
ENSG00000002478	HTR776	807.32	0.0	0	1.3306	
ENSG00000002479	TET95	3233.54	0.0	0	-0.6655	AUTOPHAGY;TNFA_SIGNALING_VIA_NFKB
ENSG00000002480	ADAM217	109.44	0.0	0	0.3635	
ENSG00000002481	ANAPC657	1264.48	0.0	0	0.2742	
ENSG00000002482	TBX21	7.24	0.0	0	-1.2042	
ENSG00000002483	SEC853	192.48	0.0	0	0.1667	
ENSG00000002484	RAB11FIP272	189.72	0.0	0	1.4184	
ENSG00000002485	BRD735	14.52	0.0	0	0.1762	
ENSG00000002486	ADRB480	0.6	0.0	0	0.8109	COMPLEMENT_CASCADE
ENSG00000002487	MMP181	163.32	0.0	0	-0.2821	ADIPOGENESIS
ENSG00000002488	HTR13	4.54	0.0	0	-0.4255	OXIDATIVE_PHOSPHORYLATION;ESTROGEN_RESPONSE
ENSG00000002489	EIF868	19.57	0.0	0	-0.002	
ENSG00000002490	RPS597	16.74	0.0	0	-1.7888	
ENSG00000002491	IL10	27.66	2.6925	1	1.0089	MAPK_SIGNALING
ENSG00000002492	GABR823	3.38	0.0	0	0.3381	TGF_BETA_SIGNALING
ENSG00000002493	DDX37	293.31	0.0	0	0.7053	DNA_REPAIR;APOPTOSIS;INTERFERON_ALPHA_RESPONSE
ENSG00000002494	SKP282	55.08	0.0	0	-0.0888	
ENSG00000002495	RHO594	27.01	0.0	0	1.362	NOTCH_SIGNALING
ENSG00000002496	ARF376	97.92	0.0	0	0.9058	UNFOLDED_PROTEIN_RESPONSE
ENSG00000002497	UBE2637	92.91	0.0	0	0.4325	ANGIOGENESIS
ENSG00000002498	NDUFS1	196.91	1.8324	1	-0.0046	HYPOXIA
ENSG00000002499	KMT2557	2.46	0.0	0	0.1797	
ENSG00000002500	KRT386	8.96	0.0	0	0.4491	
ENSG00000002501	CDC408	277.94	0.0	0	0.0648	
ENSG00000002502	PLC133	56.54	0.0	0	0.5184	HEDGEHOG_SIGNALING
ENSG00000002503	TOMM351	80.96	0.0	0	-0.8599	FATTY_ACID_METABOLISM
ENSG00000002504	ARID269	7.33	0.0	0	-1.132	
ENSG00000002505	MYO377	76.48	0.0	0	-0.3377	
ENSG00000002506	MRPS31	19.63	0.0	0	1.3992	
ENSG00000002507	UGT525	384.86	0.0	0	-0.0234	CHOLESTEROL_HOMEOSTASIS
ENSG00000002508	TMEM393	4.47	0.0	0	0.6321	INTERFERON_GAMMA_RESPONSE
ENSG00000002509	TUBB817	620.75	0.0	0	0.0036	
ENSG00000002510	CYP287	0.62	0.0	0	-0.6737	DNA_REPAIR
ENSG00000002511	GNA30	11.26	0.0	0	-0.0347	P53_SIGNALING;COMPLEMENT_CASCADE;ANDROGEN_RESPONSE
ENSG00000002512	ABC561	3.9	0.0	0	1.6813	
ENSG00000002513	OR97	627.97	0.0	0	0.2113	DNA_REPAIR;ANGIOGENESIS;ADIPOGENESIS
ENSG00000002514	ATAD792	0.14	0.0	0	-0.3012	COAGULATION;HEDGEHOG_SIGNALING;MRNA_SPLICING
ENSG00000002515	USP600	23.49	0.0	0	0.0242	ANGIOGENESIS
ENSG00000002516	ARID526	1573.69	0.0	0	-0.2965	
ENSG00000002517	TMEM381	57.75	0.0	0	0.8127	
ENSG00000002518	SCN205	0.79	0.0	0	-0.4033	
ENSG00000002519	SUZ60	60.75	0.0	0	-0.0098	APOPTOSIS
ENSG00000002520	EIF338	11.94	0.0	0	0.7298	
ENSG00000002521	COPB100	3.76	0.0	0	-0.4915	
ENSG00000002522	VPS262	6.7	0.0	0	-0.1012	MRNA_SPLICING
ENSG00000002523	TIMM572	36.51	1.0361	1	0.1292	DNA_REPAIR
ENSG00000002524	KCN481	19.4	0.0	0	-0.0643	ANDROGEN_RESPONSE
ENSG00000002525	KIF431	0.84	0.0	0	0.5736	P53_SIGNALING
ENSG00000002526	PRKC498	100.05	0.0	0	-0.004	HYPOXIA
ENSG00000002527	SPTB269	238.92	0.0	0	1.1197	
ENSG00000002528	ADRB27	177.72	0.0	0	-1.062	
ENSG00000002529	PLC526	28.19	0.0	0	0.5255	ESTROGEN_RESPONSE
ENSG00000002530	TIMM321	39.96	0.0	0	-0.4022	WNT_BETA_CATENIN_SIGNALING
ENSG00000002531	ACTN482	88.07	0.0	0	-0.3161	E2F_TARGETS
ENSG00000002532	CHRM323	164.44	0.0	0	1.3724	
ENSG00000002533	XIAP	12.72	0.0	0	-0.2157	TGF_BETA_SIGNALING;PI3K_AKT_MTOR_SIGNALING
ENSG00000002534	SMARC284	4.21	0.0	0	-0.3112	XENOBIOTIC_METABOLISM
ENSG00000002535	CHRM575	2.92	0.0	0	0.6522	
ENSG00000002536	ZNF818	16.36	0.0	0	-0.1213	
ENSG00000002537	TIMM709	86.78	0.0	0	-1.5529	
ENSG00000002538	CUL77	88.89	0.0	0	0.347	XENOBIOTIC_METABOLISM
ENSG00000002539	MTOR	5.09	0.0	0	-0.0886	WNT_BETA_CATENIN_SIGNALING
ENSG00000002540	RHO624	3.32	0.0	0	0.6528	
ENSG00000002541	UBE2355	64.3	0.0	0	1.122	
ENSG00000002542	SCN442	1176.35	0.0	0	-0.007	
ENSG00000002543	ZNF700	14.59	0.0	0	0.7051	
ENSG00000002544	ADRB209	216.36	0.0	0	-0.9226	
ENSG00000002545	DUSP264	26.26	0.0	0	-0.1568	P53_SIGNALING;EXTRACELLULAR_MATRIX_ORGANIZATION
ENSG00000002546	DHX301	185.96	-1.2265	1	-0.1383	CELL_CYCLE_G2M_CHECKPOINT;HEDGEHOG_SIGNALING
ENSG00000002547	VPS115	292.04	0.0	0	-0.4862	EPITHELIAL_MESENCHYMAL_TRANSITION;RIBOSOME_BIOGENESIS
ENSG00000002548	CUL883	29.41	-1.4284	1	1.562	HYPOXIA;MRNA_SPLICING
ENSG00000002549	MAPK106	149.83	0.0	0	1.5359	IL6_JAK_STAT3_SIGNALING
ENSG00000002550	HTR344	185.77	0.0	0	0.5931	RIBOSOME_BIOGENESIS
ENSG00000002551	TUBB330	264.29	0.0	0	1.1962	INTERFERON_ALPHA_RESPONSE
ENSG00000002552	ADAM99	4.54	0.0	0	-0.8462	
ENSG00000002553	CUL880	2.03	0.0	0	0.557	PI3K_AKT_MTOR_SIGNALING;E2F_TARGETS
ENSG00000002554	KDM141	234.07	0.0	0	-0.0341	CHOLESTEROL_HOMEOSTASIS
ENSG00000002555	SNAI2	14.14	0.0	0	-0.182	
ENSG00000002556	BRD794	2985.59	0.0	0	0.7639	ADIPOGENESIS
ENSG00000002557	DHX852	9.78	0.0	0	-1.1135	
ENSG00000002558	SLC155	7.83	0.0	0	1.8146	HEDGEHOG_SIGNALING;PI3K_AKT_MTOR_SIGNALING
ENSG00000002559	TUBB299	38.95	1.5156	1	2.2765	INFLAMMATORY_RESPONSE
ENSG00000002560	DUSP433	26.14	0.0	0	0.2049	RIBOSOME_BIOGENESIS
ENSG00000002561	RPL643	5.13	0.0	0	-0.2257	IL6_JAK_STAT3_SIGNALING
ENSG00000002562	ADAM433	1.0	0.0	0	0.4442	
ENSG00000002563	ATM	310.41	2.8055	1	-1.07	HYPOXIA
ENSG00000002564	CCNB887	14.41	0.0	0	1.008	CHOLESTEROL_HOMEOSTASIS
ENSG00000002565	ADRB451	46.61	0.0	0	1.1658	
ENSG00000002566	KIF425	4.66	0.0	0	-0.0652	
ENSG00000002567	RPS784	1.64	0.0	0	1.0649	
ENSG00000002568	VCL93	3.47	0.0	0	0.1009	
ENSG00000002569	PXN700	80.15	0.0	0	0.2866	
ENSG00000002570	UBE2647	33.93	0.0	0	-0.4416	PI3K_AKT_MTOR_SIGNALING;MYC_TARGETS
ENSG00000002571	GABR302	3.61	0.0	0	1.0323	
ENSG00000002572	SCN541	33.91	0.0	0	-0.2942	
ENSG00000002573	MAPK213	17.28	0.0	0	0.5233	
ENSG00000002574	ABC49	81.59	0.0	0	-0.4346	COMPLEMENT_CASCADE;E2F_TARGETS
ENSG00000002575	MMP884	20.68	0.0	0	0.8244	NOTCH_SIGNALING
ENSG00000002576	PXN363	128.64	0.0	0	-0.5008	
ENSG00000002577	PECAM1	20.49	0.0	0	-0.3413	
ENSG00000002578	CHRM783	410.09	0.0	0	-0.6191	
ENSG00000002579	KIF56	2.02	0.0	0	-0.1436	AUTOPHAGY
ENSG00000002580	RHO454	16.58	0.0	0	-1.3928	AUTOPHAGY
ENSG00000002581	SIRT636	39.85	0.0	0	0.9452	GLYCOLYSIS;IL6_JAK_STAT3_SIGNALING;PI3K_AKT_MTOR_SIGNALING
ENSG00000002582	BRD417	41.09	0.0	0	-0.5248	
ENSG00000002583	MMP874	82.67	0.0	0	1.0617	
ENSG00000002584	MAPK232	119.07	0.0	0	0.4197	EXTRACELLULAR_MATRIX_ORGANIZATION;ADIPOGENESIS
ENSG00000002585	CXCL8	74.79	2.0279	1	0.6127	PI3K_AKT_MTOR_SIGNALING
ENSG00000002586	RNF672	95.34	0.0	0	-0.5194	PI3K_AKT_MTOR_SIGNALING
ENSG00000002587	UGT849	29.35	0.0	0	-0.4604	
ENSG00000002588	SKP596	4.46	0.0	0	0.496	APOPTOSIS;ANGIOGENESIS
ENSG00000002589	GNA678	7.42	0.0	0	-1.3449	INTERFERON_GAMMA_RESPONSE;MYOGENESIS
ENSG00000002590	PXN680	496.87	0.0	0	-0.1031	
ENSG00000002591	UGT884	4.37	0.0	0	0.6404	
ENSG00000002592	ANAPC109	13.24	0.0	0	-0.765	MAPK_SIGNALING
ENSG00000002593	TIMM649	370.26	0.0	0	2.0348	HYPOXIA
ENSG00000002594	UBE2368	18.92	0.0	0	0.4393	
ENSG00000002595	CHRM96	8.76	0.0	0	-0.4174	
ENSG00000002596	SLC320	21.85	0.0	0	-0.0699	AUTOPHAGY
ENSG00000002597	ADAM484	5.18	0.0	0	0.1169	IL6_JAK_STAT3_SIGNALING
ENSG00000002598	PRKC649	22.17	0.0	0	1.4822	MRNA_SPLICING
ENSG00000002599	PPP2R613	6.47	0.0	0	0.4072	GLYCOLYSIS;AUTOPHAGY;INTERFERON_ALPHA_RESPONSE
ENSG00000002600	JAK2	875.7	0.0	0	0.3742	
ENSG00000002601	ABC393	13.91	0.0	0	1.7824	HYPOXIA
ENSG00000002602	CHRM526	15.54	0.0	0	0.827	
ENSG00000002603	KRT556	275.07	0.0	0	0.9808	EXTRACELLULAR_MATRIX_ORGANIZATION;PROTEIN_SECRETION
ENSG00000002604	KCN631	2.76	0.0	0	1.0598	
ENSG00000002605	SIRT559	44.29	0.0	0	-0.3651	
ENSG00000002606	TRIM575	33.4	0.0	0	-0.0545	INTERFERON_GAMMA_RESPONSE;ESTROGEN_RESPONSE
ENSG00000002607	CHRM300	24.01	0.0	0	-0.5949	OXIDATIVE_PHOSPHORYLATION;MYC_TARGETS
ENSG00000002608	RNF38	5.33	0.0	0	0.7857	
ENSG00000002609	OR178	68.96	0.0	0	-0.8562	COMPLEMENT_CASCADE;ADIPOGENESIS
ENSG00000002610	PLC102	222.14	0.0	0	0.2859	HYPOXIA;PROTEIN_SECRETION
ENSG00000002611	MYO186	28.68	0.0	0	0.0827	HYPOXIA
ENSG00000002612	ACO2	25.02	-2.8764	1	-0.327	DNA_REPAIR
ENSG00000002613	GNA721	1.27	0.0	0	1.0139	
ENSG00000002614	ABC815	17.42	0.0	0	1.1422	INFLAMMATORY_RESPONSE
ENSG00000002615	RNF508	23.44	0.0	0	0.1345	DNA_REPAIR
ENSG00000002616	SMARC869	40.4	0.0	0	0.7518	
ENSG00000002617	TUBB850	98.31	0.0	0	0.36	SPERMATOGENESIS
ENSG00000002618	BRD206	11.49	0.0	0	0.9194	
ENSG00000002619	ANK147	6.99	0.0	0	0.3349	WNT_BETA_CATENIN_SIGNALING;ANDROGEN_RESPONSE
ENSG00000002620	COL63	106.73	0.0	0	-0.0457	
ENSG00000002621	ZEB1	0.53	0.0	0	-1.3521	WNT_BETA_CATENIN_SIGNALING
ENSG00000002622	SLC430	36.78	0.0	0	0.4133	ANGIOGENESIS
ENSG00000002623	GABR22	4.59	0.0	0	0.7772	MAPK_SIGNALING
ENSG00000002624	MRPL673	64.76	1.5114	1	-0.2893	
ENSG00000002625	MMP366	26.75	0.0	0	0.414	NOTCH_SIGNALING
ENSG00000002626	DNMT110	33.73	0.0	0	0.8444	
ENSG00000002627	CDC43	1.31	0.0	0	0.0895	
ENSG00000002628	VPS337	36.77	0.0	0	-0.5781	
ENSG00000002629	SPTB502	520.13	0.0	0	0.1125	EXTRACELLULAR_MATRIX_ORGANIZATION
ENSG00000002630	SUZ659	58.12	0.0	0	0.4832	INFLAMMATORY_RESPONSE
ENSG00000002631	DRD471	9.7	0.0	0	1.1853	
ENSG00000002632	SKP372	2.29	0.0	0	-1.2363	REACTIVE_OXYGEN_SPECIES
ENSG00000002633	DUSP41	4.9	0.0	0	-0.6874	
ENSG00000002634	TMEM452	272.46	0.0	0	0.1135	
ENSG00000002635	DNMT148	7.47	0.0	0	-0.4133	HYPOXIA
ENSG00000002636	SMARC475	685.91	0.0	0	-0.5645	P53_SIGNALING
ENSG00000002637	KCN68	8.26	0.0	0	0.422	ADIPOGENESIS
ENSG00000002638	TIMM450	7.85	0.0	0	0.45	
ENSG00000002639	KCN154	56.7	0.0	0	1.9977	
ENSG00000002640	UBE2736	15.05	0.0	0	0.1414	ADIPOGENESIS
ENSG00000002641	UGT333	3.19	0.0	0	1.028	
ENSG00000002642	RNF694	11.03	0.0	0	0.2071	REACTIVE_OXYGEN_SPECIES
ENSG00000002643	ADRB125	283.75	0.0	0	0.4488	MRNA_SPLICING
ENSG00000002644	SHH	4.95	0.0	0	0.2198	P53_SIGNALING
ENSG00000002645	MYO510	7.17	0.0	0	0.571	
ENSG00000002646	MYO82	6.45	0.0	0	-0.7202	
ENSG00000002647	PXN178	12.21	0.0	0	1.2311	PROTEIN_SECRETION
ENSG00000002648	CCNB229	176.41	0.0	0	0.9582	
ENSG00000002649	TMEM76	137.08	0.0	0	-0.8508	
ENSG00000002650	KRT179	2.87	0.0	0	0.9405	
ENSG00000002651	LPL	1.59	0.0	0	-0.1542	WNT_BETA_CATENIN_SIGNALING
ENSG00000002652	ARID442	1.07	0.0	0	0.7764	MAPK_SIGNALING;PEROXISOME
ENSG00000002653	SLC286	126.14	0.0	0	1.1448	INTERFERON_ALPHA_RESPONSE;TGF_BETA_SIGNALING;E2F_TARGETS
ENSG00000002654	H2AF433	8.07	0.0	0	0.4313	ANDROGEN_RESPONSE
ENSG00000002655	ACTN271	160.57	0.0	0	0.3842	
ENSG00000002656	CYP307	0.06	0.0	0	0.5789	OXIDATIVE_PHOSPHORYLATION;CELL_CYCLE_G2M_CHECKPOINT;AUTOPHAGY
ENSG00000002657	TLN828	122.35	1.279	1	0.2905	TGF_BETA_SIGNALING
ENSG00000002658	ANAPC628	9.91	0.0	0	0.3785	
ENSG00000002659	DNMT352	34.16	0.0	0	-1.0294	
ENSG00000002660	CHRM222	1084.23	0.0	0	1.1433	APOPTOSIS;HYPOXIA
ENSG00000002661	ARF434	18.38	0.0	0	1.5479	P53_SIGNALING;TGF_BETA_SIGNALING
ENSG00000002662	VPS33	531.07	0.0	0	0.4836	
ENSG00000002663	RNF798	21.57	0.0	0	0.7606	PI3K_AKT_MTOR_SIGNALING
ENSG00000002664	USP480	1113.45	0.0	0	-0.0081	EXTRACELLULAR_MATRIX_ORGANIZATION
ENSG00000002665	CHRM360	52.88	0.0	0	0.5487	INTERFERON_GAMMA_RESPONSE
ENSG00000002666	MT-ATP6	24434.73	0.0	0	-0.2766	
ENSG00000002667	FASN	15.47	0.0	0	-0.4945	ESTROGEN_RESPONSE
ENSG00000002668	MYO5	460.87	0.0	0	-0.3356	REACTIVE_OXYGEN_SPECIES
ENSG00000002669	TOMM561	14.15	0.0	0	1.9756	
ENSG00000002670	GABR211	25.72	0.0	0	0.4386	
ENSG00000002671	PLC535	68.22	0.0	0	-0.8864	CHOLESTEROL_HOMEOSTASIS;AUTOPHAGY
ENSG00000002672	MMP20	9.24	0.0	0	0.5204	
ENSG00000002673	SEC807	149.05	0.0	0	-0.1515	
ENSG00000002674	ANK708	0.4	0.0	0	-1.7187	OXIDATIVE_PHOSPHORYLATION
ENSG00000002675	DHX384	60.87	0.0	0	-0.886	
ENSG00000002676	TLN721	798.95	0.0	0	0.1658	HEDGEHOG_SIGNALING;ADIPOGENESIS
ENSG00000002677	SNX388	2.52	0.0	0	-0.7423	UNFOLDED_PROTEIN_RESPONSE;PI3K_AKT_MTOR_SIGNALING
ENSG00000002678	ADRB749	117.6	0.0	0	-0.3692	
ENSG00000002679	EIF342	9.84	0.0	0	0.177	
ENSG00000002680	MAPK530	2.42	0.0	0	0.9038	
ENSG00000002681	ACTN205	3.91	0.0	0	-2.5691	IL6_JAK_STAT3_SIGNALING;MRNA_SPLICING
ENSG00000002682	SMARC569	35.85	1.9837	1	-0.2696	HYPOXIA;REACTIVE_OXYGEN_SPECIES
ENSG00000002683	DNMT58	90.17	0.0	0	-0.4145	
ENSG00000002684	TET341	1297.57	0.0	0	-0.8183	GLYCOLYSIS
ENSG00000002685	TOMM391	4.03	0.0	0	-2.3648	
ENSG00000002686	H2AF101	9.06	0.0	0	-0.4748	HEDGEHOG_SIGNALING;E2F_TARGETS
ENSG00000002687	SCN584	102.78	0.0	0	0.3136	COAGULATION;NOTCH_SIGNALING
ENSG00000002688	H2AF590	10.17	0.0	0	0.5119	CHOLESTEROL_HOMEOSTASIS
ENSG00000002689	OR854	18.34	0.0	0	-0.7422	RIBOSOME_BIOGENESIS
ENSG00000002690	RAB11FIP512	93.64	0.0	0	0.2383	FATTY_ACID_METABOLISM
ENSG00000002691	CUL31	23.72	0.0	0	-1.4683	
ENSG00000002692	ACTN10	44.89	0.0	0	-0.2927	EXTRACELLULAR_MATRIX_ORGANIZATION;ADIPOGENESIS;RIBOSOME_BIOGENESIS
ENSG00000002693	DNMT23	22.07	0.0	0	-0.3773	COMPLEMENT_CASCADE
ENSG00000002694	VPS201	232.82	0.0	0	-0.3647	TGF_BETA_SIGNALING
ENSG00000002695	SUZ884	196.91	0.0	0	-2.186	HEDGEHOG_SIGNALING
ENSG00000002696	CYP606	7.8	0.0	0	-1.2124	COMPLEMENT_CASCADE
ENSG00000002697	RPS545	37.7	0.0	0	0.4982	MAPK_SIGNALING;REACTIVE_OXYGEN_SPECIES
ENSG00000002698	HTR405	2.5	0.0	0	0.2412	COAGULATION
ENSG00000002699	MMP8	67.65	0.0	0	1.4414	
ENSG00000002700	MYO326	113.84	0.0	0	0.21	NOTCH_SIGNALING
ENSG00000002701	NDUFA1	244.67	2.9299	1	-0.478	TNFA_SIGNALING_VIA_NFKB;ANGIOGENESIS;PROTEIN_SECRETION
ENSG00000002702	SCN147	21.8	0.0	0	1.4441	PI3K_AKT_MTOR_SIGNALING;ADIPOGENESIS
ENSG00000002703	RPL34	0.76	0.0	0	-0.4446	INTERFERON_GAMMA_RESPONSE;ANDROGEN_RESPONSE
ENSG00000002704	KRT520	6.16	0.0	0	-1.4659	TGF_BETA_SIGNALING;PI3K_AKT_MTOR_SIGNALING
ENSG00000002705	RNF834	13.17	0.0	0	-0.9113	
ENSG00000002706	TOMM88	1670.53	0.0	0	1.682	PI3K_AKT_MTOR_SIGNALING
ENSG00000002707	EIF267	4621.62	0.0	0	-0.1412	
ENSG00000002708	DUSP30	143.61	0.0	0	-1.0571	
ENSG00000002709	DRD582	0.5	0.0	0	-0.034	MAPK_SIGNALING
ENSG00000002710	SIRT631	15.88	0.0	0	-0.0051	COMPLEMENT_CASCADE
ENSG00000002711	DHX595	1308.05	0.0	0	-0.5266	CHOLESTEROL_HOMEOSTASIS;E2F_TARGETS
ENSG00000002712	ADRB2	533.71	0.0	0	-0.4501	
ENSG00000002713	CYP152	7.43	0.0	0	-0.9824	
ENSG00000002714	SNX490	603.85	0.0	0	0.2836	
ENSG00000002715	PPP2R352	374.92	0.0	0	0.2774	OXIDATIVE_PHOSPHORYLATION;TNFA_SIGNALING_VIA_NFKB
ENSG00000002716	HDAC681	4.66	0.0	0	0.8294	
ENSG00000002717	KMT2398	438.57	0.0	0	0.9382	AUTOPHAGY
ENSG00000002718	RHO535	116.52	0.0	0	0.6194	WNT_BETA_CATENIN_SIGNALING;PEROXISOME
ENSG00000002719	DNMT677	3.57	0.0	0	-0.1847	
ENSG00000002720	SCN249	7.43	0.0	0	0.3103	
ENSG00000002721	ADRB730	67.32	0.0	0	1.5921	
ENSG00000002722	FBXO29	28.42	0.0	0	1.1051	IL6_JAK_STAT3_SIGNALING;MRNA_SPLICING
ENSG00000002723	SMARC48	2.62	0.0	0	0.5577	CHOLESTEROL_HOMEOSTASIS
ENSG00000002724	PPP2R163	85.6	0.0	0	-0.4466	EXTRACELLULAR_MATRIX_ORGANIZATION;TGF_BETA_SIGNALING
ENSG00000002725	SNX164	54.61	0.0	0	-0.1689	EPITHELIAL_MESENCHYMAL_TRANSITION
ENSG00000002726	MRPL486	52.6	0.0	0	0.2053	ANGIOGENESIS
ENSG00000002727	MRPL479	101.25	0.0	0	0.7335	
ENSG00000002728	SMARC72	5.36	0.0	0	0.162	P53_SIGNALING;TGF_BETA_SIGNALING
ENSG00000002729	ACTN567	24.39	0.0	0	0.9554	
ENSG00000002730	CYP672	41.61	0.0	0	0.0229	
ENSG00000002731	CHRM752	376.42	0.0	0	0.7371	INTERFERON_ALPHA_RESPONSE;EPITHELIAL_MESENCHYMAL_TRANSITION
ENSG00000002732	RPS184	5.46	0.0	0	-0.8479	
ENSG00000002733	KRT626	224.64	0.0	0	1.6784	CHOLESTEROL_HOMEOSTASIS;IL6_JAK_STAT3_SIGNALING
ENSG00000002734	RHO658	17.36	0.0	0	-1.3358	
ENSG00000002735	GNA607	59.32	0.0	0	-1.0903	
ENSG00000002736	PMS2	3.39	0.0	0	-0.3414	
ENSG00000002737	SUZ369	27.81	0.0	0	-1.2974	CHOLESTEROL_HOMEOSTASIS;APOPTOSIS;PROTEIN_SECRETION
ENSG00000002738	MRPL560	19.63	0.0	0	0.5008	CHOLESTEROL_HOMEOSTASIS
ENSG00000002739	DNMT871	7.75	0.0	0	-0.2095	
ENSG00000002740	H2AF363	23.86	0.0	0	0.8089	SPERMATOGENESIS
ENSG00000002741	KDM552	22.26	0.0	0	0.2885	WNT_BETA_CATENIN_SIGNALING
ENSG00000002742	ATAD664	90.26	0.0	0	-0.0345	
ENSG00000002743	TMEM887	208.95	0.0	0	-0.5731	COAGULATION;HYPOXIA
ENSG00000002744	SPTB628	18.75	0.0	0	-0.3065	
ENSG00000002745	EIF328	36.61	0.0	0	-0.1768	INTERFERON_ALPHA_RESPONSE
ENSG00000002746	EZH45	3.13	0.0	0	0.5443	
ENSG00000002747	RPS203	181.81	0.0	0	0.1454	WNT_BETA_CATENIN_SIGNALING
ENSG00000002748	OR534	50.34	0.0	0	-0.1307	HEDGEHOG_SIGNALING
ENSG00000002749	PPP1R826	77.58	0.0	0	-0.67	TGF_BETA_SIGNALING
ENSG00000002750	KMT2842	65.75	0.0	0	0.0401	MAPK_SIGNALING
ENSG00000002751	SKP807	0.08	0.0	0	0.6513	
ENSG00000002752	SUZ203	39.81	0.0	0	1.0926	
ENSG00000002753	KRT790	2.25	0.0	0	0.8709	
ENSG00000002754	CHRM468	317.85	0.0	0	0.5978	REACTIVE_OXYGEN_SPECIES
ENSG00000002755	PPP2R822	1.1	0.0	0	-0.517	APOPTOSIS
ENSG00000002756	HTR484	61.38	1.0914	1	0.4364	TNFA_SIGNALING_VIA_NFKB
ENSG00000002757	GRIN521	182.3	0.0	0	-0.4982	INTERFERON_ALPHA_RESPONSE
ENSG00000002758	HTR189	12.26	0.0	0	-0.0485	ANGIOGENESIS
ENSG00000002759	TSC2	80.64	1.7833	1	-1.368	GLYCOLYSIS
ENSG00000002760	EIF335	186.34	0.0	0	-0.5512	
ENSG00000002761	TIMM818	0.47	0.0	0	0.5548	
ENSG00000002762	CDC74	10.64	0.0	0	-0.7212	INTERFERON_ALPHA_RESPONSE;ANDROGEN_RESPONSE
ENSG00000002763	TLN599	102.23	0.0	0	-0.0586	
ENSG00000002764	VPS858	87.31	0.0	0	-0.7792	PEROXISOME
ENSG00000002765	CHRM666	54.0	0.0	0	-1.6299	WNT_BETA_CATENIN_SIGNALING;REACTIVE_OXYGEN_SPECIES
ENSG00000002766	CDC528	0.7	0.0	0	0.6398	MRNA_SPLICING
ENSG00000002767	ZNF71	0.5	0.0	0	1.5931	INTERFERON_GAMMA_RESPONSE
ENSG00000002768	ABC839	1407.62	0.0	0	-0.1654	EPITHELIAL_MESENCHYMAL_TRANSITION
ENSG00000002769	KCN275	6.63	0.0	0	-0.1677	NOTCH_SIGNALING
ENSG00000002770	DRD750	23.25	0.0	0	-1.8168	
ENSG00000002771	SPTB136	3.36	0.0	0	0.0417	
ENSG00000002772	ANK542	10.33	0.0	0	1.5112	
ENSG00000002773	SMAD7	3.0	0.0	0	0.7738	GLYCOLYSIS
ENSG00000002774	COL175	34.0	0.0	0	-0.18	
ENSG00000002775	CDC268	148.35	0.0	0	2.3909	
ENSG00000002776	PPP1R578	403.62	0.0	0	0.5108	INTERFERON_ALPHA_RESPONSE
ENSG00000002777	SMARC876	7.59	0.0	0	-1.0627	OXIDATIVE_PHOSPHORYLATION;INTERFERON_ALPHA_RESPONSE
ENSG00000002778	ANAPC712	33.4	0.0	0	0.8049	
ENSG00000002779	HIST1H786	61.37	0.0	0	-1.1465	
ENSG00000002780	MRPL657	30.53	1.9778	1	-1.9574	DNA_REPAIR;COMPLEMENT_CASCADE
ENSG00000002781	SPTB4	156.22	-1.6567	1	-0.4927	SPERMATOGENESIS
ENSG00000002782	SMARC174	33.64	0.0	0	0.989	ADIPOGENESIS;MRNA_SPLICING
ENSG00000002783	SLC395	15.42	0.0	0	-1.1395	
ENSG00000002784	THRB	108.83	1.8339	1	-0.5089	TGF_BETA_SIGNALING
ENSG00000002785	SIRT133	1.53	0.0	0	-1.0267	
ENSG00000002786	RHO179	38.1	0.0	0	-0.7737	
ENSG00000002787	PPP1R149	203.33	0.0	0	-0.121	EPITHELIAL_MESENCHYMAL_TRANSITION
ENSG00000002788	UBE260	270.17	0.0	0	-0.0544	DNA_REPAIR
ENSG00000002789	RAB560	5.11	0.0	0	0.7355	CELL_CYCLE_G2M_CHECKPOINT;P53_SIGNALING
ENSG00000002790	KDM76	86.88	0.0	0	0.046	
ENSG00000002791	CACN741	927.89	0.0	0	0.7321	FATTY_ACID_METABOLISM
ENSG00000002792	RNF598	84.88	0.0	0	0.7209	DNA_REPAIR
ENSG00000002793	OR269	58.04	0.0	0	0.3929	
ENSG00000002794	DYNC697	54.01	0.0	0	-2.2002	PI3K_AKT_MTOR_SIGNALING
ENSG00000002795	COL888	12.39	0.0	0	0.0685	SPERMATOGENESIS
ENSG00000002796	DYNC837	1314.98	0.0	0	-1.1562	
ENSG00000002797	OR833	20.32	0.0	0	-0.6523	P53_SIGNALING
ENSG00000002798	COPB767	24.35	0.0	0	0.2574	AUTOPHAGY;ESTROGEN_RESPONSE;MYOGENESIS
ENSG00000002799	ANAPC94	54.37	0.0	0	-1.1617	E2F_TARGETS;MRNA_SPLICING
ENSG00000002800	TMEM177	65.81	0.0	0	-0.6537	
ENSG00000002801	DRD526	77.47	0.0	0	0.6498	P53_SIGNALING
ENSG00000002802	TLN651	566.92	0.0	0	0.5985	NOTCH_SIGNALING
ENSG00000002803	PRKC714	5.75	0.0	0	-0.5765	PEROXISOME
ENSG00000002804	MAPK765	33.85	0.0	0	0.1604	
ENSG00000002805	DRD366	0.24	0.0	0	-0.6448	
ENSG00000002806	EIF291	15.22	0.0	0	0.8847	RIBOSOME_BIOGENESIS
ENSG00000002807	SMARC387	1.13	0.0	0	2.2503	ESTROGEN_RESPONSE
ENSG00000002808	RNF326	256.33	0.0	0	-0.3178	SPERMATOGENESIS
ENSG00000002809	COPB839	25.58	0.0	0	-0.7469	EXTRACELLULAR_MATRIX_ORGANIZATION;WNT_BETA_CATENIN_SIGNALING
ENSG00000002810	GRIN700	75.62	0.0	0	0.4852	
ENSG00000002811	SCN236	86.73	0.0	0	-0.9916	
ENSG00000002812	PPP2R384	21.64	0.0	0	0.4142	
ENSG00000002813	CUL468	0.91	0.0	0	-0.1756	NOTCH_SIGNALING
ENSG00000002814	COPB415	4.03	0.0	0	-1.0511	
ENSG00000002815	RNF184	53.92	0.0	0	-0.3592	
ENSG00000002816	COL489	116.15	0.0	0	0.369	REACTIVE_OXYGEN_SPECIES
ENSG00000002817	H2AF287	20.36	0.0	0	-0.1559	EXTRACELLULAR_MATRIX_ORGANIZATION;PEROXISOME
ENSG00000002818	USP835	1150.74	0.0	0	-0.0187	PROTEIN_SECRETION
ENSG00000002819	GABR101	4.09	0.0	0	-0.7799	
ENSG00000002820	CHRM261	41.53	0.0	0	-0.1997	XENOBIOTIC_METABOLISM
ENSG00000002821	TET791	66.59	0.0	0	0.1343	
ENSG00000002822	MYO883	26.54	0.0	0	-0.8229	AUTOPHAGY
ENSG00000002823	DYNC739	1.01	0.0	0	0.59	ADIPOGENESIS;MYOGENESIS
ENSG00000002824	EIF821	14.24	0.0	0	-0.6971	RIBOSOME_BIOGENESIS
ENSG00000002825	DUSP329	22.03	0.0	0	-0.1111	INTERFERON_GAMMA_RESPONSE;NOTCH_SIGNALING
ENSG00000002826	TLN425	4.5	0.0	0	-0.6101	
ENSG00000002827	CHRM1	523.26	0.0	0	-0.1205	PEROXISOME
ENSG00000002828	COPB40	243.93	0.0	0	0.6027	APOPTOSIS
ENSG00000002829	MYO867	17.8	0.0	0	-0.3927	EPITHELIAL_MESENCHYMAL_TRANSITION
ENSG00000002830	COL618	9.14	0.0	0	0.1327	INTERFERON_GAMMA_RESPONSE
ENSG00000002831	H2AF466	12.66	0.0	0	1.7388	CHOLESTEROL_HOMEOSTASIS
ENSG00000002832	PPP1R64	1.59	0.0	0	-0.6967	
ENSG00000002833	KRT596	26.82	0.0	0	-0.1782	
ENSG00000002834	PRKAA1	2753.31	-2.8483	1	-1.3183	
ENSG00000002835	TMEM532	13.69	0.0	0	-0.3968	
ENSG00000002836	ANAPC633	22.35	0.0	0	-1.5329	
ENSG00000002837	RPS810	2.04	0.0	0	0.0793	P53_SIGNALING
ENSG00000002838	MRPL808	518.18	0.0	0	-1.2476	GLYCOLYSIS
ENSG00000002839	RNF772	1.43	0.0	0	0.1931	
ENSG00000002840	TRIM359	86.76	0.0	0	0.0043	
ENSG00000002841	RHO287	9.01	0.0	0	-0.2688	ANGIOGENESIS;MRNA_SPLICING
ENSG00000002842	GNA514	75.79	0.0	0	0.0991	
ENSG00000002843	SNX652	24.0	0.0	0	-0.3294	
ENSG00000002844	ADAM307	16.75	0.0	0	-0.0344	HEDGEHOG_SIGNALING
ENSG00000002845	TET387	96.59	0.0	0	-2.0985	TGF_BETA_SIGNALING
ENSG00000002846	KCN782	6.0	0.0	0	0.8196	
ENSG00000002847	DDX290	0.11	0.0	0	1.562	
ENSG00000002848	HTR638	9.67	0.0	0	0.3829	
ENSG00000002849	ANK247	4.54	0.0	0	-0.058	
ENSG00000002850	DDX440	83.07	0.0	0	1.1019	PROTEIN_SECRETION
ENSG00000002851	IL6	60.72	0.0	0	0.1761	TGF_BETA_SIGNALING;SPERMATOGENESIS
ENSG00000002852	CUL32	39.3	0.0	0	0.5991	EXTRACELLULAR_MATRIX_ORGANIZATION
ENSG00000002853	RHO597	7.84	0.0	0	-0.0326	
ENSG00000002854	TET273	2.02	0.0	0	0.1033	AUTOPHAGY
ENSG00000002855	TLN776	12.62	0.0	0	0.7845	
ENSG00000002856	SOD2	76.06	2.3676	1	-0.7239	
ENSG00000002857	ANAPC749	13.04	0.0	0	0.9808	
ENSG00000002858	CACN792	101.19	-1.0421	1	1.4426	TNFA_SIGNALING_VIA_NFKB
ENSG00000002859	PRKC122	170.82	0.0	0	-1.4636	MRNA_SPLICING
ENSG00000002860	ATAD722	346.62	0.0	0	-0.0146	
ENSG00000002861	TRIM402	33.07	0.0	0	-0.1379	
ENSG00000002862	PPP1R504	27.51	0.0	0	-0.8363	
ENSG00000002863	HTR315	22.53	0.0	0	-0.0258	
ENSG00000002864	CUL706	6.98	0.0	0	-0.8163	CELL_CYCLE_G2M_CHECKPOINT
ENSG00000002865	SEC558	15.31	0.0	0	0.4884	
ENSG00000002866	USP513	0.44	0.0	0	0.2712	MAPK_SIGNALING
ENSG00000002867	SNX326	72.59	0.0	0	1.1364	OXIDATIVE_PHOSPHORYLATION;EPITHELIAL_MESENCHYMAL_TRANSITION
ENSG00000002868	SNX69	73.64	0.0	0	-0.0777	COMPLEMENT_CASCADE
ENSG00000002869	UBE2467	75.49	0.0	0	-1.1303	
ENSG00000002870	ARID517	4910.66	0.0	0	0.6698	INTERFERON_GAMMA_RESPONSE;MRNA_SPLICING;XENOBIOTIC_METABOLISM
ENSG00000002871	UBE2867	2.02	0.0	0	0.1739	
ENSG00000002872	PLC738	31.82	0.0	0	0.0642	AUTOPHAGY
ENSG00000002873	SNX664	3.03	0.0	0	-0.9969	EXTRACELLULAR_MATRIX_ORGANIZATION
ENSG00000002874	SEC705	0.7	0.0	0	-0.0839	
ENSG00000002875	GNA285	38.43	0.0	0	0.6698	CELL_CYCLE_G2M_CHECKPOINT
ENSG00000002876	PXN170	131.75	0.0	0	-0.1456	ESTROGEN_RESPONSE
ENSG00000002877	FOXO1	64.74	0.0	0	1.3719	OXIDATIVE_PHOSPHORYLATION
ENSG00000002878	RAB11FIP327	114.21	0.0	0	1.0495	MYC_TARGETS
ENSG00000002879	VPS74	7.34	0.0	0	0.0352	
ENSG00000002880	USP819	62.35	0.0	0	-2.0331	P53_SIGNALING
ENSG00000002881	DYNC482	11.56	0.0	0	-0.2691	P53_SIGNALING;WNT_BETA_CATENIN_SIGNALING;ADIPOGENESIS;SPERMATOGENESIS
ENSG00000002882	TMEM654	16.48	0.0	0	1.7611	TGF_BETA_SIGNALING
ENSG00000002883	ACACA	8535.97	0.0	0	-0.9366	ANDROGEN_RESPONSE
ENSG00000002884	MRPS708	40.67	0.0	0	0.394	
ENSG00000002885	HTR707	98.99	0.0	0	-1.3895	
ENSG00000002886	MRPS640	125.32	0.0	0	-0.4477	
ENSG00000002887	VCL404	2.5	0.0	0	1.6172	REACTIVE_OXYGEN_SPECIES
ENSG00000002888	RAB11FIP192	273.3	0.0	0	0.696	
ENSG00000002889	PXN575	374.41	0.0	0	-0.2237	UNFOLDED_PROTEIN_RESPONSE;REACTIVE_OXYGEN_SPECIES
ENSG00000002890	ACTN81	1882.73	0.0	0	-0.9064	FATTY_ACID_METABOLISM;UNFOLDED_PROTEIN_RESPONSE;ANGIOGENESIS
ENSG00000002891	MAPK507	454.2	0.0	0	-0.0198	TGF_BETA_SIGNALING
ENSG00000002892	FBXO298	191.06	0.0	0	0.6007	
ENSG00000002893	DUSP205	253.0	0.0	0	-0.3063	
ENSG00000002894	DNMT797	3.89	0.0	0	-0.2656	FATTY_ACID_METABOLISM;WNT_BETA_CATENIN_SIGNALING;RIBOSOME_BIOGENESIS
ENSG00000002895	CYP360	256.41	0.0	0	-1.3428	ANDROGEN_RESPONSE;ESTROGEN_RESPONSE;ADIPOGENESIS
ENSG00000002896	RAB11FIP524	971.94	0.0	0	1.0252	
ENSG00000002897	ABC43	45.65	0.0	0	0.9078	MRNA_SPLICING
ENSG00000002898	EIF892	89.55	0.0	0	-0.9786	
ENSG00000002899	TMEM742	36.14	0.0	0	-1.0095	OXIDATIVE_PHOSPHORYLATION
ENSG00000002900	SLC707	17.36	0.0	0	-1.5972	CELL_CYCLE_G2M_CHECKPOINT;INTERFERON_ALPHA_RESPONSE;IL6_JAK_STAT3_SIGNALING
ENSG00000002901	PXN427	765.84	0.0	0	0.2355	APOPTOSIS
ENSG00000002902	SLC516	311.4	0.0	0	-0.3356	INTERFERON_ALPHA_RESPONSE
ENSG00000002903	VCL280	98.02	0.0	0	0.3779	
ENSG00000002904	CYP117	213.91	0.0	0	-1.0144	
ENSG00000002905	DYNC816	6.76	0.0	0	0.1749	
ENSG00000002906	SMARC162	3.14	0.0	0	0.528	ESTROGEN_RESPONSE
ENSG00000002907	SEC332	3.01	0.0	0	0.1167	INTERFERON_GAMMA_RESPONSE
ENSG00000002908	SIRT606	10.23	0.0	0	-0.9182	UNFOLDED_PROTEIN_RESPONSE;IL6_JAK_STAT3_SIGNALING;HEDGEHOG_SIGNALING
ENSG00000002909	MYC	1277.02	-2.5891	1	-0.1535	AUTOPHAGY;INFLAMMATORY_RESPONSE
ENSG00000002910	OR655	16.2	0.0	0	0.0863	
ENSG00000002911	H2AF886	29.3	0.0	0	-1.0168	FATTY_ACID_METABOLISM;NOTCH_SIGNALING
ENSG00000002912	SNX737	130.68	0.0	0	1.1674	
ENSG00000002913	ANK667	54.39	0.0	0	0.4299	
ENSG00000002914	SIRT838	7.63	0.0	0	-0.3066	MRNA_SPLICING
ENSG00000002915	FBXO875	334.08	0.0	0	0.7808	
ENSG00000002916	ADRB817	79.48	0.0	0	-0.2609	DNA_REPAIR;TGF_BETA_SIGNALING
ENSG00000002917	ADRB744	80.14	0.0	0	-1.0252	HYPOXIA
ENSG00000002918	PPP2R561	158.44	0.0	0	0.8336	
ENSG00000002919	DRD697	7.27	0.0	0	-0.2414	
ENSG00000002920	PLC418	12.81	0.0	0	0.7096	
ENSG00000002921	DHX700	20.08	0.0	0	0.2582	PROTEIN_SECRETION
ENSG00000002922	RAB11FIP56	83.99	0.0	0	-0.6535	
ENSG00000002923	MMP695	19.12	0.0	0	0.0888	INTERFERON_ALPHA_RESPONSE;NOTCH_SIGNALING
ENSG00000002924	CACN467	2.41	0.0	0	-0.195	
ENSG00000002925	UGT191	9924.72	0.0	0	-0.5559	EPITHELIAL_MESENCHYMAL_TRANSITION
ENSG00000002926	BRD123	5.63	0.0	0	-0.342	
ENSG00000002927	TMEM748	0.78	0.0	0	0.2175	MAPK_SIGNALING
ENSG00000002928	SUZ707	16.13	0.0	0	-0.4347	
ENSG00000002929	DYNC803	11.19	0.0	0	0.4578	
ENSG00000002930	DYNC440	8.73	0.0	0	0.4989	INTERFERON_ALPHA_RESPONSE
ENSG00000002931	TLN89	399.07	0.0	0	-0.0009	MYOGENESIS
ENSG00000002932	TOMM232	52.12	0.0	0	-0.1659	HEDGEHOG_SIGNALING
ENSG00000002933	DYNC576	1.66	0.0	0	0.0597	
ENSG00000002934	DRD849	14.84	0.0	0	0.8956	
ENSG00000002935	KRT80	7.36	0.0	0	-0.88	
ENSG00000002936	COPB687	103.88	0.0	0	0.4796	
ENSG00000002937	ARID346	347.46	0.0	0	2.0436	
ENSG00000002938	H2AF638	19.3	0.0	0	0.6652	
ENSG00000002939	SMARC369	106.05	0.0	0	-0.7874	OXIDATIVE_PHOSPHORYLATION
ENSG00000002940	SIRT338	18.92	0.0	0	-0.8086	WNT_BETA_CATENIN_SIGNALING;ESTROGEN_RESPONSE;PEROXISOME
ENSG00000002941	SCN420	17.39	0.0	0	0.0544	EXTRACELLULAR_MATRIX_ORGANIZATION
ENSG00000002942	MAPK39	16.87	0.0	0	-0.4483	HEDGEHOG_SIGNALING
ENSG00000002943	ADRB441	106.5	0.8702	1	0.0197	MYOGENESIS
ENSG00000002944	KMT2601	322.35	0.0	0	-0.3563	
ENSG00000002945	HIST1H773	45.36	0.0	0	0.8244	WNT_BETA_CATENIN_SIGNALING;NOTCH_SIGNALING;PI3K_AKT_MTOR_SIGNALING
ENSG00000002946	EIF555	4600.55	0.0	0	1.3365	OXIDATIVE_PHOSPHORYLATION;AUTOPHAGY
ENSG00000002947	RPL84	75.46	0.0	0	0.2118	HEDGEHOG_SIGNALING
ENSG00000002948	SMAD2	106.73	1.715	1	0.443	TNFA_SIGNALING_VIA_NFKB
ENSG00000002949	SNX791	27.69	-1.001	1	1.0894	
ENSG00000002950	GLI1	2.3	0.0	0	-0.7235	
ENSG00000002951	EZH439	23.09	0.0	0	-1.0846	
ENSG00000002952	PPP2R649	13.02	0.0	0	1.6785	
ENSG00000002953	SUZ654	8.78	0.0	0	-2.2089	
ENSG00000002954	PRKC837	644.13	0.0	0	-0.4317	
ENSG00000002955	DDX142	99.28	0.0	0	0.9544	
ENSG00000002956	PKM	4.21	0.0	0	-1.9758	TGF_BETA_SIGNALING
ENSG00000002957	ADAM440	1.87	0.0	0	-0.6175	EXTRACELLULAR_MATRIX_ORGANIZATION;HEDGEHOG_SIGNALING
ENSG00000002958	HTR611	13.38	0.0	0	-1.0955	ANGIOGENESIS
ENSG00000002959	ATAD584	27.83	0.0	0	1.5082	
ENSG00000002960	GRIN241	57.31	0.0	0	-0.7605	OXIDATIVE_PHOSPHORYLATION;AUTOPHAGY
ENSG00000002961	GABR581	1657.75	0.0	0	0.1196	
ENSG00000002962	VCL482	20.0	0.0	0	-1.0756	PI3K_AKT_MTOR_SIGNALING
ENSG00000002963	MYO764	9.41	0.0	0	-0.7897	COMPLEMENT_CASCADE
ENSG00000002964	TIMM91	375.22	0.0	0	0.2556	
ENSG00000002965	EIF68	16.7	0.0	0	0.0652	
ENSG00000002966	SMARC409	7.82	0.0	0	0.6606	
ENSG00000002967	UBE2285	96.34	0.0	0	-0.6432	
ENSG00000002968	STAT1	81.83	0.0	0	0.3981	E2F_TARGETS
ENSG00000002969	MAPK879	28.23	0.0	0	-1.8651	
ENSG00000002970	PPP1R857	72.47	0.0	0	-0.3763	INTERFERON_ALPHA_RESPONSE
ENSG00000002971	OR374	36.98	0.0	0	-0.4453	MRNA_SPLICING
ENSG00000002972	SNX357	7.18	0.0	0	-0.1573	
ENSG00000002973	DHX559	11.22	0.0	0	-0.4119	FATTY_ACID_METABOLISM
ENSG00000002974	DNMT582	257.17	0.0	0	0.1378	
ENSG00000002975	PPP1R198	436.86	0.0	0	-0.2726	
ENSG00000002976	KRT45	95.87	0.0	0	0.8251	
ENSG00000002977	TLN107	4.6	0.0	0	0.5956	
ENSG00000002978	GNA209	10.04	0.0	0	-0.1418	PI3K_AKT_MTOR_SIGNALING
ENSG00000002979	RAB672	34.54	0.0	0	0.8279	ESTROGEN_RESPONSE
ENSG00000002980	RHO401	47.16	-0.8529	1	0.3974	PI3K_AKT_MTOR_SIGNALING
ENSG00000002981	EZH370	3.67	0.0	0	0.0897	
ENSG00000002982	ARF184	45.44	0.0	0	-0.6881	CELL_CYCLE_G2M_CHECKPOINT
ENSG00000002983	DHX890	70.76	0.0	0	-1.4008	
ENSG00000002984	EIF777	2217.12	0.0	0	-0.323	FATTY_ACID_METABOLISM;INTERFERON_GAMMA_RESPONSE
ENSG00000002985	TLN544	1.81	0.0	0	-0.4682	PI3K_AKT_MTOR_SIGNALING
ENSG00000002986	PPP2R563	83.58	0.0	0	-0.2297	
ENSG00000002987	MT-ND4	20237.62	0.0	0	0.8021	
ENSG00000002988	KMT2270	40.6	0.0	0	-0.6876	
ENSG00000002989	TLN184	27.3	0.0	0	0.0819	
ENSG00000002990	SEC770	44.2	0.0	0	0.1504	
ENSG00000002991	DRD16	223.29	0.0	0	0.3582	
ENSG00000002992	GNA144	266.01	0.0	0	0.1048	CHOLESTEROL_HOMEOSTASIS;P53_SIGNALING
ENSG00000002993	TET777	5.92	0.0	0	-0.1149	
ENSG00000002994	CACN275	10.25	0.0	0	-0.0841	
ENSG00000002995	ARF398	228.84	0.0	0	-1.121	CELL_CYCLE_G2M_CHECKPOINT
ENSG00000002996	DDX615	177.81	0.0	0	-1.1454	
ENSG00000002997	TOMM621	32.12	0.0	0	-0.5264	
ENSG00000002998	SIRT357	107.81	0.0	0	0.3007	
ENSG00000002999	GNA381	43.96	0.0	0	0.8912	FATTY_ACID_METABOLISM
ENSG00000003000	ADAM183	6.73	0.0	0	-0.8824	MRNA_SPLICING
ENSG00000003001	USP439	22.86	0.0	0	0.6815	REACTIVE_OXYGEN_SPECIES
ENSG00000003002	ANAPC624	1.07	0.0	0	0.9607	ANDROGEN_RESPONSE
ENSG00000003003	RPS456	1.96	0.0	0	-0.2152	HYPOXIA
ENSG00000003004	EIF523	22.04	0.0	0	0.3257	CELL_CYCLE_G2M_CHECKPOINT
ENSG00000003005	TOMM403	0.65	0.0	0	-0.9636	APOPTOSIS
ENSG00000003006	MMP149	152.93	0.0	0	-0.8737	WNT_BETA_CATENIN_SIGNALING
ENSG00000003007	DUSP330	24.98	0.0	0	-1.0001	
ENSG00000003008	KDM575	25.28	0.0	0	0.3964	TGF_BETA_SIGNALING
ENSG00000003009	EZH663	15560.77	0.0	0	-0.2476	WNT_BETA_CATENIN_SIGNALING
ENSG00000003010	GABR725	4428.33	0.0	0	1.3706	
ENSG00000003011	GNA66	9.25	0.0	0	-0.8698	
ENSG00000003012	PPP1R90	8.93	0.0	0	0.4409	ESTROGEN_RESPONSE
ENSG00000003013	ANK709	4.33	0.0	0	-0.1349	
ENSG00000003014	SLC870	131.89	0.0	0	-0.2791	ANGIOGENESIS;SPERMATOGENESIS
ENSG00000003015	BRD425	4.91	0.0	0	-0.0103	HEDGEHOG_SIGNALING;MAPK_SIGNALING
ENSG00000003016	SEC335	1.39	0.0	0	0.9826	
ENSG00000003017	CACN681	3.04	0.0	0	-0.6004	INTERFERON_ALPHA_RESPONSE
ENSG00000003018	RNF687	3.09	0.0	0	-0.323	
ENSG00000003019	MYO104	885.08	0.0	0	0.3944	EPITHELIAL_MESENCHYMAL_TRANSITION;SPERMATOGENESIS
ENSG00000003020	SMAD4	29.82	2.9494	1	0.6553	UNFOLDED_PROTEIN_RESPONSE;TNFA_SIGNALING_VIA_NFKB;MAPK_SIGNALING
ENSG00000003021	CHRM172	526.14	0.0	0	1.0685	AUTOPHAGY;WNT_BETA_CATENIN_SIGNALING
ENSG00000003022	CYP260	111.61	0.0	0	1.2996	PI3K_AKT_MTOR_SIGNALING
ENSG00000003023	KIF41	27.78	0.0	0	-0.3031	IL6_JAK_STAT3_SIGNALING
ENSG00000003024	DHX552	239.13	0.0	0	1.123	
ENSG00000003025	GABR461	326.93	0.0	0	0.5682	WNT_BETA_CATENIN_SIGNALING
ENSG00000003026	ANK73	190.64	0.0	0	-1.0376	
ENSG00000003027	H2AF29	22.87	0.0	0	-0.0144	INTERFERON_GAMMA_RESPONSE;ANGIOGENESIS;MYC_TARGETS
ENSG00000003028	KCN572	32.44	0.0	0	0.4999	ANGIOGENESIS
ENSG00000003029	HTR123	27.81	0.0	0	0.4032	
ENSG00000003030	KDM691	923.65	0.0	0	-0.0598	CHOLESTEROL_HOMEOSTASIS;APOPTOSIS;PI3K_AKT_MTOR_SIGNALING
ENSG00000003031	SKP513	16.4	0.0	0	-0.9613	
ENSG00000003032	DRD80	140.0	0.0	0	-0.2704	GLYCOLYSIS
ENSG00000003033	KMT2807	18.61	0.0	0	-0.3594	
ENSG00000003034	RORC	12.75	0.0	0	1.1032	
ENSG00000003035	SUZ734	21.16	0.0	0	-0.497	ADIPOGENESIS
ENSG00000003036	TIMM686	192.1	0.0	0	0.1004	DNA_REPAIR;UNFOLDED_PROTEIN_RESPONSE
ENSG00000003037	MRPL463	11.56	0.0	0	-0.8798	
ENSG00000003038	MRPS813	58.01	0.0	0	0.1848	ANDROGEN_RESPONSE
ENSG00000003039	SCN867	54.92	0.0	0	0.2914	
ENSG00000003040	RHO668	1.74	0.0	0	0.7092	P53_SIGNALING
ENSG00000003041	USP52	30.67	0.0	0	0.6196	P53_SIGNALING;AUTOPHAGY;INFLAMMATORY_RESPONSE;NOTCH_SIGNALING;RIBOSOME_BIOGENESIS
ENSG00000003042	ADRB320	0.77	0.0	0	0.7037	
ENSG00000003043	VPS171	7.32	0.0	0	0.2277	INTERFERON_ALPHA_RESPONSE;COAGULATION
ENSG00000003044	PPP1R139	12.88	0.0	0	-0.4554	
ENSG00000003045	CUL79	331.42	0.0	0	0.3994	AUTOPHAGY;UNFOLDED_PROTEIN_RESPONSE;COAGULATION;ANGIOGENESIS
ENSG00000003046	TMEM632	103.2	0.0	0	0.3236	
ENSG00000003047	VCL235	26.18	0.0	0	-0.724	EPITHELIAL_MESENCHYMAL_TRANSITION
ENSG00000003048	MRPL627	158.17	0.0	0	0.6421	EPITHELIAL_MESENCHYMAL_TRANSITION
ENSG00000003049	CYP396	0.75	0.0	0	-0.6722	P53_SIGNALING
ENSG00000003050	DRD709	1.16	0.0	0	0.5376	P53_SIGNALING
ENSG00000003051	RHO391	0.29	0.0	0	0.278	ANDROGEN_RESPONSE
ENSG00000003052	CACN181	28.25	0.0	0	0.7435	IL6_JAK_STAT3_SIGNALING
ENSG00000003053	SMARC305	41.96	0.0	0	-0.8812	
ENSG00000003054	CACN119	165.81	0.0	0	-0.8189	
ENSG00000003055	COPB561	23.27	0.0	0	-0.2569	UNFOLDED_PROTEIN_RESPONSE
ENSG00000003056	MRPS660	86.61	0.0	0	0.0712	PI3K_AKT_MTOR_SIGNALING
ENSG00000003057	CHRM29	657.21	0.0	0	0.8219	
ENSG00000003058	RPS710	21.71	0.0	0	0.0541	
ENSG00000003059	BRD394	3.43	0.0	0	-0.013	NOTCH_SIGNALING
ENSG00000003060	PPP2R836	13.49	0.0	0	0.1231	COMPLEMENT_CASCADE
ENSG00000003061	RPL407	14.42	0.0	0	1.5428	P53_SIGNALING
ENSG00000003062	TIMM362	319.07	0.0	0	0.7092	
ENSG00000003063	MMP200	17.35	0.0	0	0.5142	COMPLEMENT_CASCADE
ENSG00000003064	GABR209	771.28	0.0	0	-0.2786	CELL_CYCLE_G2M_CHECKPOINT
ENSG00000003065	GABR833	5.96	0.0	0	0.4113	
ENSG00000003066	MAPK719	0.67	0.0	0	0.2954	FATTY_ACID_METABOLISM
ENSG00000003067	KIF674	3.03	0.0	0	-0.4552	HYPOXIA;MAPK_SIGNALING
ENSG00000003068	KCN371	0.86	0.0	0	-1.0815	EPITHELIAL_MESENCHYMAL_TRANSITION
ENSG00000003069	UGT722	34.97	0.0	0	0.435	
ENSG00000003070	GABR882	95.9	0.0	0	-0.2148	COAGULATION
ENSG00000003071	TLN818	859.08	0.0	0	1.2557	
ENSG00000003072	RAB493	34.71	0.0	0	0.1154	DNA_REPAIR;PI3K_AKT_MTOR_SIGNALING
ENSG00000003073	FBXO429	0.16	0.0	0	1.6819	
ENSG00000003074	DYNC627	688.62	0.0	0	-0.0635	
ENSG00000003075	ACTN46	158.16	0.0	0	0.7315	EPITHELIAL_MESENCHYMAL_TRANSITION
ENSG00000003076	ARID245	1.08	0.0	0	-0.2443	
ENSG00000003077	FBXO574	4.39	0.0	0	0.2528	
ENSG00000003078	KIF55	5.59	0.0	0	0.0494	
ENSG00000003079	CHRM795	12.98	0.0	0	0.0982	
ENSG00000003080	UGT325	5.85	0.0	0	-0.7672	OXIDATIVE_PHOSPHORYLATION;MAPK_SIGNALING;MYOGENESIS
ENSG00000003081	ABC615	460.47	0.0	0	1.666	
ENSG00000003082	RNF383	518.4	0.0	0	1.1588	CELL_CYCLE_G2M_CHECKPOINT;AUTOPHAGY;EXTRACELLULAR_MATRIX_ORGANIZATION
ENSG00000003083	KDM662	59.18	0.0	0	0.7372	WNT_BETA_CATENIN_SIGNALING
ENSG00000003084	PRKC54	7.12	0.0	0	-1.1835	
ENSG00000003085	SNX689	231.53	0.0	0	0.9234	SPERMATOGENESIS
ENSG00000003086	VPS770	9.77	0.0	0	-0.5086	REACTIVE_OXYGEN_SPECIES
ENSG00000003087	TIMM749	1.34	0.0	0	1.1229	
ENSG00000003088	ACTN563	7.39	0.0	0	-0.4478	
ENSG00000003089	OR618	9.34	0.0	0	-0.7723	
ENSG00000003090	PRKC821	80.0	0.0	0	-0.6026	
ENSG00000003091	KRT796	8.1	0.0	0	0.3018	COAGULATION
ENSG00000003092	RAB11FIP173	51.09	1.6821	1	-0.4993	
ENSG00000003093	KDM500	68.55	0.0	0	0.5608	TGF_BETA_SIGNALING
ENSG00000003094	UBE2599	3.32	0.0	0	-0.7256	
ENSG00000003095	ZNF656	8.32	0.0	0	0.9156	
ENSG00000003096	FBXO164	42.81	0.0	0	-0.4621	
ENSG00000003097	PRKC470	38.8	0.0	0	-0.7394	
ENSG00000003098	SLC193	9.79	0.0	0	-0.4718	
ENSG00000003099	ARF255	492.95	0.0	0	0.7256	WNT_BETA_CATENIN_SIGNALING
ENSG00000003100	CUL246	53.22	0.0	0	-1.3878	
ENSG00000003101	KDM480	4.11	0.0	0	-0.5894	
ENSG00000003102	HTR542	79.2	0.0	0	-0.5449	
ENSG00000003103	KMT2735	24.3	0.0	0	0.0462	
ENSG00000003104	FLT1	216.18	1.997	1	-0.3585	TNFA_SIGNALING_VIA_NFKB
ENSG00000003105	TRIM392	208.95	0.0	0	-1.0335	XENOBIOTIC_METABOLISM
ENSG00000003106	SUZ239	70.7	0.0	0	0.5426	
ENSG00000003107	KCN734	129.06	0.0	0	1.4411	MYC_TARGETS;ESTROGEN_RESPONSE
ENSG00000003108	CDC34	180.9	0.0	0	0.666	
ENSG00000003109	USP869	36.32	0.0	0	0.296	
ENSG00000003110	GABR193	1.28	0.0	0	0.5497	
ENSG00000003111	DNMT895	54.61	0.0	0	-0.6271	
ENSG00000003112	SUZ254	377.43	0.0	0	-0.8531	
ENSG00000003113	SIRT721	7.44	0.0	0	-0.1031	
ENSG00000003114	BRD112	111.25	0.0	0	1.4223	
ENSG00000003115	HDAC368	290.73	0.0	0	-1.1064	
ENSG00000003116	FN1	14.77	0.0	0	-0.71	
ENSG00000003117	SMARC780	35.34	0.0	0	-0.1195	
ENSG00000003118	PXN106	151.15	0.0	0	-0.795	ESTROGEN_RESPONSE
ENSG00000003119	H2AF840	18.95	0.0	0	0.3736	ANGIOGENESIS;EXTRACELLULAR_MATRIX_ORGANIZATION
ENSG00000003120	ABC270	1062.47	0.0	0	1.2811	COAGULATION
ENSG00000003121	RAB627	94.33	0.0	0	2.5896	CHOLESTEROL_HOMEOSTASIS;ADIPOGENESIS
ENSG00000003122	FBXO657	38.52	0.0	0	0.3667	
ENSG00000003123	ARF309	2729.07	0.0	0	-0.759	UNFOLDED_PROTEIN_RESPONSE
ENSG00000003124	HIST1H225	18.73	0.0	0	1.2477	RIBOSOME_BIOGENESIS
ENSG00000003125	SNX213	139.79	0.0	0	0.6541	P53_SIGNALING
ENSG00000003126	RPS593	12.43	0.0	0	0.1728	
ENSG00000003127	MRPS289	3.77	0.0	0	1.0001	
ENSG00000003128	H2AF232	7.21	0.0	0	-0.191	
ENSG00000003129	SMARC648	57.71	0.0	0	-0.1905	IL6_JAK_STAT3_SIGNALING
ENSG00000003130	KDM798	342.69	0.0	0	-0.8233	
ENSG00000003131	GABR364	567.79	0.0	0	-0.6319	IL6_JAK_STAT3_SIGNALING
ENSG00000003132	ANAPC164	23.52	0.0	0	-0.3816	PROTEIN_SECRETION
ENSG00000003133	DYNC696	6.23	0.0	0	-0.935	PI3K_AKT_MTOR_SIGNALING
ENSG00000003134	KCN623	134.1	0.0	0	-1.0368	
ENSG00000003135	EZH371	26.01	0.0	0	1.5393	P53_SIGNALING;TGF_BETA_SIGNALING
ENSG00000003136	COPB363	329.66	0.0	0	0.1391	
ENSG00000003137	DHX154	123.46	0.0	0	-0.4596	COMPLEMENT_CASCADE;SPERMATOGENESIS;PROTEIN_SECRETION
ENSG00000003138	SNX885	17.79	0.0	0	0.0632	
ENSG00000003139	SDHB	48.82	2.9866	1	-0.6166	INFLAMMATORY_RESPONSE
ENSG00000003140	CDC373	10.12	0.0	0	1.6155	MYC_TARGETS
ENSG00000003141	RAB11FIP420	7.99	0.0	0	-0.6675	
ENSG00000003142	BRD406	7.74	0.0	0	-0.0362	
ENSG00000003143	SNX446	4.53	0.0	0	-0.7296	
ENSG00000003144	HTR472	103.68	0.0	0	-0.2485	NOTCH_SIGNALING
ENSG00000003145	HDAC896	204.08	0.0	0	-0.0961	
ENSG00000003146	MYO716	112.22	0.0	0	-0.6659	MAPK_SIGNALING
ENSG00000003147	DDX895	32.98	0.0	0	0.9551	EXTRACELLULAR_MATRIX_ORGANIZATION
ENSG00000003148	DYNC544	12.87	0.0	0	0.0278	INTERFERON_ALPHA_RESPONSE;MYC_TARGETS
ENSG00000003149	TIMM471	104.97	0.0	0	-0.9573	OXIDATIVE_PHOSPHORYLATION;INTERFERON_GAMMA_RESPONSE;PROTEIN_SECRETION
ENSG00000003150	SEC224	3.57	0.0	0	1.7916	OXIDATIVE_PHOSPHORYLATION;NOTCH_SIGNALING
ENSG00000003151	KDM414	46.31	0.0	0	-0.0024	UNFOLDED_PROTEIN_RESPONSE
ENSG00000003152	PPP1R759	1647.31	0.0	0	-1.1878	
ENSG00000003153	COL102	12.62	0.0	0	0.0948	
ENSG00000003154	DUSP890	1.38	0.0	0	-0.4053	WNT_BETA_CATENIN_SIGNALING
ENSG00000003155	PPP2R176	623.21	0.0	0	-0.0605	
ENSG00000003156	TOMM430	11.99	0.0	0	0.4397	
ENSG00000003157	TUBB438	9.33	0.0	0	0.1224	P53_SIGNALING
ENSG00000003158	DYNC116	112.24	0.0	0	0.3338	
ENSG00000003159	DYNC297	5755.12	0.0	0	-0.0329	P53_SIGNALING;COMPLEMENT_CASCADE
ENSG00000003160	CUL96	90.35	0.0	0	-0.1131	
ENSG00000003161	ATAD25	48.82	0.0	0	-0.0442	P53_SIGNALING
ENSG00000003162	ACTN229	83.78	0.0	0	-0.4221	MYC_TARGETS
ENSG00000003163	RAB11FIP122	471.32	0.0	0	-0.7554	FATTY_ACID_METABOLISM;EPITHELIAL_MESENCHYMAL_TRANSITION;MAPK_SIGNALING;ESTROGEN_RESPONSE
ENSG00000003164	ADRB47	88.3	0.0	0	0.1654	FATTY_ACID_METABOLISM;DNA_REPAIR;ESTROGEN_RESPONSE
ENSG00000003165	ABC258	2.7	0.0	0	-0.2543	
ENSG00000003166	GNA611	1093.74	-1.1932	1	2.5699	CELL_CYCLE_G2M_CHECKPOINT
ENSG00000003167	SNX23	380.4	0.0	0	0.0788	
ENSG00000003168	UGT431	4.34	0.0	0	0.3886	
ENSG00000003169	CHEK2	86.18	-2.3176	1	-0.5501	OXIDATIVE_PHOSPHORYLATION;HYPOXIA
ENSG00000003170	CACN106	448.47	0.0	0	0.5126	
ENSG00000003171	H2AF177	15.15	0.0	0	0.1412	COMPLEMENT_CASCADE
ENSG00000003172	CACN686	20.39	0.0	0	0.3395	
ENSG00000003173	CUL170	42.2	0.0	0	1.1082	ESTROGEN_RESPONSE;ADIPOGENESIS
ENSG00000003174	UGT898	41.59	0.0	0	-0.0244	
ENSG00000003175	RPS867	336.7	0.0	0	-1.009	
ENSG00000003176	PRKC423	16.07	0.0	0	0.3776	OXIDATIVE_PHOSPHORYLATION;WNT_BETA_CATENIN_SIGNALING
ENSG00000003177	ARF341	3.17	0.0	0	0.7255	
ENSG00000003178	SLC2A1	678.2	1.6018	1	-1.8172	HYPOXIA
ENSG00000003179	COL332	8.11	0.0	0	-1.1269	
ENSG00000003180	SCN59	1.72	0.0	0	-0.9993	
ENSG00000003181	GCK	256.51	0.0	0	0.1411	ADIPOGENESIS
ENSG00000003182	COPB862	73.69	0.0	0	0.1694	TNFA_SIGNALING_VIA_NFKB
ENSG00000003183	ARF659	4.65	0.0	0	0.2546	
ENSG00000003184	SUZ288	4.57	0.0	0	0.6812	
ENSG00000003185	BRD39	0.2	0.0	0	0.9012	CELL_CYCLE_G2M_CHECKPOINT;E2F_TARGETS
ENSG00000003186	MAPK486	70.51	0.0	0	-0.8107	NOTCH_SIGNALING;ESTROGEN_RESPONSE
ENSG00000003187	CDC138	27.82	0.0	0	0.431	APOPTOSIS
ENSG00000003188	RHO4	555.98	0.0	0	-1.218	DNA_REPAIR;PI3K_AKT_MTOR_SIGNALING
ENSG00000003189	RPS385	217.37	1.9052	1	-0.2192	INFLAMMATORY_RESPONSE
ENSG00000003190	MYO797	6.77	0.0	0	0.0666	
ENSG00000003191	RAB11FIP390	1771.17	0.0	0	0.0035	HEDGEHOG_SIGNALING
ENSG00000003192	GRIN388	888.21	0.0	0	1.6932	
ENSG00000003193	SKP551	7.51	0.0	0	-1.0578	
ENSG00000003194	SKP534	3.21	0.0	0	-0.0339	UNFOLDED_PROTEIN_RESPONSE
ENSG00000003195	TMEM248	38.83	0.0	0	0.886	FATTY_ACID_METABOLISM
ENSG00000003196	DNMT721	1.04	0.0	0	0.5851	EXTRACELLULAR_MATRIX_ORGANIZATION
ENSG00000003197	SLC280	16.12	0.0	0	0.5346	AUTOPHAGY;RIBOSOME_BIOGENESIS
ENSG00000003198	UGT541	38.2	0.0	0	0.772	
ENSG00000003199	VPS886	86.15	0.0	0	0.73	SPERMATOGENESIS
ENSG00000003200	CDC18	355.3	0.0	0	0.8538	PI3K_AKT_MTOR_SIGNALING
ENSG00000003201	CYP48	513.86	0.0	0	-0.6641	CHOLESTEROL_HOMEOSTASIS;CELL_CYCLE_G2M_CHECKPOINT;WNT_BETA_CATENIN_SIGNALING;REACTIVE_OXYGEN_SPECIES
ENSG00000003202	RPL36	433.32	0.0	0	-0.0299	
ENSG00000003203	SNX254	22.78	0.0	0	0.3392	
ENSG00000003204	RB1	5.1	0.0	0	-0.5482	XENOBIOTIC_METABOLISM
ENSG00000003205	VCL607	47.63	0.0	0	0.1894	
ENSG00000003206	CDC769	19.59	0.0	0	0.0545	
ENSG00000003207	KMT2296	1.14	0.0	0	-1.5402	
ENSG00000003208	TUBB624	26.21	0.0	0	-0.1111	
ENSG00000003209	DYNC860	1.07	0.0	0	-0.657	OXIDATIVE_PHOSPHORYLATION
ENSG00000003210	CCNB377	56.87	0.0	0	-2.4878	
ENSG00000003211	RAB374	3158.32	0.0	0	0.2866	AUTOPHAGY
ENSG00000003212	DUSP458	31.79	0.0	0	-0.7857	
ENSG00000003213	PPP1R310	25.97	0.0	0	0.0805	CHOLESTEROL_HOMEOSTASIS;WNT_BETA_CATENIN_SIGNALING
ENSG00000003214	SEC828	3.57	0.0	0	-1.1684	OXIDATIVE_PHOSPHORYLATION
ENSG00000003215	FBXO796	37.47	0.0	0	1.0614	HEDGEHOG_SIGNALING
ENSG00000003216	DNMT618	532.85	0.0	0	-0.8821	
ENSG00000003217	RPS480	40.95	0.0	0	-0.6358	
ENSG00000003218	PPP2R628	306.51	0.0	0	0.4184	EPITHELIAL_MESENCHYMAL_TRANSITION;SPERMATOGENESIS
ENSG00000003219	ANK105	1.3	0.0	0	0.0386	ESTROGEN_RESPONSE;REACTIVE_OXYGEN_SPECIES
ENSG00000003220	MRPL322	0.68	0.0	0	-1.5687	
ENSG00000003221	DRD441	356.55	0.0	0	-0.4957	
ENSG00000003222	RPS320	53.45	0.0	0	0.7088	TGF_BETA_SIGNALING
ENSG00000003223	PRKC838	117.43	0.0	0	-0.9461	AUTOPHAGY
ENSG00000003224	UGT560	5.39	0.0	0	0.9754	
ENSG00000003225	ARID894	65.32	0.0	0	-1.0442	MYOGENESIS
ENSG00000003226	KDM349	2.97	0.0	0	-1.1341	
ENSG00000003227	H2AF517	534.86	0.0	0	-0.8623	EXTRACELLULAR_MATRIX_ORGANIZATION;ESTROGEN_RESPONSE
ENSG00000003228	MAPK378	640.06	0.0	0	0.5809	
ENSG00000003229	SEC629	391.28	0.0	0	0.0256	
ENSG00000003230	RAB741	3.14	0.0	0	0.0176	
ENSG00000003231	UBE2215	141.4	0.0	0	-1.6086	
ENSG00000003232	EZH648	126.19	0.0	0	0.5996	COAGULATION
ENSG00000003233	ARID534	25.3	0.0	0	0.6236	
ENSG00000003234	COL92	28.03	0.0	0	-1.5389	
ENSG00000003235	PLC813	68.25	0.0	0	-0.9105	UNFOLDED_PROTEIN_RESPONSE;PEROXISOME
ENSG00000003236	H2AF203	561.9	0.0	0	-0.8685	
ENSG00000003237	UGT802	19.52	0.0	0	0.4786	
ENSG00000003238	SMARC584	2.38	0.0	0	0.3413	DNA_REPAIR;SPERMATOGENESIS
ENSG00000003239	UBE247	92.66	0.0	0	-0.8258	P53_SIGNALING
ENSG00000003240	DRD817	75.59	0.0	0	-1.5157	
ENSG00000003241	SEC80	16.67	0.0	0	1.154	PI3K_AKT_MTOR_SIGNALING
ENSG00000003242	DDX268	158.39	0.0	0	0.0916	CELL_CYCLE_G2M_CHECKPOINT
ENSG00000003243	KRT425	9.25	0.0	0	0.3732	
ENSG00000003244	SMARC606	27.04	0.0	0	-0.4779	UNFOLDED_PROTEIN_RESPONSE
ENSG00000003245	TRIM147	113.58	1.0514	1	0.3143	P53_SIGNALING;TNFA_SIGNALING_VIA_NFKB
ENSG00000003246	ACTN796	324.85	0.0	0	0.1689	
ENSG00000003247	CUL18	86.26	0.0	0	0.0041	NOTCH_SIGNALING;MAPK_SIGNALING
ENSG00000003248	RAB11FIP594	96.5	0.0	0	0.1768	
ENSG00000003249	ABC544	127.18	0.0	0	-1.2191	EXTRACELLULAR_MATRIX_ORGANIZATION
ENSG00000003250	GABR300	225.67	0.0	0	0.2303	
ENSG00000003251	MSH6	9.95	0.0	0	-1.9323	
ENSG00000003252	EZH700	20.82	0.0	0	-0.383	DNA_REPAIR
ENSG00000003253	UBE271	43.3	0.0	0	-1.1167	CHOLESTEROL_HOMEOSTASIS
ENSG00000003254	ZNF117	15.62	0.0	0	0.2294	REACTIVE_OXYGEN_SPECIES
ENSG00000003255	PPP1R720	99.14	0.0	0	-0.1665	DNA_REPAIR
ENSG00000003256	ANK390	300.14	0.0	0	-0.6818	RIBOSOME_BIOGENESIS
ENSG00000003257	SKP190	199.13	0.0	0	-0.8397	AUTOPHAGY
ENSG00000003258	ANK883	120.87	0.0	0	-0.0677	MAPK_SIGNALING;MYOGENESIS
ENSG00000003259	IKBKB	1.83	0.0	0	-1.1418	OXIDATIVE_PHOSPHORYLATION
ENSG00000003260	ANK732	36.56	0.0	0	0.3002	
ENSG00000003261	DDX798	0.87	0.0	0	-0.7222	
ENSG00000003262	H2AF386	61.44	0.0	0	1.0238	
ENSG00000003263	RPL712	106.46	0.0	0	-0.131	
ENSG00000003264	DRD650	287.6	0.0	0	-1.2713	ANDROGEN_RESPONSE
ENSG00000003265	MMP784	5.65	0.0	0	0.3326	MYOGENESIS
ENSG00000003266	TOMM59	11.16	0.0	0	0.4891	
ENSG00000003267	SLC4	46.28	0.0	0	0.2166	
ENSG00000003268	DHX357	2.44	0.0	0	-0.6098	
ENSG00000003269	DDX614	22.54	0.0	0	-0.2599	NOTCH_SIGNALING
ENSG00000003270	MAPK616	8.22	0.0	0	0.0999	MAPK_SIGNALING
ENSG00000003271	PPP2R328	317.42	0.0	0	0.4381	
ENSG00000003272	SPTB450	91.33	0.0	0	0.1748	
ENSG00000003273	ADAM164	172.79	0.0	0	-0.8981	CHOLESTEROL_HOMEOSTASIS
ENSG00000003274	EZH487	49.71	0.0	0	1.1814	HYPOXIA
ENSG00000003275	TRIM530	67.28	0.0	0	-0.1221	CHOLESTEROL_HOMEOSTASIS
ENSG00000003276	GNA706	16.79	0.0	0	0.9615	PI3K_AKT_MTOR_SIGNALING
ENSG00000003277	SPTB699	5.98	0.0	0	0.6831	MAPK_SIGNALING
ENSG00000003278	SOD1	168.33	2.9026	1	-0.7861	
ENSG00000003279	VPS747	24.05	0.0	0	-0.3065	
ENSG00000003280	EZH317	146.0	0.0	0	1.1241	ESTROGEN_RESPONSE
ENSG00000003281	HTR586	15.7	0.0	0	0.7303	COMPLEMENT_CASCADE;ADIPOGENESIS
ENSG00000003282	SIRT305	2541.27	0.0	0	-0.7689	REACTIVE_OXYGEN_SPECIES
ENSG00000003283	ZNF224	2.69	0.0	0	-0.0871	WNT_BETA_CATENIN_SIGNALING;HEDGEHOG_SIGNALING
ENSG00000003284	BRD798	9.21	0.0	0	0.7466	CHOLESTEROL_HOMEOSTASIS;TGF_BETA_SIGNALING
ENSG00000003285	TET316	196.18	0.0	0	-0.7219	
ENSG00000003286	ABC749	119.68	0.0	0	-0.6679	
ENSG00000003287	OR301	8.92	0.0	0	1.2144	
ENSG00000003288	ADAM653	13.42	0.0	0	1.1611	APOPTOSIS
ENSG00000003289	ARID812	541.26	0.0	0	0.6908	
ENSG00000003290	ANK848	4.46	0.0	0	0.228	CHOLESTEROL_HOMEOSTASIS;COAGULATION
ENSG00000003291	RPS748	4.22	0.0	0	0.9044	
ENSG00000003292	RPL309	21.45	0.0	0	0.5548	CHOLESTEROL_HOMEOSTASIS;IL6_JAK_STAT3_SIGNALING;MAPK_SIGNALING
ENSG00000003293	PXN289	3.85	0.0	0	-0.0297	FATTY_ACID_METABOLISM;AUTOPHAGY
ENSG00000003294	ACTN765	0.55	0.0	0	-2.5409	
ENSG00000003295	RAB11FIP276	14.02	0.0	0	0.41	
ENSG00000003296	COL637	89.23	0.0	0	0.9029	
ENSG00000003297	SMARC397	546.52	0.0	0	-0.253	NOTCH_SIGNALING
ENSG00000003298	SMARC164	4.75	0.0	0	0.7984	COAGULATION
ENSG00000003299	RPL630	179.36	-1.5733	1	-0.8914	INTERFERON_ALPHA_RESPONSE
ENSG00000003300	CDC672	12.11	0.0	0	-1.566	MYC_TARGETS
ENSG00000003301	CDC243	22.25	0.0	0	0.5971	
ENSG00000003302	ANK125	567.4	0.0	0	0.0813	UNFOLDED_PROTEIN_RESPONSE
ENSG00000003303	DRD337	54.44	0.0	0	-0.4712	APOPTOSIS
ENSG00000003304	PLC530	136.59	0.0	0	0.5824	AUTOPHAGY
ENSG00000003305	MRPL71	106.12	0.0	0	-0.3461	
ENSG00000003306	PPP1R354	1004.16	0.0	0	0.2476	
ENSG00000003307	SPTB824	36.39	0.0	0	-1.0998	CELL_CYCLE_G2M_CHECKPOINT
ENSG00000003308	DYNC664	12.14	0.0	0	-0.0701	
ENSG00000003309	DHX694	76.32	0.0	0	1.3477	
ENSG00000003310	ABC454	110.9	0.0	0	-0.7766	ESTROGEN_RESPONSE;REACTIVE_OXYGEN_SPECIES;XENOBIOTIC_METABOLISM
ENSG00000003311	SPTB225	4.7	0.0	0	-1.6362	HEDGEHOG_SIGNALING;MAPK_SIGNALING
ENSG00000003312	DUSP715	26.5	0.0	0	-1.3024	REACTIVE_OXYGEN_SPECIES
ENSG00000003313	ACTN801	308.91	0.0	0	-0.6122	
ENSG00000003314	ARID74	60.13	-1.92	1	-0.9232	INFLAMMATORY_RESPONSE
ENSG00000003315	UGT692	128.79	0.0	0	-0.4797	COMPLEMENT_CASCADE
ENSG00000003316	MYO149	166.06	0.0	0	0.1796	RIBOSOME_BIOGENESIS
ENSG00000003317	RPS723	87.25	0.0	0	-0.5562	NOTCH_SIGNALING
ENSG00000003318	SCN531	1.12	0.0	0	0.0408	FATTY_ACID_METABOLISM;AUTOPHAGY;MAPK_SIGNALING
ENSG00000003319	HIST1H674	493.04	0.0	0	1.4073	
ENSG00000003320	EGFR	17.67	0.0	0	0.3489	COAGULATION
ENSG00000003321	KCN495	26.55	0.0	0	-0.7284	ADIPOGENESIS
ENSG00000003322	RPS628	54.42	0.0	0	0.7339	REACTIVE_OXYGEN_SPECIES
ENSG00000003323	SNX821	2016.37	0.0	0	-0.284	MYC_TARGETS
ENSG00000003324	ACTN748	145.89	0.0	0	0.4922	
ENSG00000003325	TOMM9	8.79	0.0	0	0.051	
ENSG00000003326	KCN375	35.87	0.0	0	-0.3902	CHOLESTEROL_HOMEOSTASIS;INTERFERON_GAMMA_RESPONSE
ENSG00000003327	PLC14	27.29	0.0	0	-0.3042	HEDGEHOG_SIGNALING
ENSG00000003328	UBE2457	159.32	0.0	0	-1.3118	
ENSG00000003329	H2AF525	85.36	0.0	0	-0.5797	
ENSG00000003330	RNF541	160.28	0.0	0	0.8084	ESTROGEN_RESPONSE;REACTIVE_OXYGEN_SPECIES
ENSG00000003331	TET256	717.08	0.0	0	1.2755	APOPTOSIS;IL6_JAK_STAT3_SIGNALING;E2F_TARGETS
ENSG00000003332	SMARC688	516.7	0.0	0	0.308	CELL_CYCLE_G2M_CHECKPOINT
ENSG00000003333	RAB11FIP210	58.24	0.0	0	0.0012	
ENSG00000003334	DLL4	0.11	0.0	0	0.1572	ADIPOGENESIS
ENSG00000003335	HTR413	44.99	0.0	0	0.1454	IL6_JAK_STAT3_SIGNALING;ANGIOGENESIS
ENSG00000003336	PXN531	4.6	0.0	0	0.0432	
ENSG00000003337	TIMM828	312.72	0.0	0	-0.9184	TGF_BETA_SIGNALING;HEDGEHOG_SIGNALING
ENSG00000003338	SNX766	37.21	0.0	0	-0.7239	OXIDATIVE_PHOSPHORYLATION
ENSG00000003339	RAB136	3.34	0.0	0	-0.31	
ENSG00000003340	SNX362	14.31	0.0	0	0.0476	INTERFERON_ALPHA_RESPONSE
ENSG00000003341	CYP47	2477.04	0.0	0	-0.2857	NOTCH_SIGNALING;ADIPOGENESIS;REACTIVE_OXYGEN_SPECIES
ENSG00000003342	IDH1	2.86	0.0	0	0.3717	IL6_JAK_STAT3_SIGNALING
ENSG00000003343	ADRB41	23.55	0.0	0	-0.8186	INTERFERON_GAMMA_RESPONSE
ENSG00000003344	VCL808	3.67	0.0	0	0.7165	
ENSG00000003345	EIF228	46.63	1.1372	1	1.5405	P53_SIGNALING
ENSG00000003346	CYP766	40.33	0.0	0	0.4911	P53_SIGNALING
ENSG00000003347	PRKC473	396.77	0.0	0	0.7842	MAPK_SIGNALING
ENSG00000003348	ABC72	8.21	0.0	0	-0.4223	APOPTOSIS;ESTROGEN_RESPONSE;XENOBIOTIC_METABOLISM
ENSG00000003349	TRIM426	32.95	0.0	0	1.4763	
ENSG00000003350	RAB11FIP257	24.83	0.0	0	-0.7954	OXIDATIVE_PHOSPHORYLATION
ENSG00000003351	ADAM501	178.72	0.0	0	0.5287	
ENSG00000003352	ARID325	30.53	0.0	0	-0.4218	
ENSG00000003353	TSC1	282.31	-1.8917	1	-0.1743	
ENSG00000003354	PXN576	128.77	0.0	0	-0.2272	HEDGEHOG_SIGNALING
ENSG00000003355	KDM195	2.35	0.0	0	-0.3697	INTERFERON_GAMMA_RESPONSE;COMPLEMENT_CASCADE
ENSG00000003356	SNX61	12.25	0.0	0	0.6958	HEDGEHOG_SIGNALING
ENSG00000003357	VCL496	23.4	0.0	0	-0.6259	REACTIVE_OXYGEN_SPECIES
ENSG00000003358	MRPL586	458.14	0.0	0	0.2632	
ENSG00000003359	H2AF551	47.61	0.0	0	-0.6616	
ENSG00000003360	SPTB785	688.59	0.0	0	0.4572	EXTRACELLULAR_MATRIX_ORGANIZATION
ENSG00000003361	ARF181	11.64	0.0	0	0.1548	
ENSG00000003362	GABR224	113.36	0.0	0	0.4839	
ENSG00000003363	ANK13	33.06	0.0	0	-0.1907	OXIDATIVE_PHOSPHORYLATION;MYC_TARGETS
ENSG00000003364	RAB325	99.71	0.0	0	-0.3015	
ENSG00000003365	ANAPC605	272.74	0.0	0	0.9829	
ENSG00000003366	TMEM258	90.37	0.0	0	0.6812	UNFOLDED_PROTEIN_RESPONSE
ENSG00000003367	CUL55	404.94	0.0	0	-0.3621	
ENSG00000003368	H2AF834	5.38	0.0	0	0.9088	
ENSG00000003369	GRIN144	4.93	0.0	0	1.8551	PROTEIN_SECRETION
ENSG00000003370	CCNB154	236.02	0.0	0	-0.5793	AUTOPHAGY;COAGULATION;ANGIOGENESIS
ENSG00000003371	TOMM392	38.49	0.0	0	2.1335	REACTIVE_OXYGEN_SPECIES
ENSG00000003372	SMARC313	164.86	0.0	0	0.2544	
ENSG00000003373	SNX614	32.22	0.0	0	-0.4745	PI3K_AKT_MTOR_SIGNALING
ENSG00000003374	CYP386	13.96	0.0	0	-1.7333	
ENSG00000003375	ARID207	44.18	0.0	0	0.4023	
ENSG00000003376	DDX386	761.65	0.0	0	-0.0735	WNT_BETA_CATENIN_SIGNALING
ENSG00000003377	TOMM625	38.93	0.0	0	0.7322	
ENSG00000003378	DHX365	56.54	-1.3493	1	-0.0271	ADIPOGENESIS
ENSG00000003379	MYO608	56.22	0.0	0	1.8936	COAGULATION;ANGIOGENESIS
ENSG00000003380	ACTN699	69.0	0.0	0	1.0136	
ENSG00000003381	SLC83	213.69	0.0	0	-0.6236	INTERFERON_GAMMA_RESPONSE
ENSG00000003382	COL1A1	85.26	2.4078	1	0.3503	ANDROGEN_RESPONSE
ENSG00000003383	KCN598	63.83	0.0	0	-0.6256	P53_SIGNALING;INTERFERON_ALPHA_RESPONSE
ENSG00000003384	PXN884	1833.9	0.0	0	-1.3147	
ENSG00000003385	HIST1H562	26.37	0.0	0	0.4587	
ENSG00000003386	PXN358	106.72	0.0	0	-1.3622	IL6_JAK_STAT3_SIGNALING;HEDGEHOG_SIGNALING
ENSG00000003387	ANK564	10.5	0.0	0	-0.9188	
ENSG00000003388	PLC539	171.25	0.0	0	1.0566	
ENSG00000003389	GNA781	67.61	0.0	0	0.7123	P53_SIGNALING;EPITHELIAL_MESENCHYMAL_TRANSITION
ENSG00000003390	KRAS	114.84	2.1628	1	-1.3325	DNA_REPAIR
ENSG00000003391	DYNC878	5.57	0.0	0	-0.5327	WNT_BETA_CATENIN_SIGNALING;PI3K_AKT_MTOR_SIGNALING
ENSG00000003392	BRD93	110.5	0.0	0	0.9655	PROTEIN_SECRETION
ENSG00000003393	MRPL174	31.44	0.0	0	-0.6042	
ENSG00000003394	CUL603	57.27	0.0	0	0.4302	
ENSG00000003395	ANAPC61	154.39	0.0	0	0.2046	GLYCOLYSIS
ENSG00000003396	CYP502	96.48	0.0	0	-0.05	
ENSG00000003397	RAB750	88.49	0.0	0	1.1224	PROTEIN_SECRETION
ENSG00000003398	KRT845	37.06	0.0	0	-0.0456	
ENSG00000003399	HTR521	869.16	0.0	0	-0.5195	DNA_REPAIR
ENSG00000003400	ANK157	0.33	0.0	0	-0.3566	REACTIVE_OXYGEN_SPECIES
ENSG00000003401	COPB457	13.12	0.0	0	-0.0811	
ENSG00000003402	TLN613	150.91	0.0	0	0.1344	EXTRACELLULAR_MATRIX_ORGANIZATION
ENSG00000003403	CDC106	966.56	0.0	0	0.2715	EPITHELIAL_MESENCHYMAL_TRANSITION
ENSG00000003404	MRPS835	37.13	0.0	0	0.5683	WNT_BETA_CATENIN_SIGNALING;PI3K_AKT_MTOR_SIGNALING
ENSG00000003405	ANAPC529	10.99	0.0	0	-0.7474	RIBOSOME_BIOGENESIS
ENSG00000003406	KCN419	1.21	0.0	0	1.1179	
ENSG00000003407	XRCC1	156.69	2.2091	1	0.8472	
ENSG00000003408	DRD639	9.33	0.0	0	0.833	APOPTOSIS
ENSG00000003409	UBE2390	1.59	0.0	0	0.6627	CHOLESTEROL_HOMEOSTASIS
ENSG00000003410	SUZ575	12.43	0.0	0	-0.0031	
ENSG00000003411	FBXO182	24.52	0.0	0	-0.1852	
ENSG00000003412	ANAPC65	2114.73	0.0	0	-0.4408	ADIPOGENESIS
ENSG00000003413	UBE2523	134.03	0.0	0	0.5263	
ENSG00000003414	KDM815	108.44	0.0	0	0.0234	
ENSG00000003415	BRD765	80.57	0.0	0	1.6754	
ENSG00000003416	TIMM58	0.27	0.0	0	-0.9321	MRNA_SPLICING
ENSG00000003417	HNF1A	29.47	2.8986	1	0.2664	PI3K_AKT_MTOR_SIGNALING
ENSG00000003418	TRIM771	44.01	0.0	0	0.6697	
ENSG00000003419	RPS535	10.52	0.0	0	1.1686	OXIDATIVE_PHOSPHORYLATION
ENSG00000003420	RPS681	21.15	0.0	0	-0.3539	FATTY_ACID_METABOLISM
ENSG00000003421	MAPK759	2.18	0.0	0	0.2974	
ENSG00000003422	RNF179	50.32	0.0	0	0.0027	
ENSG00000003423	SCN216	28.92	0.0	0	-1.2934	
ENSG00000003424	DUSP842	33.79	0.0	0	-0.1746	EXTRACELLULAR_MATRIX_ORGANIZATION
ENSG00000003425	CACN319	194.02	0.0	0	0.3033	HEDGEHOG_SIGNALING
ENSG00000003426	CCNB499	4.47	0.0	0	-0.0044	CELL_CYCLE_G2M_CHECKPOINT;HYPOXIA
ENSG00000003427	CUL760	93.64	0.0	0	-1.0721	WNT_BETA_CATENIN_SIGNALING
ENSG00000003428	UBE2286	34.62	0.0	0	-0.7255	UNFOLDED_PROTEIN_RESPONSE
ENSG00000003429	RNF233	72.29	0.0	0	1.3269	P53_SIGNALING
ENSG00000003430	SKP465	2885.17	0.0	0	-0.3091	
ENSG00000003431	SEC605	17.52	0.0	0	0.0287	ANGIOGENESIS;TGF_BETA_SIGNALING
ENSG00000003432	ADAM777	8.25	0.0	0	0.4857	
ENSG00000003433	FBXO887	27.68	0.0	0	0.8755	AUTOPHAGY
ENSG00000003434	ARF439	154.66	0.0	0	0.0793	
ENSG00000003435	BRD831	289.95	0.0	0	0.4894	ESTROGEN_RESPONSE
ENSG00000003436	VPS499	0.98	0.0	0	0.1144	EXTRACELLULAR_MATRIX_ORGANIZATION
ENSG00000003437	CCNB363	37.11	0.0	0	0.2328	TGF_BETA_SIGNALING
ENSG00000003438	MRPL181	308.11	0.0	0	0.2174	
ENSG00000003439	KDM656	59.7	0.0	0	-1.0267	PI3K_AKT_MTOR_SIGNALING;PEROXISOME
ENSG00000003440	UBE2138	12.17	0.0	0	-0.4944	EPITHELIAL_MESENCHYMAL_TRANSITION
ENSG00000003441	USP895	38.53	1.771	1	-1.0788	INFLAMMATORY_RESPONSE;HEDGEHOG_SIGNALING
ENSG00000003442	CCNB420	213.19	0.0	0	1.6639	EXTRACELLULAR_MATRIX_ORGANIZATION
ENSG00000003443	RNF515	108.33	0.0	0	0.4181	UNFOLDED_PROTEIN_RESPONSE;MAPK_SIGNALING;ESTROGEN_RESPONSE
ENSG00000003444	DRD623	6.89	0.0	0	-0.3051	
ENSG00000003445	CYP132	44.33	0.0	0	-0.4435	NOTCH_SIGNALING
ENSG00000003446	ABC433	35.34	0.0	0	-0.5665	HEDGEHOG_SIGNALING
ENSG00000003447	PLC467	0.3	0.0	0	0.7568	GLYCOLYSIS
ENSG00000003448	PRKC308	24.34	0.0	0	-0.4761	
ENSG00000003449	SEC75	7.07	0.0	0	0.3474	
ENSG00000003450	ARF433	249.14	1.4806	1	1.4106	HYPOXIA
ENSG00000003451	EIF379	6.92	0.0	0	-1.1146	
ENSG00000003452	GRIN619	4.24	0.0	0	-0.0731	
ENSG00000003453	ARID858	33.97	0.0	0	-0.8846	EXTRACELLULAR_MATRIX_ORGANIZATION
ENSG00000003454	SCN591	23.46	0.0	0	1.2316	COMPLEMENT_CASCADE;HEDGEHOG_SIGNALING
ENSG00000003455	HTR726	4.39	0.0	0	-0.3159	
ENSG00000003456	ATAD477	1.26	0.0	0	-0.0893	FATTY_ACID_METABOLISM
ENSG00000003457	DUSP761	307.99	0.0	0	-0.139	
ENSG00000003458	PPP1R497	97.35	0.0	0	-0.5697	DNA_REPAIR
ENSG00000003459	CYP857	1.06	0.0	0	1.6305	UNFOLDED_PROTEIN_RESPONSE
ENSG00000003460	COL415	14.91	0.0	0	0.5156	ESTROGEN_RESPONSE
ENSG00000003461	SNX479	112.89	0.0	0	-0.402	
ENSG00000003462	ESR1	54.59	2.1072	1	-0.0366	
ENSG00000003463	ACTN157	44.05	0.0	0	0.2912	APOPTOSIS
ENSG00000003464	TRIM449	11.73	0.0	0	-0.547	DNA_REPAIR;INTERFERON_ALPHA_RESPONSE
ENSG00000003465	MAPK727	111.26	1.6846	1	-2.0008	ESTROGEN_RESPONSE
ENSG00000003466	UBE2730	168.57	0.0	0	-0.4293	
ENSG00000003467	ANK503	3.26	0.0	0	0.053	MYC_TARGETS
ENSG00000003468	ZNF286	1.02	0.0	0	-0.3895	IL6_JAK_STAT3_SIGNALING
ENSG00000003469	TMEM721	213.95	0.0	0	-1.0048	HYPOXIA
ENSG00000003470	TET324	12.62	0.0	0	0.5113	
ENSG00000003471	SPTB874	99.64	0.0	0	0.3549	UNFOLDED_PROTEIN_RESPONSE
ENSG00000003472	MRPS327	57.71	0.0	0	-0.2401	PI3K_AKT_MTOR_SIGNALING
ENSG00000003473	RPL13A	11522.23	0.0	0	-0.0296	
ENSG00000003474	SNX301	3.41	0.0	0	-0.3552	
ENSG00000003475	ANAPC43	5.45	0.0	0	0.9887	
ENSG00000003476	SEC250	0.57	0.0	0	-1.676	
ENSG00000003477	KCN313	35.61	0.0	0	0.612	INTERFERON_GAMMA_RESPONSE;MYC_TARGETS;PROTEIN_SECRETION
ENSG00000003478	SNX339	3.14	0.0	0	0.5501	
ENSG00000003479	ANAPC57	34.07	0.0	0	-0.9727	
ENSG00000003480	KDM324	6.43	0.0	0	-0.1146	
ENSG00000003481	UGT332	15.01	0.0	0	-0.1181	
ENSG00000003482	VCL377	0.18	0.0	0	-0.8122	INTERFERON_ALPHA_RESPONSE;EXTRACELLULAR_MATRIX_ORGANIZATION
ENSG00000003483	ANAPC795	183.93	0.0	0	-0.2712	OXIDATIVE_PHOSPHORYLATION
ENSG00000003484	SCN498	0.51	0.0	0	0.0448	UNFOLDED_PROTEIN_RESPONSE;PROTEIN_SECRETION
ENSG00000003485	ACTN809	33.24	1.0101	1	0.4343	INFLAMMATORY_RESPONSE
ENSG00000003486	TLN149	212.37	0.0	0	1.4833	WNT_BETA_CATENIN_SIGNALING
ENSG00000003487	SCN416	37.73	0.0	0	0.0464	
ENSG00000003488	BRD723	29.48	1.8793	1	-0.313	FATTY_ACID_METABOLISM;INFLAMMATORY_RESPONSE;INTERFERON_GAMMA_RESPONSE
ENSG00000003489	CTNNB1	17.9	0.0	0	-0.1889	
ENSG00000003490	MRPL562	2.43	0.0	0	-0.1854	
ENSG00000003491	MAPK240	8.77	0.0	0	-0.8868	ANDROGEN_RESPONSE;MRNA_SPLICING
ENSG00000003492	ANAPC55	9.1	0.0	0	-0.3083	WNT_BETA_CATENIN_SIGNALING
ENSG00000003493	FBXO690	5.43	0.0	0	-0.8613	INTERFERON_ALPHA_RESPONSE
ENSG00000003494	SNX29	8.41	0.0	0	-0.7551	COMPLEMENT_CASCADE;NOTCH_SIGNALING
ENSG00000003495	TIMM769	81.46	0.0	0	-0.4789	
ENSG00000003496	EZH733	275.27	0.0	0	-0.0907	HYPOXIA
ENSG00000003497	DNMT458	7.6	0.0	0	-0.4179	PI3K_AKT_MTOR_SIGNALING
ENSG00000003498	CHRM313	277.57	0.0	0	-1.4552	INTERFERON_ALPHA_RESPONSE
ENSG00000003499	PPP2R435	0.52	0.0	0	-0.1957	
ENSG00000003500	ZNF145	1.07	0.0	0	-0.8163	
ENSG00000003501	EIF856	41.93	0.0	0	-1.2595	
ENSG00000003502	PPP2R208	2.06	0.0	0	0.6365	
ENSG00000003503	SLC16A1	395.44	2.2668	1	1.1231	
ENSG00000003504	ADAM874	40.71	0.0	0	-0.1882	IL6_JAK_STAT3_SIGNALING
ENSG00000003505	VCL31	850.71	0.0	0	0.0778	CHOLESTEROL_HOMEOSTASIS
ENSG00000003506	DHX167	51.04	0.0	0	-0.0539	
ENSG00000003507	SKP769	77.25	0.0	0	0.2761	NOTCH_SIGNALING;ESTROGEN_RESPONSE;PROTEIN_SECRETION
ENSG00000003508	RNF113	4.88	0.0	0	-1.1628	
ENSG00000003509	GABR888	4.28	0.0	0	0.1872	EPITHELIAL_MESENCHYMAL_TRANSITION
ENSG00000003510	RNF638	7.85	0.0	0	-0.4158	FATTY_ACID_METABOLISM
ENSG00000003511	SLC268	55.21	0.0	0	-0.413	
ENSG00000003512	ADRB76	680.54	0.0	0	1.0226	
ENSG00000003513	MRPS675	73.91	0.0	0	-0.6885	XENOBIOTIC_METABOLISM
ENSG00000003514	DRD489	9.14	0.0	0	-0.4378	
ENSG00000003515	SLC521	79.43	-0.9701	1	-0.589	
ENSG00000003516	TIMM573	9.13	0.0	0	-0.069	
ENSG00000003517	CDC572	197.21	0.0	0	0.3892	WNT_BETA_CATENIN_SIGNALING
ENSG00000003518	H2AF52	19.93	0.0	0	1.0155	FATTY_ACID_METABOLISM
ENSG00000003519	KIF764	107.3	0.0	0	1.2146	
ENSG00000003520	EIF721	2.15	0.0	0	-0.9312	MAPK_SIGNALING
ENSG00000003521	CCNB715	18.45	0.0	0	0.1963	
ENSG00000003522	TLN150	7.17	0.0	0	-0.7779	MYC_TARGETS
ENSG00000003523	UGT459	1283.92	0.0	0	0.1287	NOTCH_SIGNALING
ENSG00000003524	SCN577	23.96	0.0	0	0.4291	HEDGEHOG_SIGNALING
ENSG00000003525	HEY1	67.1	2.9877	1	-0.7683	
ENSG00000003526	ZNF301	72.55	0.0	0	-0.2423	EPITHELIAL_MESENCHYMAL_TRANSITION
ENSG00000003527	TLN562	2126.63	1.4991	1	1.2557	
ENSG00000003528	CUL896	108.29	0.0	0	-0.7316	
ENSG00000003529	ADRB822	19.68	0.0	0	1.9556	
ENSG00000003530	DHX246	338.75	0.0	0	-1.3015	
ENSG00000003531	KIF69	10.12	0.0	0	0.3763	
ENSG00000003532	SIRT406	203.12	0.0	0	1.4419	
ENSG00000003533	MAPK171	4.13	0.0	0	-0.4546	COMPLEMENT_CASCADE
ENSG00000003534	UBE2536	7.13	0.0	0	-0.8599	
ENSG00000003535	COL684	338.39	0.0	0	-1.2524	
ENSG00000003536	MYO336	186.12	0.0	0	-0.4559	OXIDATIVE_PHOSPHORYLATION
ENSG00000003537	SIRT17	1505.8	0.0	0	0.0357	EXTRACELLULAR_MATRIX_ORGANIZATION;MRNA_SPLICING
ENSG00000003538	DRD294	25.25	0.0	0	-0.9609	
ENSG00000003539	MRPL846	111.61	0.0	0	-0.015	
ENSG00000003540	ANAPC147	4.03	0.0	0	0.2447	P53_SIGNALING
ENSG00000003541	CCNB560	3.41	0.0	0	-0.2173	
ENSG00000003542	TUBB506	628.91	0.0	0	0.1411	ESTROGEN_RESPONSE
ENSG00000003543	PLC217	185.21	0.0	0	0.6197	
ENSG00000003544	MRPL506	12.69	0.0	0	0.4198	FATTY_ACID_METABOLISM;ANGIOGENESIS
ENSG00000003545	H2AF582	2.74	0.0	0	-0.166	
ENSG00000003546	DYNC667	2.26	0.0	0	1.164	CELL_CYCLE_G2M_CHECKPOINT;TGF_BETA_SIGNALING;ESTROGEN_RESPONSE
ENSG00000003547	COPB367	5.55	0.0	0	-0.0133	
ENSG00000003548	MYO92	13.9	0.0	0	0.2436	EXTRACELLULAR_MATRIX_ORGANIZATION
ENSG00000003549	PLC229	933.47	0.0	0	-0.06	
ENSG00000003550	ATAD844	52.13	0.0	0	-0.9873	P53_SIGNALING;INTERFERON_GAMMA_RESPONSE
ENSG00000003551	TRIM405	129.69	0.0	0	-0.1783	CHOLESTEROL_HOMEOSTASIS;TNFA_SIGNALING_VIA_NFKB
ENSG00000003552	TUBB178	1.14	0.0	0	1.8547	
ENSG00000003553	MAPK228	742.04	0.0	0	-0.4438	
ENSG00000003554	ADAM352	616.4	0.0	0	0.1225	XENOBIOTIC_METABOLISM
ENSG00000003555	EIF890	9.95	0.0	0	1.2815	MYOGENESIS
ENSG00000003556	MRPL259	32.01	0.0	0	-1.0403	COMPLEMENT_CASCADE;PROTEIN_SECRETION
ENSG00000003557	PIK3CA	6.71	0.0	0	-0.1166	
ENSG00000003558	USP562	16.75	0.0	0	-0.5416	IL6_JAK_STAT3_SIGNALING;MAPK_SIGNALING
ENSG00000003559	CCNB179	4.82	0.0	0	0.2497	MRNA_SPLICING
ENSG00000003560	ARID821	383.32	0.0	0	-0.728	COMPLEMENT_CASCADE
ENSG00000003561	RAB800	9.89	0.0	0	-0.8654	OXIDATIVE_PHOSPHORYLATION;CELL_CYCLE_G2M_CHECKPOINT;WNT_BETA_CATENIN_SIGNALING
ENSG00000003562	MYO765	128.7	0.0	0	-0.531	
ENSG00000003563	SIRT502	3023.75	0.0	0	-1.0189	SPERMATOGENESIS
ENSG00000003564	TET129	417.14	0.0	0	-0.6205	
ENSG00000003565	CUL513	21.61	0.0	0	0.0576	
ENSG00000003566	COL41	3.11	0.0	0	0.8693	CHOLESTEROL_HOMEOSTASIS
ENSG00000003567	ANK820	82.08	0.0	0	-0.6625	INTERFERON_GAMMA_RESPONSE
ENSG00000003568	DYNC94	980.94	0.0	0	0.078	
ENSG00000003569	MRPL215	16.47	0.0	0	-1.0365	
ENSG00000003570	SMO	667.37	0.0	0	0.6529	
ENSG00000003571	ADRB840	84.3	0.0	0	0.4233	
ENSG00000003572	DYNC750	2.19	0.0	0	1.3125	
ENSG00000003573	TIMM738	12.93	0.0	0	0.4762	
ENSG00000003574	PTPRC	15.09	0.0	0	0.7019	
ENSG00000003575	RPL652	4.67	0.0	0	-1.0541	NOTCH_SIGNALING;PI3K_AKT_MTOR_SIGNALING
ENSG00000003576	PARP1	350.68	0.0	0	0.1416	IL6_JAK_STAT3_SIGNALING
ENSG00000003577	KCN355	153.02	0.0	0	0.6333	
ENSG00000003578	PRKC510	132.49	0.0	0	-0.5428	
ENSG00000003579	CDC399	39.03	0.0	0	0.2036	GLYCOLYSIS
ENSG00000003580	DRD376	255.9	0.0	0	0.7878	
ENSG00000003581	KIF323	23.05	0.0	0	0.0299	
ENSG00000003582	PLC471	13.09	0.0	0	-1.608	
ENSG00000003583	VPS236	73.31	0.0	0	-0.1717	EXTRACELLULAR_MATRIX_ORGANIZATION
ENSG00000003584	TLN597	120.36	0.0	0	-0.0494	
ENSG00000003585	CHRM132	41.25	0.0	0	-0.2652	
ENSG00000003586	SMARC629	0.43	0.0	0	0.2598	NOTCH_SIGNALING
ENSG00000003587	MMP253	1.48	0.0	0	-0.4491	CELL_CYCLE_G2M_CHECKPOINT;NOTCH_SIGNALING
ENSG00000003588	GNA313	61.8	0.0	0	-0.2705	OXIDATIVE_PHOSPHORYLATION;IL6_JAK_STAT3_SIGNALING;EXTRACELLULAR_MATRIX_ORGANIZATION;HEDGEHOG_SIGNALING
ENSG00000003589	VPS870	137.31	0.0	0	0.2512	
ENSG00000003590	VPS805	9.61	0.0	0	-0.2964	PEROXISOME
ENSG00000003591	SIRT155	29.85	0.0	0	0.654	
ENSG00000003592	DYNC164	308.21	0.0	0	0.5964	
ENSG00000003593	TLN55	5.09	0.0	0	0.5956	GLYCOLYSIS;APOPTOSIS;ESTROGEN_RESPONSE;RIBOSOME_BIOGENESIS
ENSG00000003594	SIRT890	156.44	0.0	0	-1.0007	XENOBIOTIC_METABOLISM
ENSG00000003595	DYNC81	54.51	0.0	0	0.2923	EPITHELIAL_MESENCHYMAL_TRANSITION;REACTIVE_OXYGEN_SPECIES
ENSG00000003596	KCN832	161.32	1.3523	1	-0.6348	DNA_REPAIR;TNFA_SIGNALING_VIA_NFKB
ENSG00000003597	PPP2R383	51.16	0.0	0	0.5405	E2F_TARGETS
ENSG00000003598	UGT473	6.4	0.0	0	-0.6051	PI3K_AKT_MTOR_SIGNALING
ENSG00000003599	RNF262	4.52	0.0	0	0.7288	
ENSG00000003600	SNX12	52.71	0.0	0	1.0652	
ENSG00000003601	BRD271	88.98	0.0	0	0.5195	HYPOXIA
ENSG00000003602	TLN526	255.31	0.0	0	0.15	UNFOLDED_PROTEIN_RESPONSE
ENSG00000003603	TMEM167	32.35	0.0	0	0.7931	
ENSG00000003604	KIF316	52.39	0.0	0	1.4834	
ENSG00000003605	KIF528	162.21	0.0	0	-0.5089	
ENSG00000003606	PXN128	83.98	0.0	0	0.3587	OXIDATIVE_PHOSPHORYLATION;E2F_TARGETS
ENSG00000003607	TUBB278	53.14	0.0	0	0.3974	DNA_REPAIR
ENSG00000003608	SMARC539	30.79	0.0	0	0.2602	
ENSG00000003609	CUL134	7.13	0.0	0	-0.9454	
ENSG00000003610	TLN701	257.68	0.0	0	-0.3927	
ENSG00000003611	SMARC332	155.23	0.0	0	0.378	WNT_BETA_CATENIN_SIGNALING
ENSG00000003612	PRKC261	50.65	0.0	0	1.4124	P53_SIGNALING
ENSG00000003613	RPS288	0.32	0.0	0	-1.4237	
ENSG00000003614	HDAC545	17.48	0.0	0	0.9674	
ENSG00000003615	NFE2L2	64.25	-2.6345	1	-0.0835	
ENSG00000003616	PPP2R718	282.61	0.0	0	-1.0784	
ENSG00000003617	SPTB406	4.57	0.0	0	0.9385	DNA_REPAIR;EXTRACELLULAR_MATRIX_ORGANIZATION;SPERMATOGENESIS;REACTIVE_OXYGEN_SPECIES
ENSG00000003618	KCN836	64.13	0.0	0	-0.2356	COAGULATION
ENSG00000003619	SCN146	12.28	0.0	0	-0.6182	
ENSG00000003620	GABR398	75.04	0.0	0	0.9806	
ENSG00000003621	TAGLN	91.28	0.0	0	0.3107	AUTOPHAGY;MRNA_SPLICING
ENSG00000003622	COPB115	730.24	0.0	0	0.3929	TGF_BETA_SIGNALING
ENSG00000003623	DUSP444	108.84	0.0	0	0.6865	MYC_TARGETS
ENSG00000003624	ATAD535	0.38	0.0	0	-0.1007	
ENSG00000003625	ANK678	200.69	0.0	0	0.0326	XENOBIOTIC_METABOLISM
ENSG00000003626	MRPS893	5.92	0.0	0	-0.3903	PEROXISOME
ENSG00000003627	HDAC804	42.55	0.0	0	-1.3028	
ENSG00000003628	ADRB858	326.55	0.0	0	-0.8035	
ENSG00000003629	SEC91	206.28	0.0	0	0.1665	
ENSG00000003630	DHX333	301.73	0.0	0	-0.0306	ADIPOGENESIS
ENSG00000003631	HIST1H160	2.77	0.0	0	-2.2293	
ENSG00000003632	SUZ119	877.03	0.0	0	0.9162	PI3K_AKT_MTOR_SIGNALING
ENSG00000003633	KCN84	7.78	0.0	0	0.4701	EXTRACELLULAR_MATRIX_ORGANIZATION
ENSG00000003634	RELA	105.02	0.0	0	-2.0635	
ENSG00000003635	DNMT354	15.7	0.0	0	-0.1184	
ENSG00000003636	RNF346	51.07	0.0	0	0.5636	
ENSG00000003637	CCNB32	24.94	0.0	0	-0.8369	
ENSG00000003638	TIMM336	21.95	0.0	0	-1.2869	ANGIOGENESIS
ENSG00000003639	HDAC15	4.97	0.0	0	-1.3042	
ENSG00000003640	ACTN169	5.32	0.0	0	0.2639	
ENSG00000003641	SLC686	33.0	0.0	0	0.2933	
ENSG00000003642	RAB11FIP119	90.17	0.0	0	1.7064	
ENSG00000003643	SUZ535	92.26	0.0	0	0.3634	
ENSG00000003644	TIMM813	22.7	0.0	0	0.1228	
ENSG00000003645	DHX52	11.18	0.0	0	0.2629	AUTOPHAGY
ENSG00000003646	GRIN438	2.92	0.0	0	-0.6472	OXIDATIVE_PHOSPHORYLATION;NOTCH_SIGNALING
ENSG00000003647	KRT271	311.97	-1.618	1	0.5329	WNT_BETA_CATENIN_SIGNALING
ENSG00000003648	KIF852	36.58	0.0	0	0.2517	
ENSG00000003649	DRD448	38.87	0.0	0	-0.6904	
ENSG00000003650	SPTB271	31.23	0.0	0	-1.1964	E2F_TARGETS
ENSG00000003651	CCNB326	1065.68	0.0	0	-1.3678	ANGIOGENESIS;RIBOSOME_BIOGENESIS
ENSG00000003652	PPP1R213	530.95	0.0	0	-1.1066	
ENSG00000003653	ABC650	145.65	0.0	0	0.092	INTERFERON_ALPHA_RESPONSE
ENSG00000003654	SLC413	1.14	0.0	0	-1.3408	CHOLESTEROL_HOMEOSTASIS;AUTOPHAGY
ENSG00000003655	SPTB605	47.89	0.0	0	-0.9172	
ENSG00000003656	TET161	51.62	0.0	0	-0.0577	EPITHELIAL_MESENCHYMAL_TRANSITION;PI3K_AKT_MTOR_SIGNALING
ENSG00000003657	GNA487	91.34	0.0	0	-0.935	
ENSG00000003658	TRIM14	26.24	0.0	0	0.1262	PI3K_AKT_MTOR_SIGNALING
ENSG00000003659	ATAD463	232.63	0.0	0	0.6271	E2F_TARGETS
ENSG00000003660	SKP808	235.26	0.0	0	-0.186	
ENSG00000003661	ABC613	35.58	0.0	0	-0.3672	
ENSG00000003662	DDX525	102.26	0.0	0	-0.332	TGF_BETA_SIGNALING
ENSG00000003663	BRD852	64.5	0.0	0	-0.2664	
ENSG00000003664	EIF576	12.3	0.0	0	0.6822	HEDGEHOG_SIGNALING
ENSG00000003665	DHX478	76.24	0.0	0	1.1731	INTERFERON_ALPHA_RESPONSE
ENSG00000003666	PRKC765	10.6	0.0	0	1.5991	
ENSG00000003667	SUZ487	36.49	0.0	0	2.1837	ANGIOGENESIS
ENSG00000003668	ZNF749	643.36	0.0	0	1.6069	
ENSG00000003669	BCL2	392.46	0.0	0	-0.3675	INTERFERON_GAMMA_RESPONSE;ADIPOGENESIS
ENSG00000003670	TOMM419	276.77	0.0	0	1.496	ANDROGEN_RESPONSE
ENSG00000003671	SLC461	27.44	0.0	0	-0.9082	
ENSG00000003672	ABC788	66.09	0.0	0	0.0713	
ENSG00000003673	KDM613	143.12	0.0	0	-0.4371	MAPK_SIGNALING
ENSG00000003674	PRKC351	22.58	0.0	0	-2.2193	AUTOPHAGY;PI3K_AKT_MTOR_SIGNALING
ENSG00000003675	CHRM482	6.28	0.0	0	0.4872	
ENSG00000003676	GNA150	136.0	0.0	0	-0.672	DNA_REPAIR
ENSG00000003677	SEC429	6.74	0.0	0	0.5824	
ENSG00000003678	DUSP137	389.27	0.0	0	-0.6848	
ENSG00000003679	CYP420	43.51	1.337	1	-0.1106	UNFOLDED_PROTEIN_RESPONSE;ESTROGEN_RESPONSE
ENSG00000003680	USP198	291.56	0.0	0	-0.056	
ENSG00000003681	TMEM439	20.43	0.0	0	0.3672	TGF_BETA_SIGNALING
ENSG00000003682	ZNF316	92.6	0.0	0	-0.2131	E2F_TARGETS
ENSG00000003683	SKP232	342.02	0.0	0	-0.0306	CHOLESTEROL_HOMEOSTASIS;MYOGENESIS
ENSG00000003684	COPB105	86.35	0.0	0	0.2056	EXTRACELLULAR_MATRIX_ORGANIZATION
ENSG00000003685	GABR728	8.35	0.0	0	0.1023	WNT_BETA_CATENIN_SIGNALING
ENSG00000003686	KIF845	119.56	0.0	0	-0.6245	DNA_REPAIR
ENSG00000003687	TNF	380.44	-1.7383	1	1.3878	TNFA_SIGNALING_VIA_NFKB
ENSG00000003688	RAB679	496.56	0.0	0	0.5666	RIBOSOME_BIOGENESIS
ENSG00000003689	H2AF133	1417.15	0.0	0	-0.5979	
ENSG00000003690	FBXO87	625.65	0.0	0	-0.1987	
ENSG00000003691	EIF159	382.22	0.0	0	-0.0682	WNT_BETA_CATENIN_SIGNALING;PROTEIN_SECRETION
ENSG00000003692	DUSP495	17.42	0.0	0	-0.5849	
ENSG00000003693	MRPS153	11.45	0.0	0	0.2726	ANGIOGENESIS
ENSG00000003694	CUL680	13.82	0.0	0	-0.0853	CHOLESTEROL_HOMEOSTASIS
ENSG00000003695	KRT423	1.69	0.0	0	-0.8989	COAGULATION
ENSG00000003696	RAB60	0.18	0.0	0	0.5533	
ENSG00000003697	ACTN122	201.52	0.0	0	-1.7766	
ENSG00000003698	GNA283	20.23	0.0	0	-0.5711	
ENSG00000003699	PXN511	1.22	0.0	0	-1.9887	
ENSG00000003700	DNMT80	16.85	0.0	0	1.3171	
ENSG00000003701	PRKC178	75.95	0.0	0	-0.4718	MYC_TARGETS
ENSG00000003702	HTR444	11.97	0.0	0	0.4664	
ENSG00000003703	OR752	17.04	0.0	0	-1.3347	
ENSG00000003704	PRKC111	0.31	0.0	0	1.0264	
ENSG00000003705	H2AF285	1.09	0.0	0	-0.088	AUTOPHAGY;E2F_TARGETS
ENSG00000003706	HIST1H599	57.45	0.0	0	-0.2434	INTERFERON_GAMMA_RESPONSE
ENSG00000003707	TRIM687	83.6	-1.7918	1	-1.3387	DNA_REPAIR;HEDGEHOG_SIGNALING
ENSG00000003708	PXN418	116.63	0.0	0	1.3004	CHOLESTEROL_HOMEOSTASIS
ENSG00000003709	DYNC850	260.71	0.0	0	-0.4865	CHOLESTEROL_HOMEOSTASIS
ENSG00000003710	H2AF403	88.45	0.0	0	-0.4046	HYPOXIA
ENSG00000003711	DYNC79	48.02	0.0	0	-0.8373	
ENSG00000003712	USP599	0.08	0.0	0	-0.7789	SPERMATOGENESIS
ENSG00000003713	UGT623	3718.94	0.0	0	0.7121	NOTCH_SIGNALING;XENOBIOTIC_METABOLISM
ENSG00000003714	TMEM334	44.97	0.0	0	-1.2997	REACTIVE_OXYGEN_SPECIES
ENSG00000003715	DRD423	18.24	0.0	0	-0.5458	
ENSG00000003716	CHRM462	21.69	0.0	0	0.4898	
ENSG00000003717	MRPS418	524.09	0.0	0	0.8073	ADIPOGENESIS
ENSG00000003718	ABC729	2.5	0.0	0	0.5587	UNFOLDED_PROTEIN_RESPONSE;INTERFERON_GAMMA_RESPONSE
ENSG00000003719	KMT28	55.2	0.0	0	0.2823	
ENSG00000003720	USP647	58.68	0.0	0	0.5739	
ENSG00000003721	KDM507	512.21	0.0	0	1.7062	
ENSG00000003722	PXN99	42.42	0.0	0	0.2697	
ENSG00000003723	CACN865	273.02	0.0	0	1.6222	TGF_BETA_SIGNALING
ENSG00000003724	ACTN711	277.07	0.0	0	0.6322	E2F_TARGETS
ENSG00000003725	CYP614	677.13	0.0	0	1.4716	
ENSG00000003726	HIST1H894	175.6	0.0	0	-0.0841	TNFA_SIGNALING_VIA_NFKB
ENSG00000003727	TLN537	90.46	0.0	0	-0.4733	
ENSG00000003728	KMT2443	23.0	0.0	0	-0.5083	
ENSG00000003729	DNMT174	12.88	0.0	0	0.1137	P53_SIGNALING
ENSG00000003730	USP310	101.04	0.0	0	0.1709	
ENSG00000003731	RPL56	8.19	0.0	0	-0.3749	EPITHELIAL_MESENCHYMAL_TRANSITION
ENSG00000003732	MRPL114	11.22	0.0	0	0.3813	PI3K_AKT_MTOR_SIGNALING
ENSG00000003733	FBXO121	9.11	0.0	0	-0.553	CHOLESTEROL_HOMEOSTASIS
ENSG00000003734	RHO82	8.13	0.0	0	0.1088	NOTCH_SIGNALING;ESTROGEN_RESPONSE
ENSG00000003735	PPP2R659	107.92	0.8102	1	-0.93	
ENSG00000003736	TLN23	8.68	0.0	0	0.2318	OXIDATIVE_PHOSPHORYLATION;AUTOPHAGY
ENSG00000003737	GNA251	2.8	0.0	0	0.3346	
ENSG00000003738	PXN866	183.75	0.0	0	0.0145	
ENSG00000003739	SKP318	0.62	0.0	0	-0.0374	
ENSG00000003740	SNAI1	14.88	0.0	0	-0.1287	
ENSG00000003741	GRIN829	37.33	0.0	0	-0.0235	COMPLEMENT_CASCADE
ENSG00000003742	CUL111	935.62	0.0	0	1.2398	WNT_BETA_CATENIN_SIGNALING
ENSG00000003743	ACTN840	314.28	0.0	0	0.2943	WNT_BETA_CATENIN_SIGNALING
ENSG00000003744	ATAD50	40.88	0.0	0	-0.3591	
ENSG00000003745	ARID641	602.98	0.0	0	-0.0567	
ENSG00000003746	HIST1H782	150.28	0.0	0	-1.1892	SPERMATOGENESIS
ENSG00000003747	TLN29	12.01	0.0	0	1.0441	
ENSG00000003748	OR43	1.98	0.0	0	-0.0473	NOTCH_SIGNALING
ENSG00000003749	CDK6	48.73	2.6544	1	-1.0716	UNFOLDED_PROTEIN_RESPONSE;HYPOXIA
ENSG00000003750	KRT381	12.41	0.0	0	-0.2029	ESTROGEN_RESPONSE
ENSG00000003751	SCN201	93.15	0.0	0	-0.4561	OXIDATIVE_PHOSPHORYLATION;PI3K_AKT_MTOR_SIGNALING
ENSG00000003752	SIRT637	2.07	0.0	0	-0.4751	
ENSG00000003753	MRPS489	4.09	0.0	0	0.7759	EPITHELIAL_MESENCHYMAL_TRANSITION
ENSG00000003754	TUBB408	284.46	0.0	0	0.1917	
ENSG00000003755	ACTN631	130.87	0.0	0	-0.6501	
ENSG00000003756	RPL41	25941.19	0.0	0	-0.0928	ESTROGEN_RESPONSE
ENSG00000003757	VPS10	874.61	0.0	0	1.0649	ADIPOGENESIS
ENSG00000003758	KDM293	53.22	0.0	0	-0.312	
ENSG00000003759	KIF871	7.59	0.0	0	-0.3071	
ENSG00000003760	UBE2676	18.9	0.0	0	-0.1387	TGF_BETA_SIGNALING
ENSG00000003761	HIST1H563	175.82	0.0	0	-0.4961	
ENSG00000003762	ARF866	172.41	0.0	0	-1.1211	
ENSG00000003763	ADRB363	77.81	0.0	0	0.4377	
ENSG00000003764	EIF4E	3.61	0.0	0	0.6556	FATTY_ACID_METABOLISM
ENSG00000003765	KRT753	0.46	0.0	0	-0.1305	HEDGEHOG_SIGNALING
ENSG00000003766	TIMM401	4.86	0.0	0	0.3592	OXIDATIVE_PHOSPHORYLATION
ENSG00000003767	RHO242	30.47	0.0	0	-1.1326	
ENSG00000003768	KRT228	106.98	0.0	0	-2.375	COMPLEMENT_CASCADE
ENSG00000003769	KCN866	135.03	0.0	0	0.9478	P53_SIGNALING;MYC_TARGETS
ENSG00000003770	RNF680	15.98	0.0	0	-0.4518	MRNA_SPLICING
ENSG00000003771	CUL746	149.5	0.0	0	0.2325	E2F_TARGETS
ENSG00000003772	DRD686	421.05	0.0	0	0.5126	HEDGEHOG_SIGNALING
ENSG00000003773	PPP1R432	12.92	0.0	0	0.5087	
ENSG00000003774	COL470	42.46	0.0	0	-0.3247	
ENSG00000003775	UBE2497	105.52	0.0	0	-0.5474	MAPK_SIGNALING
ENSG00000003776	TLN163	8.45	0.0	0	-0.1199	ANGIOGENESIS
ENSG00000003777	GRIN863	3.91	0.0	0	0.7626	UNFOLDED_PROTEIN_RESPONSE
ENSG00000003778	KIF215	84.81	0.0	0	-0.8218	
ENSG00000003779	UBE2238	0.67	0.0	0	0.064	P53_SIGNALING
ENSG00000003780	DNMT82	237.62	0.0	0	1.4331	
ENSG00000003781	UBE2406	11.23	0.0	0	-1.0345	
ENSG00000003782	ANK631	70.08	0.0	0	-1.0176	TGF_BETA_SIGNALING
ENSG00000003783	ARF230	10.15	0.0	0	-0.2317	
ENSG00000003784	SIRT104	8.34	0.0	0	-0.9079	
ENSG00000003785	UBE218	18.64	0.0	0	-0.4108	
ENSG00000003786	TLN418	98.03	0.0	0	-0.5335	
ENSG00000003787	RPS560	24.54	0.0	0	-1.3934	AUTOPHAGY
ENSG00000003788	MMP105	35.77	0.0	0	0.9428	REACTIVE_OXYGEN_SPECIES
ENSG00000003789	ATAD32	0.43	0.0	0	0.0297	P53_SIGNALING;PI3K_AKT_MTOR_SIGNALING
ENSG00000003790	VCL529	11.14	0.0	0	-0.5166	DNA_REPAIR
ENSG00000003791	RNF85	8.84	0.0	0	-1.1495	
ENSG00000003792	ARID367	0.34	0.0	0	0.6278	TGF_BETA_SIGNALING;MRNA_SPLICING
ENSG00000003793	SUZ859	73.62	0.0	0	0.5487	WNT_BETA_CATENIN_SIGNALING;MAPK_SIGNALING
ENSG00000003794	STAT3	34.64	0.0	0	0.5636	CHOLESTEROL_HOMEOSTASIS
ENSG00000003795	SMARC534	215.54	0.0	0	1.8222	COMPLEMENT_CASCADE;ANDROGEN_RESPONSE
ENSG00000003796	COPB125	196.45	0.0	0	1.0182	
ENSG00000003797	TUBB213	20.89	0.0	0	0.2698	ANDROGEN_RESPONSE
ENSG00000003798	GABR347	16.71	0.0	0	0.5029	TGF_BETA_SIGNALING;ESTROGEN_RESPONSE
ENSG00000003799	THBS1	26.51	-1.7919	1	0.5421	DNA_REPAIR;UNFOLDED_PROTEIN_RESPONSE;INTERFERON_GAMMA_RESPONSE
ENSG00000003800	RPS297	205.66	0.0	0	0.0527	UNFOLDED_PROTEIN_RESPONSE
ENSG00000003801	SEC496	8.16	0.0	0	-0.1205	P53_SIGNALING
ENSG00000003802	PXN532	27.89	0.0	0	-0.9766	
ENSG00000003803	KDM214	376.12	0.0	0	0.27	
ENSG00000003804	VPS841	13.37	0.0	0	-2.3105	UNFOLDED_PROTEIN_RESPONSE
ENSG00000003805	RPL18	9.15	0.0	0	0.6288	P53_SIGNALING;TNFA_SIGNALING_VIA_NFKB
ENSG00000003806	TMEM344	20.67	0.0	0	1.2051	APOPTOSIS
ENSG00000003807	VPS287	8.91	0.0	0	-1.7892	
ENSG00000003808	ARID21	129.88	0.0	0	-0.3086	HYPOXIA
ENSG00000003809	GABR653	1752.18	0.0	0	-1.1531	INTERFERON_ALPHA_RESPONSE
ENSG00000003810	SMARC21	50.48	0.0	0	0.2955	
ENSG00000003811	TLN394	10.58	0.0	0	1.1439	TGF_BETA_SIGNALING
ENSG00000003812	TRIM210	140.87	0.0	0	1.3704	E2F_TARGETS
ENSG00000003813	CACN726	14.35	0.0	0	0.8316	
ENSG00000003814	GRIN119	50.75	0.0	0	-0.0035	ESTROGEN_RESPONSE
ENSG00000003815	ANK713	3.08	0.0	0	0.2845	REACTIVE_OXYGEN_SPECIES
ENSG00000003816	MSH2	166.46	1.6089	1	1.3414	FATTY_ACID_METABOLISM;P53_SIGNALING;INTERFERON_ALPHA_RESPONSE;ESTROGEN_RESPONSE
ENSG00000003817	CDC308	75.42	0.0	0	-1.0008	CHOLESTEROL_HOMEOSTASIS;INTERFERON_GAMMA_RESPONSE
ENSG00000003818	GNA346	17.4	0.0	0	-1.3804	MRNA_SPLICING
ENSG00000003819	SMARC399	105.86	0.0	0	1.2017	
ENSG00000003820	SNX262	9.91	0.0	0	0.8323	UNFOLDED_PROTEIN_RESPONSE
ENSG00000003821	HIST1H654	131.62	0.0	0	-1.9419	OXIDATIVE_PHOSPHORYLATION
ENSG00000003822	TET820	85.86	0.0	0	1.0382	
ENSG00000003823	PXN37	82.08	0.0	0	0.2214	
ENSG00000003824	TMEM761	2.35	0.0	0	0.2485	
ENSG00000003825	TOMM2	853.57	0.0	0	-0.1339	MAPK_SIGNALING
ENSG00000003826	UBE2551	2418.56	0.0	0	0.0063	E2F_TARGETS;MYOGENESIS
ENSG00000003827	BAX	4.43	0.0	0	-0.9171	ESTROGEN_RESPONSE
ENSG00000003828	HTR310	0.68	0.0	0	0.6181	CHOLESTEROL_HOMEOSTASIS;P53_SIGNALING;UNFOLDED_PROTEIN_RESPONSE
ENSG00000003829	MMP767	16.26	0.0	0	-0.2786	
ENSG00000003830	BAK1	16.91	0.0	0	-0.4958	
ENSG00000003831	H2AF175	1.91	0.0	0	0.7965	
ENSG00000003832	GSR	32.43	2.6461	1	0.12	OXIDATIVE_PHOSPHORYLATION;CHOLESTEROL_HOMEOSTASIS
ENSG00000003833	MMP749	46.32	0.0	0	0.4893	
ENSG00000003834	FBXO65	24.83	0.0	0	0.52	EPITHELIAL_MESENCHYMAL_TRANSITION
ENSG00000003835	TLN290	259.69	0.0	0	0.3532	
ENSG00000003836	HIST1H347	1.69	0.0	0	-0.124	
ENSG00000003837	MYO99	4.01	0.0	0	-0.5332	
ENSG00000003838	KRT120	1.47	0.0	0	-0.3933	
ENSG00000003839	TMEM515	5.35	0.0	0	-0.2784	
ENSG00000003840	HTR127	70.02	0.0	0	1.0234	
ENSG00000003841	MAPK25	2.88	0.0	0	0.3598	EXTRACELLULAR_MATRIX_ORGANIZATION
ENSG00000003842	MRPL474	243.17	-1.9054	1	0.4138	ESTROGEN_RESPONSE;RIBOSOME_BIOGENESIS
ENSG00000003843	EZH772	14.42	0.0	0	0.0678	
ENSG00000003844	TUBB508	10.9	0.0	0	-0.1188	SPERMATOGENESIS
ENSG00000003845	MAPK638	65.95	0.0	0	0.7016	COAGULATION
ENSG00000003846	SCN592	709.76	0.0	0	-0.258	
ENSG00000003847	FBXO744	146.71	0.0	0	0.2743	PI3K_AKT_MTOR_SIGNALING
ENSG00000003848	KIF676	13.2	0.0	0	-0.7086	FATTY_ACID_METABOLISM
ENSG00000003849	RAB11FIP304	45.31	0.0	0	-0.1273	WNT_BETA_CATENIN_SIGNALING;HEDGEHOG_SIGNALING
ENSG00000003850	ANK320	121.18	1.1767	1	-1.3859	
ENSG00000003851	DYNC651	16.71	0.0	0	-0.0852	E2F_TARGETS
ENSG00000003852	CDC634	1.16	0.0	0	-0.342	
ENSG00000003853	RPS378	27.09	0.0	0	0.5896	PROTEIN_SECRETION
ENSG00000003854	TIMM122	28.09	0.0	0	1.0031	TGF_BETA_SIGNALING
ENSG00000003855	PPP2R112	70.2	0.0	0	-0.6116	P53_SIGNALING;SPERMATOGENESIS
ENSG00000003856	ANK487	20.29	0.0	0	0.954	
ENSG00000003857	GABR684	25.41	0.0	0	-0.1329	AUTOPHAGY;ANGIOGENESIS;WNT_BETA_CATENIN_SIGNALING
ENSG00000003858	SLC283	468.84	0.0	0	-0.7906	
ENSG00000003859	SIRT238	98.77	0.0	0	-0.9199	UNFOLDED_PROTEIN_RESPONSE;TGF_BETA_SIGNALING
ENSG00000003860	RPS147	0.54	0.0	0	0.2103	HEDGEHOG_SIGNALING;SPERMATOGENESIS
ENSG00000003861	BRD173	1.21	0.0	0	0.074	
ENSG00000003862	ACTN736	26.75	0.0	0	-1.5544	
ENSG00000003863	DDX887	141.4	0.0	0	-0.2824	
ENSG00000003864	GRIN642	19.7	0.0	0	0.9327	HEDGEHOG_SIGNALING
ENSG00000003865	PPP1R305	349.57	0.0	0	0.3541	
ENSG00000003866	ARID253	70.54	0.0	0	-0.0324	
ENSG00000003867	HIST1H113	6.31	0.0	0	-0.7298	PEROXISOME;MRNA_SPLICING
ENSG00000003868	RNF284	16.73	0.0	0	0.8554	EXTRACELLULAR_MATRIX_ORGANIZATION
ENSG00000003869	MAPK529	12.81	0.0	0	-0.8284	UNFOLDED_PROTEIN_RESPONSE
ENSG00000003870	RAB686	37.44	0.0	0	0.4309	
ENSG00000003871	DDX115	84.13	0.0	0	0.2796	
ENSG00000003872	SUZ312	7.13	0.0	0	-1.1932	CHOLESTEROL_HOMEOSTASIS
ENSG00000003873	SIRT713	5.43	0.0	0	-0.3997	
ENSG00000003874	EIF296	1.79	0.0	0	-0.9661	INFLAMMATORY_RESPONSE;ANGIOGENESIS
ENSG00000003875	HTR163	79.6	0.0	0	1.0168	TNFA_SIGNALING_VIA_NFKB
ENSG00000003876	KRT14	11.9	0.0	0	0.9201	INTERFERON_GAMMA_RESPONSE
ENSG00000003877	RPL404	12.35	0.0	0	0.4759	CHOLESTEROL_HOMEOSTASIS
ENSG00000003878	TLN705	20.04	0.0	0	-0.4892	P53_SIGNALING;REACTIVE_OXYGEN_SPECIES
ENSG00000003879	RAB11FIP110	0.78	0.0	0	0.183	AUTOPHAGY;IL6_JAK_STAT3_SIGNALING;EXTRACELLULAR_MATRIX_ORGANIZATION
ENSG00000003880	PRDX1	5.06	0.0	0	0.271	DNA_REPAIR
ENSG00000003881	HIST1H365	138.73	0.0	0	-0.7391	DNA_REPAIR;INTERFERON_GAMMA_RESPONSE
ENSG00000003882	BRCA2	147.09	2.0392	1	-0.5979	DNA_REPAIR
ENSG00000003883	RAB240	361.77	0.0	0	0.7052	
ENSG00000003884	EZH486	182.25	0.0	0	0.7781	CHOLESTEROL_HOMEOSTASIS
ENSG00000003885	KRT870	1.78	0.0	0	0.8131	
ENSG00000003886	PXN206	7.68	0.0	0	-0.2393	
ENSG00000003887	MMP592	34.21	0.0	0	-0.2621	CELL_CYCLE_G2M_CHECKPOINT;REACTIVE_OXYGEN_SPECIES
ENSG00000003888	MT-CO3	24827.29	0.0	0	0.8641	
ENSG00000003889	PPP1R680	66.92	0.0	0	-0.3558	
ENSG00000003890	RPS387	194.84	0.0	0	-0.3667	
ENSG00000003891	ACTN269	99.3	0.0	0	-0.6315	HEDGEHOG_SIGNALING;E2F_TARGETS;ADIPOGENESIS
ENSG00000003892	HTR439	23.89	0.0	0	0.9711	
ENSG00000003893	ADRB356	78.49	0.0	0	0.6987	
ENSG00000003894	EIF522	66.04	0.0	0	-1.0267	APOPTOSIS;TNFA_SIGNALING_VIA_NFKB
ENSG00000003895	TIMM784	751.65	0.0	0	-0.4559	UNFOLDED_PROTEIN_RESPONSE;MRNA_SPLICING
ENSG00000003896	VCL595	3.38	0.0	0	0.2574	
ENSG00000003897	TLN303	136.35	0.0	0	0.3666	REACTIVE_OXYGEN_SPECIES
ENSG00000003898	ZNF74	1.3	0.0	0	0.697	
ENSG00000003899	OR278	2.48	0.0	0	0.0165	MYOGENESIS
ENSG00000003900	ADRB164	513.46	0.0	0	-1.0993	
ENSG00000003901	SLC212	227.02	0.0	0	0.6307	
ENSG00000003902	CUL666	10.13	0.0	0	-0.6131	
ENSG00000003903	UQCRC1	440.62	-2.7938	1	-0.4707	
ENSG00000003904	EZH307	1.53	0.0	0	-0.4343	
ENSG00000003905	CDC273	391.53	0.0	0	-0.0542	GLYCOLYSIS;FATTY_ACID_METABOLISM;CELL_CYCLE_G2M_CHECKPOINT
ENSG00000003906	GABR623	128.86	0.0	0	1.1454	
ENSG00000003907	DNMT875	12.31	0.0	0	0.6691	DNA_REPAIR
ENSG00000003908	ZNF557	226.57	0.8384	1	0.4163	CHOLESTEROL_HOMEOSTASIS;TGF_BETA_SIGNALING
ENSG00000003909	HIST1H29	5.92	0.0	0	1.2656	MAPK_SIGNALING
ENSG00000003910	TET485	187.93	0.0	0	-0.1463	HEDGEHOG_SIGNALING
ENSG00000003911	ZNF273	13.98	0.0	0	-0.3079	MRNA_SPLICING
ENSG00000003912	ANAPC317	6.53	0.0	0	0.4164	E2F_TARGETS
ENSG00000003913	SKP595	43.13	0.0	0	0.7065	CHOLESTEROL_HOMEOSTASIS
ENSG00000003914	RPLP0	9813.6	0.0	0	0.871	ADIPOGENESIS
ENSG00000003915	SUZ382	1.17	0.0	0	-0.8668	HYPOXIA
ENSG00000003916	ARID651	32.81	0.0	0	-0.2156	PEROXISOME
ENSG00000003917	MAPK107	1594.28	0.0	0	-0.9594	CELL_CYCLE_G2M_CHECKPOINT
ENSG00000003918	TOMM365	16.78	0.0	0	-0.8108	CHOLESTEROL_HOMEOSTASIS
ENSG00000003919	OR102	10.98	0.0	0	0.5377	WNT_BETA_CATENIN_SIGNALING
ENSG00000003920	H2AF353	91.01	0.0	0	0.7834	
ENSG00000003921	PPP1R7	717.42	0.0	0	-0.9614	HYPOXIA
ENSG00000003922	KDM898	4.44	0.0	0	0.348	
ENSG00000003923	PLC824	85.9	0.0	0	-0.7769	CELL_CYCLE_G2M_CHECKPOINT;IL6_JAK_STAT3_SIGNALING
ENSG00000003924	JAK1	171.78	-2.2742	1	-0.7653	INFLAMMATORY_RESPONSE
ENSG00000003925	PRKC651	1.98	0.0	0	1.0538	IL6_JAK_STAT3_SIGNALING
ENSG00000003926	CHRM453	284.1	0.0	0	1.1289	P53_SIGNALING
ENSG00000003927	SCN855	8.44	0.0	0	-0.0377	EPITHELIAL_MESENCHYMAL_TRANSITION
ENSG00000003928	SCN802	31.8	0.0	0	-0.2716	
ENSG00000003929	DRD615	194.95	0.0	0	1.0415	ADIPOGENESIS
ENSG00000003930	CD68	25.19	0.0	0	-0.3658	
ENSG00000003931	RAB4	828.6	0.0	0	-0.3644	EXTRACELLULAR_MATRIX_ORGANIZATION
ENSG00000003932	DNMT246	7.38	0.0	0	-0.5048	GLYCOLYSIS
ENSG00000003933	RPL46	6.1	0.0	0	0.4486	
ENSG00000003934	OR363	34.91	0.0	0	-0.2489	
ENSG00000003935	ARF463	16.32	0.0	0	0.2736	PEROXISOME
ENSG00000003936	MRPL299	66.19	0.0	0	0.3936	COAGULATION
ENSG00000003937	TLN469	22.23	0.0	0	-0.6946	E2F_TARGETS
ENSG00000003938	CCNB111	7.28	0.0	0	0.3381	
ENSG00000003939	SUZ52	5.03	0.0	0	0.8929	INTERFERON_ALPHA_RESPONSE;ANGIOGENESIS
ENSG00000003940	PPP1R466	147.52	0.0	0	-0.3057	EPITHELIAL_MESENCHYMAL_TRANSITION
ENSG00000003941	GNA548	11.11	0.0	0	0.3634	
ENSG00000003942	GNA543	5.06	0.0	0	-0.0993	
ENSG00000003943	VPS440	5.25	0.0	0	0.2326	P53_SIGNALING;AUTOPHAGY
ENSG00000003944	DUSP33	7.1	0.0	0	0.5006	INTERFERON_GAMMA_RESPONSE
ENSG00000003945	SPTB608	2.84	0.0	0	0.2793	
ENSG00000003946	KCN128	4.62	0.0	0	-0.6814	
ENSG00000003947	VCL602	115.92	0.0	0	1.1061	OXIDATIVE_PHOSPHORYLATION;EPITHELIAL_MESENCHYMAL_TRANSITION
ENSG00000003948	ANK167	234.32	0.0	0	0.1588	
ENSG00000003949	ADAM96	84.27	0.0	0	-0.1353	INFLAMMATORY_RESPONSE;INTERFERON_ALPHA_RESPONSE;HYPOXIA;E2F_TARGETS
ENSG00000003950	VCL708	2.01	0.0	0	-0.0239	HYPOXIA
ENSG00000003951	RAB22	721.66	0.0	0	-0.6544	TGF_BETA_SIGNALING
ENSG00000003952	TET86	60.3	0.0	0	-0.435	
ENSG00000003953	GRIN848	113.14	0.0	0	0.5847	DNA_REPAIR;PI3K_AKT_MTOR_SIGNALING
ENSG00000003954	SKP762	9.52	0.0	0	-0.0369	FATTY_ACID_METABOLISM
ENSG00000003955	PLC505	54.06	1.1485	1	-0.6613	
ENSG00000003956	MRPL618	164.51	0.0	0	0.3034	APOPTOSIS
ENSG00000003957	HDAC567	402.41	0.0	0	-0.7431	CELL_CYCLE_G2M_CHECKPOINT;UNFOLDED_PROTEIN_RESPONSE;PI3K_AKT_MTOR_SIGNALING;MAPK_SIGNALING
ENSG00000003958	SUZ68	361.24	0.0	0	-0.1196	E2F_TARGETS
ENSG00000003959	PXN400	17.79	0.0	0	-0.1645	
ENSG00000003960	KRT689	5.43	0.0	0	-0.3772	INTERFERON_GAMMA_RESPONSE;MAPK_SIGNALING;PROTEIN_SECRETION
ENSG00000003961	CDC494	63.02	0.0	0	0.3187	MRNA_SPLICING
ENSG00000003962	SPTB23	84.42	0.0	0	-0.2974	EPITHELIAL_MESENCHYMAL_TRANSITION
ENSG00000003963	TLN728	2.32	0.0	0	1.2815	MYOGENESIS
ENSG00000003964	KCN318	117.51	0.0	0	0.838	DNA_REPAIR;NOTCH_SIGNALING
ENSG00000003965	SLC689	7.11	0.0	0	-1.5602	
ENSG00000003966	ACTN763	11.26	0.0	0	-1.0568	
ENSG00000003967	SMARC850	26.7	0.0	0	-0.2628	CHOLESTEROL_HOMEOSTASIS;CELL_CYCLE_G2M_CHECKPOINT;AUTOPHAGY
ENSG00000003968	DYNC235	749.21	0.0	0	1.8256	
ENSG00000003969	ADAM899	6.99	0.0	0	0.0679	
ENSG00000003970	TUBB512	7698.7	0.0	0	0.5592	MRNA_SPLICING
ENSG00000003971	RPL336	529.22	0.0	0	-0.7277	
ENSG00000003972	SKP251	4.11	0.0	0	-0.3053	
ENSG00000003973	HTR506	74.8	0.0	0	-0.1719	INTERFERON_GAMMA_RESPONSE
ENSG00000003974	RPS102	14.37	0.0	0	-0.0433	HYPOXIA
ENSG00000003975	PLC264	57.42	0.0	0	0.7879	P53_SIGNALING;ADIPOGENESIS
ENSG00000003976	GRIN485	7.45	0.0	0	0.2261	
ENSG00000003977	SEC845	52.5	0.0	0	-1.1035	MYOGENESIS
ENSG00000003978	KCN873	384.29	0.0	0	-0.6881	INTERFERON_ALPHA_RESPONSE;IL6_JAK_STAT3_SIGNALING
ENSG00000003979	CYP336	66.29	0.0	0	-0.017	OXIDATIVE_PHOSPHORYLATION
ENSG00000003980	CCNB471	26.67	0.0	0	-0.4526	
ENSG00000003981	TOMM97	51.59	0.0	0	-0.2481	AUTOPHAGY;MAPK_SIGNALING
ENSG00000003982	TRIM619	60.66	0.0	0	-0.6081	INTERFERON_ALPHA_RESPONSE;EXTRACELLULAR_MATRIX_ORGANIZATION
ENSG00000003983	RNF288	45.08	0.0	0	-0.3679	IL6_JAK_STAT3_SIGNALING;ANDROGEN_RESPONSE
ENSG00000003984	CCNB521	4.65	0.0	0	-0.4464	
ENSG00000003985	SIRT501	54.44	0.0	0	0.0751	REACTIVE_OXYGEN_SPECIES
ENSG00000003986	SEC256	278.68	0.0	0	0.3564	
ENSG00000003987	SUZ224	7.63	0.0	0	-0.5344	MYC_TARGETS
ENSG00000003988	DDX402	5.12	0.0	0	-0.5536	
ENSG00000003989	KMT2322	28.0	0.0	0	-0.8505	
ENSG00000003990	OR485	181.21	0.0	0	-0.4973	
ENSG00000003991	ATAD808	569.53	0.0	0	-0.266	REACTIVE_OXYGEN_SPECIES
ENSG00000003992	SPTB322	16.47	0.0	0	-0.8766	TGF_BETA_SIGNALING
ENSG00000003993	VPS501	51.42	0.0	0	-0.0435	NOTCH_SIGNALING
ENSG00000003994	RAB11FIP235	4996.87	0.0	0	0.2136	
ENSG00000003995	KRT534	418.67	0.0	0	-0.0493	
ENSG00000003996	ANAPC752	31.53	0.0	0	-0.93	
ENSG00000003997	DRD76	415.37	0.0	0	0.0841	IL6_JAK_STAT3_SIGNALING;EXTRACELLULAR_MATRIX_ORGANIZATION;E2F_TARGETS
ENSG00000003998	RAB842	145.01	0.0	0	-0.7748	INTERFERON_GAMMA_RESPONSE
ENSG00000003999	GRIN350	9.73	0.0	0	-0.4535	
ENSG00000004000	ACTN71	22.44	0.0	0	1.9612	
ENSG00000004001	ADAM537	21.88	0.0	0	0.4545	CHOLESTEROL_HOMEOSTASIS;XENOBIOTIC_METABOLISM
ENSG00000004002	CUL260	243.13	0.0	0	-0.3475	OXIDATIVE_PHOSPHORYLATION
ENSG00000004003	SCN575	158.01	0.0	0	0.2676	AUTOPHAGY
ENSG00000004004	RNF239	4.49	0.0	0	-0.5952	
ENSG00000004005	ADRB274	95.52	0.0	0	0.2753	
ENSG00000004006	SLC33	827.65	0.0	0	-0.855	
ENSG00000004007	ADAM408	10.42	0.0	0	-0.041	FATTY_ACID_METABOLISM
ENSG00000004008	ANAPC578	12.59	0.0	0	-0.5048	
ENSG00000004009	MRPS476	29.5	1.3033	1	0.6761	INFLAMMATORY_RESPONSE
ENSG00000004010	SUZ419	268.94	0.0	0	1.061	
ENSG00000004011	KMT2871	58.57	0.0	0	0.933	
ENSG00000004012	CACN767	278.23	0.0	0	1.0174	MRNA_SPLICING
ENSG00000004013	RPS395	13.64	0.0	0	-0.2973	HYPOXIA;NOTCH_SIGNALING
ENSG00000004014	DYNC247	44.79	0.0	0	-1.1049	
ENSG00000004015	TUBB748	44.73	0.0	0	1.6179	
ENSG00000004016	ZNF369	42.25	0.0	0	0.2366	DNA_REPAIR
ENSG00000004017	VPS603	168.26	0.0	0	1.0085	
ENSG00000004018	SUZ646	43.37	0.0	0	0.1309	CELL_CYCLE_G2M_CHECKPOINT
ENSG00000004019	CCNB72	8.37	0.0	0	-1.0686	
ENSG00000004020	TMEM878	22.95	0.0	0	0.2923	INTERFERON_GAMMA_RESPONSE;REACTIVE_OXYGEN_SPECIES
ENSG00000004021	MMP2	20.74	0.0	0	-0.6457	
ENSG00000004022	EZH804	14.86	0.0	0	-0.7582	
ENSG00000004023	SNX412	58.36	0.0	0	-0.1258	
ENSG00000004024	H2AF231	14.89	0.0	0	-1.5999	MRNA_SPLICING
ENSG00000004025	COPB151	70.8	0.0	0	-2.1456	CHOLESTEROL_HOMEOSTASIS;ANGIOGENESIS
ENSG00000004026	KIF197	21.11	0.0	0	1.0911	INTERFERON_GAMMA_RESPONSE
ENSG00000004027	KCN882	15.46	0.0	0	-0.3681	
ENSG00000004028	USP762	226.3	0.0	0	-0.4513	CHOLESTEROL_HOMEOSTASIS
ENSG00000004029	DDX80	13.74	0.0	0	0.686	EPITHELIAL_MESENCHYMAL_TRANSITION
ENSG00000004030	KMT2669	43.63	0.0	0	-0.0942	
ENSG00000004031	SPTB473	32.49	0.0	0	0.1861	
ENSG00000004032	VPS634	67.11	0.0	0	-0.5682	INFLAMMATORY_RESPONSE
ENSG00000004033	PRKC770	17.86	0.0	0	0.7111	CHOLESTEROL_HOMEOSTASIS
ENSG00000004034	MRPL569	65.19	0.0	0	-0.419	ANDROGEN_RESPONSE
ENSG00000004035	DUSP853	56.44	0.0	0	-0.447	WNT_BETA_CATENIN_SIGNALING;ESTROGEN_RESPONSE
ENSG00000004036	EZH481	24.76	0.0	0	0.6836	MRNA_SPLICING
ENSG00000004037	DHX292	88.64	0.0	0	0.987	
ENSG00000004038	ACTN727	136.72	0.0	0	-0.4107	
ENSG00000004039	SNX78	7.67	0.0	0	-0.019	REACTIVE_OXYGEN_SPECIES
ENSG00000004040	TCF7L2	50.62	0.0	0	0.6252	INTERFERON_ALPHA_RESPONSE
ENSG00000004041	UBE2828	1.0	0.0	0	0.2832	
ENSG00000004042	TET136	1.32	0.0	0	-0.1162	ANGIOGENESIS
ENSG00000004043	SNX27	2.96	0.0	0	0.1661	
ENSG00000004044	SNX873	62.67	0.0	0	1.1042	EXTRACELLULAR_MATRIX_ORGANIZATION
ENSG00000004045	TUBB88	453.16	0.0	0	-0.1062	CHOLESTEROL_HOMEOSTASIS
ENSG00000004046	PPP1R784	21.6	0.0	0	0.2094	ADIPOGENESIS
ENSG00000004047	DRD268	4.15	0.0	0	0.1105	PEROXISOME
ENSG00000004048	HTR630	36.12	0.0	0	1.2662	
ENSG00000004049	MRPL50	1.66	0.0	0	-0.8613	IL6_JAK_STAT3_SIGNALING;RIBOSOME_BIOGENESIS
ENSG00000004050	DDX416	31.54	0.0	0	-0.0505	
ENSG00000004051	SUZ132	11.62	0.0	0	0.1931	AUTOPHAGY
ENSG00000004052	TMEM229	6.65	0.0	0	1.184	HYPOXIA
ENSG00000004053	SNX605	148.24	0.0	0	-1.8255	
ENSG00000004054	EIF509	7.52	0.0	0	0.6283	
ENSG00000004055	ZNF758	17.64	0.0	0	0.1884	
ENSG00000004056	SMARC514	8.03	0.0	0	-1.3586	
ENSG00000004057	H2AF498	50.77	0.0	0	-1.3429	COAGULATION
ENSG00000004058	DYNC307	316.71	0.0	0	-0.1071	INTERFERON_ALPHA_RESPONSE;REACTIVE_OXYGEN_SPECIES
ENSG00000004059	VPS409	1.63	0.0	0	0.1147	
ENSG00000004060	MMP9	484.28	2.3172	1	-1.2408	GLYCOLYSIS
ENSG00000004061	DRD301	412.39	0.0	0	0.585	
ENSG00000004062	ID2	85.42	-2.0552	1	1.4335	REACTIVE_OXYGEN_SPECIES
ENSG00000004063	EZH589	32.07	0.0	0	0.7886	
ENSG00000004064	EZH173	146.71	0.0	0	-0.3534	
ENSG00000004065	DNMT415	4.99	0.0	0	0.5669	MAPK_SIGNALING
ENSG00000004066	HIST1H291	135.82	0.0	0	0.3052	ANGIOGENESIS
ENSG00000004067	SPTB713	56.54	0.0	0	-0.7917	SPERMATOGENESIS
ENSG00000004068	SKP896	4.62	0.0	0	0.8353	INTERFERON_ALPHA_RESPONSE
ENSG00000004069	ACTN637	456.86	0.0	0	-0.6032	ESTROGEN_RESPONSE
ENSG00000004070	ADRB334	248.63	0.0	0	0.4213	
ENSG00000004071	RNF567	134.0	0.0	0	-1.5123	IL6_JAK_STAT3_SIGNALING
ENSG00000004072	DNMT373	1.5	0.0	0	-0.8934	INTERFERON_ALPHA_RESPONSE
ENSG00000004073	RAB238	0.26	0.0	0	-0.0548	
ENSG00000004074	ARF635	381.78	0.0	0	1.4704	COAGULATION
ENSG00000004075	DRD178	2940.53	0.0	0	-0.2713	COMPLEMENT_CASCADE
ENSG00000004076	OR211	217.4	0.0	0	1.1117	ESTROGEN_RESPONSE
ENSG00000004077	RPL322	4.04	0.0	0	0.3738	
ENSG00000004078	MMP292	28.38	0.0	0	0.7227	HYPOXIA
ENSG00000004079	OR123	194.52	0.0	0	0.1803	EPITHELIAL_MESENCHYMAL_TRANSITION
ENSG00000004080	DDX814	105.13	0.0	0	0.2809	
ENSG00000004081	DUSP824	1.75	0.0	0	-0.0138	
ENSG00000004082	HDAC213	153.88	0.0	0	0.3983	
ENSG00000004083	PRKC13	86.84	0.0	0	1.657	
ENSG00000004084	TIMM560	228.59	0.0	0	-0.9156	
ENSG00000004085	OR897	9.4	0.0	0	0.2466	
ENSG00000004086	KRT261	4.66	0.0	0	-0.7372	
ENSG00000004087	RAB135	157.51	0.0	0	0.7343	
ENSG00000004088	PRKC610	1.23	0.0	0	0.2624	PROTEIN_SECRETION
ENSG00000004089	PRKC884	94.54	0.0	0	-0.0135	P53_SIGNALING;SPERMATOGENESIS
ENSG00000004090	CDK4	10.14	0.0	0	0.173	MYOGENESIS
ENSG00000004091	RPL59	130.66	0.0	0	-0.1368	
ENSG00000004092	ZNF387	6.45	0.0	0	0.2334	
ENSG00000004093	GNA174	99.9	0.0	0	0.3865	ANGIOGENESIS;MYC_TARGETS
ENSG00000004094	SKP187	17.18	0.0	0	-0.5852	SPERMATOGENESIS;PEROXISOME
ENSG00000004095	ATAD83	57.65	0.0	0	1.9398	P53_SIGNALING;COAGULATION
ENSG00000004096	KCN899	31.53	0.0	0	-2.0968	COAGULATION
ENSG00000004097	FBXO865	190.44	0.0	0	-0.2044	
ENSG00000004098	ANAPC364	2.83	0.0	0	-0.765	
ENSG00000004099	TMEM868	1007.57	0.0	0	1.5335	
ENSG00000004100	TLN200	23.69	0.0	0	1.1727	
ENSG00000004101	KCN294	17.09	0.0	0	0.293	CELL_CYCLE_G2M_CHECKPOINT;IL6_JAK_STAT3_SIGNALING
ENSG00000004102	TOMM47	23.0	0.0	0	-0.5638	
ENSG00000004103	HTR278	1.08	0.0	0	1.1472	PROTEIN_SECRETION
ENSG00000004104	RAB206	34.59	0.9312	1	1.2993	DNA_REPAIR
ENSG00000004105	MAPK404	50.48	0.0	0	-1.1681	
ENSG00000004106	MYO766	31.65	0.0	0	-0.3204	EPITHELIAL_MESENCHYMAL_TRANSITION;EXTRACELLULAR_MATRIX_ORGANIZATION;NOTCH_SIGNALING
ENSG00000004107	RPS222	39.55	0.0	0	0.4189	IL6_JAK_STAT3_SIGNALING;PROTEIN_SECRETION
ENSG00000004108	BIRC5	28.22	2.326	1	1.4256	
ENSG00000004109	GNA241	43.83	0.0	0	-1.0919	AUTOPHAGY
ENSG00000004110	MMP163	18.48	0.0	0	1.3476	
ENSG00000004111	OR505	85.14	0.0	0	-0.2233	MAPK_SIGNALING
ENSG00000004112	GRIN381	257.43	0.0	0	0.268	EXTRACELLULAR_MATRIX_ORGANIZATION
ENSG00000004113	ABC147	19.46	0.0	0	-0.2329	
ENSG00000004114	ABC71	0.21	0.0	0	-0.5342	
ENSG00000004115	SKP876	265.69	0.0	0	-1.285	HYPOXIA
ENSG00000004116	ADRB452	4.91	0.0	0	-0.1315	
ENSG00000004117	OR791	270.01	0.0	0	0.199	GLYCOLYSIS
ENSG00000004118	ANAPC821	41.47	0.0	0	-0.5733	DNA_REPAIR
ENSG00000004119	GABR69	10.82	0.0	0	-0.4113	RIBOSOME_BIOGENESIS
ENSG00000004120	DDX99	822.23	0.0	0	-0.0513	WNT_BETA_CATENIN_SIGNALING;PEROXISOME
ENSG00000004121	RAB811	127.64	0.0	0	0.2447	ANDROGEN_RESPONSE
ENSG00000004122	TOMM360	6.0	0.0	0	-0.3174	
ENSG00000004123	SCN367	397.79	0.0	0	0.3323	RIBOSOME_BIOGENESIS
ENSG00000004124	HTR188	45.44	0.0	0	1.6984	EPITHELIAL_MESENCHYMAL_TRANSITION;ESTROGEN_RESPONSE
ENSG00000004125	ANK181	8.1	0.0	0	-0.4328	TNFA_SIGNALING_VIA_NFKB;WNT_BETA_CATENIN_SIGNALING
ENSG00000004126	STAT5A	41.54	2.9393	1	-1.1133	TNFA_SIGNALING_VIA_NFKB;REACTIVE_OXYGEN_SPECIES
ENSG00000004127	H2AF715	40.42	0.0	0	-0.8374	
ENSG00000004128	CDC760	559.87	0.0	0	0.0133	
ENSG00000004129	ARF326	10.19	0.0	0	-0.7592	
ENSG00000004130	ANK604	71.55	0.0	0	-0.8794	ADIPOGENESIS
ENSG00000004131	SPTB487	10.27	0.0	0	-0.732	CHOLESTEROL_HOMEOSTASIS;PEROXISOME;PROTEIN_SECRETION
ENSG00000004132	PXN361	76.29	1.0127	1	0.4532	
ENSG00000004133	CHRM768	96.13	0.0	0	-2.3261	MYC_TARGETS
ENSG00000004134	SNX720	6.26	0.0	0	-0.9429	
ENSG00000004135	MMP811	5.98	0.0	0	0.5836	
ENSG00000004136	RHO495	32.62	0.0	0	-0.9638	ANDROGEN_RESPONSE
ENSG00000004137	KRT138	9.45	0.0	0	0.5759	
ENSG00000004138	SCN159	34.8	0.0	0	-0.8594	HEDGEHOG_SIGNALING
ENSG00000004139	DRD691	9.69	0.0	0	0.2366	IL6_JAK_STAT3_SIGNALING
ENSG00000004140	TMEM372	16.33	0.0	0	0.3449	
ENSG00000004141	TIMM246	542.07	0.0	0	-0.2893	
ENSG00000004142	GNA509	2.47	0.0	0	1.0506	ESTROGEN_RESPONSE
ENSG00000004143	SIRT106	16.63	0.0	0	0.5637	
ENSG00000004144	SUZ370	1029.85	0.0	0	-0.442	
ENSG00000004145	CHRM335	3.81	0.0	0	-0.0328	
ENSG00000004146	SMARC254	12.14	0.0	0	-1.5696	APOPTOSIS;PEROXISOME
ENSG00000004147	RPS35	21.19	0.0	0	-0.8584	FATTY_ACID_METABOLISM
ENSG00000004148	SNX292	128.47	0.0	0	-0.3023	MAPK_SIGNALING
ENSG00000004149	SCN529	6.81	0.0	0	-0.1092	
ENSG00000004150	RPS880	2.09	0.0	0	-0.1859	
ENSG00000004151	TRIM154	31.89	0.0	0	2.1728	ESTROGEN_RESPONSE
ENSG00000004152	MRPL443	0.43	0.0	0	0.6326	ESTROGEN_RESPONSE
ENSG00000004153	GRIN9	733.18	-1.411	1	-1.052	MAPK_SIGNALING
ENSG00000004154	CCNB633	24.28	0.0	0	-0.0916	EPITHELIAL_MESENCHYMAL_TRANSITION;XENOBIOTIC_METABOLISM
ENSG00000004155	DNMT198	15.97	0.0	0	-0.8648	CELL_CYCLE_G2M_CHECKPOINT
ENSG00000004156	TRIM839	5.98	0.0	0	-1.172	XENOBIOTIC_METABOLISM
ENSG00000004157	ANAPC735	2.54	0.0	0	0.2666	
ENSG00000004158	PPP2R781	57.31	0.0	0	0.1188	CHOLESTEROL_HOMEOSTASIS
ENSG00000004159	GABR865	1.98	0.0	0	-0.1885	EPITHELIAL_MESENCHYMAL_TRANSITION;SPERMATOGENESIS
ENSG00000004160	RNF366	114.42	0.0	0	-0.2517	EXTRACELLULAR_MATRIX_ORGANIZATION;ESTROGEN_RESPONSE
ENSG00000004161	TMEM367	13.72	0.0	0	0.3577	
ENSG00000004162	RNF322	20.32	0.0	0	-0.62	INTERFERON_GAMMA_RESPONSE
ENSG00000004163	SCN376	381.17	0.0	0	-0.6676	
ENSG00000004164	ZNF642	41.85	0.0	0	0.5662	
ENSG00000004165	DRD153	46.05	0.0	0	-0.5836	ANGIOGENESIS
ENSG00000004166	RPS646	351.25	0.0	0	0.2297	FATTY_ACID_METABOLISM
ENSG00000004167	TXN	163.46	0.0	0	0.3534	COMPLEMENT_CASCADE
ENSG00000004168	DHX642	170.14	0.0	0	0.837	GLYCOLYSIS;P53_SIGNALING
ENSG00000004169	MMP658	108.46	0.0	0	0.3552	FATTY_ACID_METABOLISM;INTERFERON_GAMMA_RESPONSE;RIBOSOME_BIOGENESIS
ENSG00000004170	ADRB206	15.3	0.0	0	-0.9515	ESTROGEN_RESPONSE
ENSG00000004171	HDAC220	625.27	0.0	0	0.4194	
ENSG00000004172	MYO440	11.63	0.0	0	0.8346	REACTIVE_OXYGEN_SPECIES
ENSG00000004173	SEC112	2.49	0.0	0	-1.5667	INTERFERON_GAMMA_RESPONSE
ENSG00000004174	RNF42	48.81	0.0	0	0.0977	
ENSG00000004175	TOMM262	52.2	0.0	0	-0.5548	DNA_REPAIR
ENSG00000004176	CCNB230	32.43	0.0	0	-0.1222	IL6_JAK_STAT3_SIGNALING
ENSG00000004177	HIST1H576	172.25	0.0	0	-0.3168	E2F_TARGETS
ENSG00000004178	OR255	3.68	0.0	0	-1.4525	INTERFERON_GAMMA_RESPONSE
ENSG00000004179	MAPK508	49.49	0.0	0	-0.5726	E2F_TARGETS
ENSG00000004180	HTR255	14.58	0.0	0	0.9066	COAGULATION
ENSG00000004181	PPP1R33	18.11	0.0	0	0.5656	HYPOXIA
ENSG00000004182	ANK768	55.93	0.0	0	-0.2792	CHOLESTEROL_HOMEOSTASIS
ENSG00000004183	MMP51	245.96	0.0	0	-0.0855	
ENSG00000004184	VPS95	134.34	0.0	0	-0.6053	
ENSG00000004185	RHO576	3.74	0.0	0	0.8156	FATTY_ACID_METABOLISM
ENSG00000004186	TRIM287	1332.18	0.0	0	0.1291	INTERFERON_ALPHA_RESPONSE
ENSG00000004187	PPP2R242	28.15	0.0	0	-0.3351	PI3K_AKT_MTOR_SIGNALING;ESTROGEN_RESPONSE
ENSG00000004188	TET887	29.45	0.0	0	-0.367	REACTIVE_OXYGEN_SPECIES
ENSG00000004189	RHO634	235.75	0.0	0	0.0651	PROTEIN_SECRETION
ENSG00000004190	TIMM639	154.41	0.0	0	-0.2184	HEDGEHOG_SIGNALING
ENSG00000004191	ARID747	2.37	0.0	0	0.6238	AUTOPHAGY;INTERFERON_GAMMA_RESPONSE
ENSG00000004192	DHX165	222.35	0.0	0	-0.5262	
ENSG00000004193	MYO331	354.07	0.0	0	0.8123	
ENSG00000004194	GABR308	33.35	0.0	0	-0.2545	
ENSG00000004195	KRT652	319.38	0.0	0	-0.4459	AUTOPHAGY;EXTRACELLULAR_MATRIX_ORGANIZATION
ENSG00000004196	TRIM752	7.42	0.0	0	0.516	WNT_BETA_CATENIN_SIGNALING;HEDGEHOG_SIGNALING
ENSG00000004197	H2AF710	144.76	0.0	0	0.5176	
ENSG00000004198	EIF824	13.29	0.0	0	-0.6626	NOTCH_SIGNALING
ENSG00000004199	SUZ873	12.41	0.0	0	0.2483	
ENSG00000004200	TMEM681	20.97	0.0	0	0.6751	
